sample_id,mode,encryption_algo,dh_group,pfs,ip_version,traffic_type,avg_packet_size_bytes,packet_rate_per_sec,session_duration_sec,burstiness_index,ike_handshake_time_ms,security_verdict,risk_score
TRN07941,Transport,AES-128,modp1536(5),On,IPv6,icmp,68.2,2.0,5.2,0.04,159.1,Medium,3.8
TRN01163,Transport,AES-128,modp1024(2),On,IPv6,voip,117.5,30.3,191.5,0.21,128.7,Weak,6.2
TRN00583,Tunnel,AES-192,modp1024(2),On,IPv4,web_browsing,320.0,6.0,10.1,0.69,131.1,Weak,8.4
TRN04082,Tunnel,3DES,modp1024(2),Off,IPv6,video_streaming,1146.9,53.9,610.1,0.58,175.5,Weak,8.9
TRN08413,Transport,AES-256,modp8192(21),On,IPv6,email,455.5,13.5,0.5,0.33,108.9,Strong,0.6
TRN08731,Tunnel,AES-256-GCM,modp2048(14),On,IPv6,video_streaming,1171.8,85.0,0.5,0.71,95.2,Strong,2.0
TRN05937,Transport,3DES,modp6144(17),Off,IPv6,file_transfer,1435.1,120.5,8.6,0.81,102.8,Medium,3.9
TRN08284,Tunnel,AES-128,modp6144(17),On,IPv4,email,680.8,6.5,21.8,0.2,150.7,Strong,1.3
TRN03707,Transport,3DES,modp8192(21),Off,IPv6,web_browsing,347.0,15.2,18.5,0.34,111.8,Medium,3.2
TRN04072,Transport,DES,modp1536(5),Off,IPv4,dns_query,69.7,3.7,1.3,0.12,152.6,Weak,9.3
TRN03754,Transport,3DES,modp2048(14),Off,IPv6,video_streaming,1299.4,75.8,594.3,0.57,154.3,Weak,7.8
TRN05488,Transport,AES-256,modp4096(16),Off,IPv4,icmp,70.3,2.0,7.4,0.04,142.3,Strong,1.3
TRN03654,Transport,DES,modp1536(5),Off,IPv4,whatsapp_msg,114.4,6.0,0.5,0.31,99.2,Weak,9.6
TRN06822,Transport,AES-128,modp1024(2),On,IPv4,web_browsing,400.2,15.8,30.1,0.89,209.9,Weak,9.1
TRN07638,Transport,3DES,modp768(1),Off,IPv4,email,619.9,7.5,22.6,0.23,130.1,Weak,8.8
TRN03465,Transport,AES-256-GCM,modp1024(2),On,IPv4,whatsapp_msg,116.1,7.0,0.5,0.29,106.1,Medium,5.7
TRN04668,Transport,AES-128,modp1024(2),Off,IPv6,icmp,64.7,1.6,2.6,0.04,95.9,Weak,9.3
TRN08305,Tunnel,AES-256-GCM,modp4096(16),On,IPv6,dns_query,111.7,3.4,4.4,0.07,195.8,Strong,0.4
TRN08852,Tunnel,AES-256,modp3072(15),On,IPv6,voip,139.1,45.3,0.5,0.19,117.2,Strong,1.9
TRN06378,Transport,DES,modp8192(21),Off,IPv6,email,602.5,9.2,0.5,0.17,157.7,Medium,4.6
TRN06477,Transport,AES-192,modp1024(2),Off,IPv4,email,750.2,10.3,4.9,0.26,178.5,Weak,7.0
TRN05139,Transport,AES-128,modp1536(5),Off,IPv6,video_streaming,1339.4,98.8,984.1,0.68,112.6,Weak,8.1
TRN07134,Transport,AES-256-GCM,modp8192(21),On,IPv6,web_browsing,441.5,21.0,0.5,0.3,193.4,Strong,2.0
TRN07061,Tunnel,3DES,modp4096(16),On,IPv4,video_streaming,1071.9,70.2,0.5,0.58,215.4,Medium,3.3
TRN05318,Tunnel,AES-128,modp4096(16),Off,IPv6,dns_query,80.0,2.3,0.5,0.11,174.7,Medium,4.8
TRN00268,Tunnel,3DES,modp4096(16),Off,IPv4,video_streaming,1231.3,87.9,1720.4,0.4,153.1,Medium,3.8
TRN07999,Tunnel,3DES,modp3072(15),On,IPv6,whatsapp_msg,167.1,4.2,0.5,0.2,252.5,Medium,3.7
TRN06050,Transport,AES-128,modp4096(16),On,IPv4,whatsapp_msg,40.0,8.3,0.5,0.17,163.7,Strong,2.0
TRN00094,Tunnel,AES-256,modp1536(5),On,IPv6,voip,137.8,34.0,0.5,0.28,84.0,Medium,5.9
TRN04491,Transport,AES-128,modp8192(21),Off,IPv6,file_transfer,1388.0,100.0,0.5,0.88,135.3,Strong,1.3
TRN00249,Tunnel,AES-256,modp1536(5),On,IPv6,email,508.2,3.5,3.8,0.28,242.3,Medium,6.8
TRN06046,Transport,AES-128,modp3072(15),On,IPv6,email,354.8,5.5,0.5,0.39,133.1,Medium,4.7
TRN01088,Tunnel,AES-256,modp1024(2),Off,IPv6,email,743.9,11.6,29.0,0.21,225.4,Medium,5.7
TRN01211,Tunnel,AES-256-GCM,modp3072(15),Off,IPv6,dns_query,62.2,2.2,0.5,0.09,117.2,Strong,0.5
TRN00748,Transport,3DES,modp6144(17),On,IPv4,file_transfer,1474.7,155.4,61.7,0.84,103.5,Medium,6.2
TRN00701,Transport,AES-256,modp768(1),On,IPv4,whatsapp_msg,259.8,5.3,0.5,0.28,99.0,Medium,6.7
TRN06788,Tunnel,3DES,modp768(1),Off,IPv4,icmp,78.3,2.2,0.5,0.07,157.0,Weak,7.9
TRN04192,Tunnel,AES-128,modp6144(17),Off,IPv6,whatsapp_msg,121.2,4.6,7.1,0.26,194.2,Strong,0.9
TRN02871,Tunnel,3DES,modp1024(2),Off,IPv6,voip,95.6,41.0,1082.9,0.21,148.5,Weak,8.3
TRN00669,Tunnel,DES,modp8192(21),Off,IPv6,voip,130.4,45.5,0.5,0.24,178.4,Medium,3.7
TRN01731,Transport,AES-256-GCM,modp768(1),Off,IPv6,email,689.0,9.3,9.4,0.24,134.0,Medium,4.8
TRN00319,Transport,AES-192,modp1536(5),Off,IPv6,whatsapp_msg,133.9,11.3,14.1,0.28,176.4,Medium,4.3
TRN01528,Tunnel,AES-128,modp1024(2),Off,IPv6,email,203.8,7.7,0.5,0.43,143.6,Weak,6.7
TRN00677,Tunnel,DES,modp3072(15),On,IPv6,whatsapp_msg,152.7,6.2,18.6,0.33,200.9,Medium,3.5
TRN06206,Tunnel,AES-256-GCM,modp8192(21),Off,IPv4,dns_query,58.8,3.4,0.5,0.07,10.0,Strong,2.2
TRN01929,Transport,AES-256,modp2048(14),On,IPv4,whatsapp_msg,89.1,6.1,0.5,0.26,163.6,Medium,4.0
TRN00648,Tunnel,3DES,modp2048(14),On,IPv4,email,525.8,6.4,25.1,0.32,154.2,Weak,7.5
TRN01993,Tunnel,AES-192,modp6144(17),On,IPv6,email,452.1,4.7,6.9,0.24,119.4,Strong,2.4
TRN00081,Tunnel,AES-256-GCM,modp1024(2),Off,IPv4,video_streaming,1133.3,85.9,0.5,0.66,63.9,Medium,3.7
TRN00767,Transport,DES,modp6144(17),On,IPv6,voip,139.1,44.9,0.5,0.2,47.3,Medium,3.9
TRN06322,Transport,DES,modp2048(14),On,IPv6,dns_query,52.5,4.5,2.9,0.11,150.6,Weak,9.7
TRN01643,Tunnel,DES,modp768(1),On,IPv6,email,775.0,6.2,0.5,0.33,152.2,Weak,7.3
TRN05793,Transport,AES-128,modp1536(5),On,IPv4,email,674.1,9.1,7.4,0.2,146.0,Weak,7.2
TRN06825,Transport,AES-256-GCM,modp2048(14),On,IPv4,voip,124.6,51.1,463.4,0.18,108.6,Strong,0.8
TRN03002,Tunnel,AES-192,modp6144(17),Off,IPv6,icmp,53.7,2.0,2.3,0.05,177.4,Strong,0.9
TRN04447,Transport,AES-256,modp1536(5),Off,IPv6,voip,109.0,33.2,40.0,0.26,124.5,Medium,3.9
TRN01878,Tunnel,AES-192,modp3072(15),On,IPv4,voip,108.5,36.8,0.5,0.23,188.4,Medium,3.4
TRN05594,Transport,AES-256,modp3072(15),On,IPv4,icmp,60.4,2.0,19.0,0.04,135.0,Strong,1.9
TRN08768,Transport,AES-128,modp6144(17),Off,IPv4,dns_query,90.8,3.4,0.5,0.12,126.1,Strong,1.9
TRN06190,Transport,AES-256-GCM,modp2048(14),Off,IPv6,voip,121.7,54.5,0.5,0.22,208.4,Strong,1.5
TRN07516,Tunnel,AES-256,modp8192(21),On,IPv6,email,585.9,11.7,17.6,0.19,111.3,Strong,1.9
TRN08408,Tunnel,3DES,modp3072(15),On,IPv6,video_streaming,1197.5,69.8,453.2,0.62,113.7,Weak,9.6
TRN05949,Tunnel,AES-128,modp2048(14),On,IPv4,email,621.6,7.2,0.5,0.27,207.0,Medium,5.6
TRN06518,Tunnel,AES-256,modp3072(15),On,IPv4,web_browsing,564.1,17.8,6.5,0.44,42.6,Strong,2.6
TRN01045,Transport,AES-256,modp1024(2),On,IPv4,web_browsing,391.8,14.4,0.5,0.46,165.5,Medium,4.9
TRN03781,Transport,3DES,modp1024(2),On,IPv4,voip,143.7,40.4,350.7,0.19,196.9,Weak,7.6
TRN07245,Transport,AES-256,modp2048(14),Off,IPv6,dns_query,82.1,2.0,0.5,0.1,180.3,Medium,6.0
TRN05759,Transport,AES-256-GCM,modp2048(14),Off,IPv6,whatsapp_msg,202.8,9.3,0.5,0.13,271.5,Medium,3.3
TRN05289,Transport,AES-256-GCM,modp768(1),On,IPv6,whatsapp_msg,110.5,2.9,15.3,0.16,159.5,Medium,6.4
TRN00519,Transport,3DES,modp2048(14),Off,IPv6,video_streaming,989.6,95.0,909.2,0.61,170.7,Weak,8.5
TRN07899,Tunnel,AES-192,modp1024(2),Off,IPv4,icmp,56.2,1.2,0.5,0.0,122.1,Weak,7.1
TRN02089,Tunnel,AES-128,modp6144(17),On,IPv4,video_streaming,1035.9,98.1,0.5,0.54,113.6,Strong,1.0
TRN08967,Transport,DES,modp2048(14),On,IPv6,video_streaming,1366.1,71.5,121.4,0.62,168.5,Weak,7.6
TRN00564,Transport,AES-256-GCM,modp768(1),Off,IPv4,whatsapp_msg,203.6,4.9,0.5,0.27,222.3,Medium,4.2
TRN07318,Transport,AES-256-GCM,modp1536(5),On,IPv6,icmp,77.7,1.9,0.5,0.02,152.1,Medium,6.2
TRN01845,Transport,DES,modp2048(14),Off,IPv4,file_transfer,1463.7,126.0,0.5,0.88,230.6,Weak,8.1
TRN01181,Tunnel,AES-256,modp1024(2),On,IPv4,web_browsing,610.2,12.2,0.5,0.54,174.0,Medium,4.7
TRN01748,Tunnel,DES,modp768(1),Off,IPv4,voip,113.9,42.4,0.5,0.27,117.4,Weak,9.6
TRN05203,Tunnel,AES-192,modp6144(17),Off,IPv4,icmp,61.3,1.7,0.5,0.06,131.1,Strong,1.5
TRN02684,Transport,DES,modp768(1),On,IPv6,email,638.1,6.6,0.5,0.35,145.0,Weak,7.9
TRN01373,Tunnel,AES-192,modp768(1),Off,IPv6,email,752.8,8.2,5.7,0.47,155.7,Weak,9.5
TRN03947,Transport,AES-192,modp1024(2),On,IPv6,email,837.1,6.8,36.1,0.34,154.0,Medium,4.6
TRN02261,Tunnel,DES,modp3072(15),Off,IPv6,web_browsing,366.2,7.7,42.4,0.64,195.2,Weak,7.3
TRN00625,Transport,AES-128,modp4096(16),Off,IPv4,file_transfer,1431.7,94.1,0.5,0.74,110.6,Medium,5.1
TRN05852,Tunnel,AES-256-GCM,modp1024(2),On,IPv4,dns_query,77.9,1.9,0.5,0.11,91.7,Medium,5.3
TRN00764,Tunnel,AES-192,modp4096(16),Off,IPv4,file_transfer,1419.5,105.5,14.5,0.69,104.1,Strong,2.1
TRN08157,Transport,3DES,modp4096(16),Off,IPv6,dns_query,68.6,2.5,2.9,0.11,83.8,Medium,4.9
TRN06931,Tunnel,AES-192,modp2048(14),Off,IPv4,icmp,71.4,1.0,0.5,0.03,60.2,Medium,5.2
TRN08734,Tunnel,AES-256,modp1536(5),Off,IPv4,icmp,59.7,2.1,0.5,0.02,92.2,Medium,4.0
TRN01700,Tunnel,AES-128,modp6144(17),On,IPv4,dns_query,115.9,4.5,3.1,0.08,158.1,Strong,2.0
TRN00316,Tunnel,DES,modp2048(14),Off,IPv4,web_browsing,445.3,8.5,0.5,0.47,198.4,Weak,7.2
TRN07341,Transport,AES-256,modp3072(15),On,IPv4,email,278.8,4.7,0.5,0.32,168.1,Strong,1.3
TRN01570,Transport,AES-128,modp1024(2),Off,IPv4,file_transfer,1427.6,118.1,0.5,0.9,201.4,Weak,9.1
TRN07195,Tunnel,AES-192,modp4096(16),On,IPv6,video_streaming,1261.4,100.2,0.5,0.69,180.7,Strong,0.7
TRN06396,Tunnel,DES,modp2048(14),On,IPv4,dns_query,102.9,2.3,0.6,0.11,59.6,Weak,6.0
TRN04148,Transport,AES-128,modp6144(17),Off,IPv6,dns_query,81.0,3.5,0.8,0.16,163.3,Strong,1.9
TRN01963,Tunnel,AES-192,modp1024(2),On,IPv6,email,701.5,13.5,25.8,0.42,83.6,Medium,4.9
TRN06251,Tunnel,AES-256-GCM,modp8192(21),Off,IPv6,icmp,83.0,1.3,0.5,0.04,158.7,Strong,0.9
TRN00624,Transport,AES-192,modp768(1),Off,IPv4,video_streaming,1176.8,87.2,0.5,0.78,179.4,Weak,9.1
TRN00765,Transport,3DES,modp1024(2),On,IPv4,video_streaming,1148.0,83.1,261.6,0.69,144.7,Weak,6.6
TRN01650,Transport,AES-256-GCM,modp768(1),Off,IPv6,dns_query,102.4,4.2,0.5,0.08,150.1,Weak,6.8
TRN04221,Transport,AES-192,modp768(1),Off,IPv6,whatsapp_msg,135.4,5.3,1.1,0.23,121.1,Weak,9.9
TRN04708,Tunnel,AES-192,modp768(1),Off,IPv4,icmp,59.3,2.0,9.4,0.03,130.4,Weak,6.8
TRN07447,Transport,3DES,modp768(1),On,IPv4,icmp,70.0,2.4,10.0,0.05,189.9,Weak,9.9
TRN02555,Tunnel,AES-256,modp1536(5),Off,IPv6,email,755.8,4.0,15.6,0.27,204.4,Medium,5.1
TRN07696,Transport,AES-256,modp768(1),On,IPv6,video_streaming,1213.0,110.0,0.5,0.65,257.6,Weak,8.3
TRN06900,Tunnel,AES-128,modp4096(16),On,IPv4,dns_query,78.1,2.0,3.7,0.08,141.8,Strong,1.6
TRN06658,Transport,AES-256,modp4096(16),On,IPv4,whatsapp_msg,102.7,6.5,0.5,0.34,252.3,Strong,0.6
TRN05522,Tunnel,AES-256-GCM,modp1024(2),On,IPv4,web_browsing,264.5,12.3,14.2,0.47,149.0,Medium,5.5
TRN07975,Transport,AES-256-GCM,modp6144(17),Off,IPv6,video_streaming,1225.1,80.7,1013.4,0.67,127.8,Strong,0.9
TRN02466,Tunnel,AES-256,modp1024(2),On,IPv4,icmp,56.1,2.6,0.5,0.07,238.5,Medium,4.6
TRN07781,Transport,AES-256,modp3072(15),On,IPv6,web_browsing,516.6,9.2,0.5,0.7,121.7,Strong,0.9
TRN00089,Transport,3DES,modp2048(14),On,IPv4,icmp,50.0,1.7,1.5,0.09,184.3,Weak,7.6
TRN01721,Tunnel,AES-128,modp1024(2),On,IPv4,whatsapp_msg,133.1,8.5,13.8,0.19,172.3,Weak,7.1
TRN06004,Transport,3DES,modp8192(21),Off,IPv6,email,840.3,9.3,0.5,0.26,141.9,Medium,5.1
TRN06795,Tunnel,DES,modp1536(5),On,IPv6,icmp,74.8,2.5,7.8,0.06,206.8,Weak,6.6
TRN00621,Transport,AES-256-GCM,modp1536(5),Off,IPv4,icmp,53.2,1.9,0.5,0.04,197.0,Medium,5.7
TRN00941,Transport,DES,modp1024(2),Off,IPv4,file_transfer,1419.2,138.0,0.5,0.77,126.1,Weak,9.4
TRN07196,Transport,3DES,modp3072(15),Off,IPv6,voip,126.1,47.6,170.3,0.22,84.9,Medium,4.3
TRN05210,Tunnel,AES-192,modp1024(2),On,IPv6,dns_query,74.6,5.6,1.5,0.07,172.4,Medium,4.2
TRN08455,Tunnel,AES-256-GCM,modp1024(2),Off,IPv6,voip,113.2,39.3,212.7,0.23,165.2,Medium,4.9
TRN01781,Transport,AES-256-GCM,modp1536(5),On,IPv6,icmp,72.5,2.3,0.5,0.06,139.3,Medium,5.2
TRN03693,Tunnel,DES,modp8192(21),On,IPv6,web_browsing,138.6,19.3,0.5,0.57,230.8,Medium,6.2
TRN04957,Transport,AES-192,modp1024(2),On,IPv6,email,618.4,7.5,0.5,0.32,180.5,Medium,6.2
TRN05853,Transport,AES-256-GCM,modp8192(21),On,IPv6,web_browsing,436.5,22.1,0.5,0.51,152.5,Strong,3.0
TRN06081,Transport,AES-192,modp4096(16),Off,IPv4,file_transfer,1298.2,135.6,0.5,0.67,194.6,Strong,1.4
TRN02848,Transport,AES-192,modp768(1),Off,IPv4,file_transfer,1289.8,132.8,0.5,0.62,177.4,Weak,8.7
TRN00170,Tunnel,AES-256-GCM,modp3072(15),Off,IPv6,voip,122.5,44.0,354.5,0.22,175.3,Strong,0.3
TRN04205,Transport,AES-192,modp8192(21),Off,IPv4,icmp,69.1,2.4,0.5,0.01,124.9,Strong,2.1
TRN02214,Tunnel,AES-192,modp6144(17),Off,IPv6,web_browsing,378.3,16.8,4.0,0.42,138.7,Strong,2.0
TRN03126,Transport,AES-128,modp1536(5),Off,IPv6,dns_query,72.6,4.1,0.5,0.06,174.7,Weak,8.8
TRN04588,Tunnel,AES-128,modp2048(14),On,IPv4,whatsapp_msg,138.6,5.4,7.8,0.21,130.4,Medium,3.4
TRN00587,Transport,DES,modp1536(5),On,IPv6,video_streaming,1060.3,83.7,372.9,0.57,147.9,Weak,7.6
TRN08565,Tunnel,3DES,modp2048(14),Off,IPv6,web_browsing,224.9,21.5,0.5,0.28,187.6,Weak,7.2
TRN04152,Tunnel,AES-192,modp3072(15),On,IPv6,web_browsing,520.7,18.5,3.5,0.39,159.3,Strong,1.6
TRN04681,Transport,DES,modp1536(5),Off,IPv6,web_browsing,479.1,17.9,55.3,0.66,180.8,Weak,8.1
TRN04765,Transport,3DES,modp2048(14),Off,IPv6,file_transfer,1401.0,111.7,0.5,0.8,89.2,Weak,8.4
TRN08933,Transport,3DES,modp4096(16),On,IPv4,dns_query,43.5,3.3,4.7,0.1,154.4,Medium,5.7
TRN04609,Transport,AES-256-GCM,modp2048(14),Off,IPv6,video_streaming,1013.2,105.3,365.8,0.57,171.2,Medium,5.1
TRN01058,Transport,DES,modp6144(17),On,IPv4,icmp,64.6,1.8,0.5,0.05,28.5,Medium,6.7
TRN06454,Transport,AES-128,modp1024(2),Off,IPv6,email,785.3,8.2,0.5,0.43,142.0,Weak,9.7
TRN06063,Tunnel,AES-128,modp8192(21),On,IPv4,email,586.1,7.7,0.5,0.16,166.3,Strong,2.1
TRN06627,Transport,AES-192,modp1536(5),Off,IPv6,voip,97.7,34.4,0.5,0.27,168.7,Weak,6.1
TRN08160,Transport,AES-256-GCM,modp4096(16),Off,IPv6,web_browsing,287.2,19.3,16.3,0.62,110.8,Strong,0.9
TRN00096,Transport,AES-256,modp1536(5),On,IPv6,whatsapp_msg,161.4,3.9,0.5,0.12,173.4,Medium,5.7
TRN07231,Transport,AES-256-GCM,modp4096(16),On,IPv4,web_browsing,268.9,12.7,9.4,0.62,204.9,Strong,1.6
TRN08733,Tunnel,AES-128,modp3072(15),Off,IPv6,email,564.7,8.6,0.5,0.26,179.8,Medium,3.4
TRN02945,Tunnel,AES-256-GCM,modp768(1),Off,IPv4,file_transfer,1384.6,96.0,0.5,0.86,149.3,Medium,5.2
TRN03088,Transport,AES-256-GCM,modp1536(5),On,IPv6,file_transfer,1387.7,69.9,113.8,0.92,116.3,Medium,4.5
TRN06792,Tunnel,AES-256-GCM,modp4096(16),On,IPv6,voip,141.6,31.8,88.5,0.2,161.9,Strong,1.3
TRN01618,Tunnel,AES-256,modp3072(15),Off,IPv6,file_transfer,1387.4,118.6,0.5,0.87,71.3,Strong,2.4
TRN07721,Transport,AES-256,modp3072(15),Off,IPv6,file_transfer,1395.7,117.2,14.3,0.56,134.6,Strong,1.6
TRN03699,Transport,AES-256-GCM,modp2048(14),Off,IPv6,voip,125.7,41.7,95.8,0.22,206.9,Strong,1.2
TRN08557,Tunnel,AES-128,modp1024(2),On,IPv6,whatsapp_msg,159.3,5.6,1.9,0.25,71.9,Weak,8.4
TRN01077,Tunnel,DES,modp1024(2),Off,IPv4,whatsapp_msg,185.8,10.9,12.6,0.33,164.0,Weak,6.9
TRN06021,Transport,AES-256,modp1536(5),Off,IPv4,video_streaming,1205.6,83.1,928.2,0.59,116.7,Medium,4.4
TRN07026,Tunnel,AES-128,modp1536(5),Off,IPv4,web_browsing,378.8,4.8,17.2,0.76,187.1,Weak,7.5
TRN07907,Transport,AES-192,modp8192(21),On,IPv6,file_transfer,1394.2,95.8,115.6,0.7,105.3,Strong,1.2
TRN03086,Tunnel,AES-192,modp768(1),On,IPv6,video_streaming,964.5,108.7,0.5,0.74,152.8,Weak,9.3
TRN01091,Transport,AES-128,modp3072(15),Off,IPv6,file_transfer,1433.0,116.8,0.5,0.78,133.8,Medium,5.4
TRN02725,Tunnel,AES-256-GCM,modp6144(17),Off,IPv4,video_streaming,1222.0,105.6,0.5,0.28,101.7,Strong,1.0
TRN00361,Transport,AES-256-GCM,modp1536(5),On,IPv6,file_transfer,1405.0,93.2,241.3,0.78,108.3,Medium,4.4
TRN08726,Tunnel,3DES,modp3072(15),On,IPv6,email,508.9,7.8,0.5,0.08,176.7,Medium,6.7
TRN00568,Transport,AES-256-GCM,modp4096(16),Off,IPv4,icmp,56.3,2.3,31.2,0.04,200.4,Strong,1.5
TRN01143,Tunnel,AES-256,modp3072(15),On,IPv4,dns_query,75.0,2.6,1.0,0.08,188.8,Strong,1.3
TRN01023,Tunnel,AES-256,modp1024(2),Off,IPv6,dns_query,83.0,2.0,0.5,0.09,111.6,Medium,5.0
TRN00448,Tunnel,AES-256,modp2048(14),On,IPv4,dns_query,82.5,4.1,1.9,0.11,91.5,Medium,5.2
TRN03835,Transport,AES-128,modp4096(16),Off,IPv4,icmp,55.1,2.2,8.9,0.04,221.5,Medium,5.5
TRN03442,Tunnel,AES-192,modp4096(16),On,IPv4,voip,150.3,34.3,0.5,0.19,165.6,Strong,0.7
TRN07499,Transport,DES,modp1536(5),On,IPv6,email,270.0,2.6,0.5,0.23,219.3,Weak,7.1
TRN08373,Transport,AES-256,modp1024(2),Off,IPv4,voip,147.8,39.5,31.7,0.23,61.2,Weak,8.1
TRN07658,Tunnel,DES,modp6144(17),Off,IPv4,voip,127.0,50.9,0.5,0.19,234.0,Medium,4.2
TRN01923,Tunnel,DES,modp1536(5),On,IPv4,email,497.0,6.3,0.5,0.27,198.9,Weak,7.7
TRN06934,Transport,AES-128,modp768(1),On,IPv4,file_transfer,1456.0,127.0,83.4,0.77,130.6,Weak,8.1
TRN02860,Tunnel,AES-128,modp1024(2),Off,IPv4,web_browsing,311.1,14.3,18.8,0.48,165.0,Weak,7.1
TRN05941,Transport,AES-256,modp1536(5),On,IPv4,file_transfer,1405.8,98.9,0.5,0.81,114.9,Medium,5.5
TRN01722,Tunnel,3DES,modp1024(2),Off,IPv4,video_streaming,1489.1,99.2,577.9,0.6,178.4,Weak,9.5
TRN04326,Tunnel,AES-128,modp1024(2),On,IPv6,file_transfer,1354.5,121.5,5.4,0.8,160.3,Weak,7.2
TRN08232,Tunnel,AES-192,modp8192(21),On,IPv4,whatsapp_msg,118.8,5.8,1.3,0.13,109.5,Strong,0.7
TRN00213,Tunnel,AES-256,modp768(1),Off,IPv4,video_streaming,825.0,93.5,1210.0,0.56,140.0,Weak,8.4
TRN03972,Tunnel,3DES,modp768(1),Off,IPv6,file_transfer,1419.9,129.0,0.5,0.97,129.9,Weak,9.2
TRN05468,Tunnel,AES-192,modp4096(16),On,IPv4,web_browsing,339.0,25.4,0.5,0.3,160.8,Strong,2.0
TRN04481,Transport,3DES,modp1536(5),Off,IPv6,email,585.1,6.8,9.0,0.26,169.0,Weak,7.6
TRN01154,Transport,AES-192,modp4096(16),On,IPv6,icmp,73.2,2.0,0.5,0.07,139.6,Strong,3.2
TRN02621,Transport,AES-256,modp8192(21),On,IPv4,video_streaming,1375.4,99.4,0.5,0.54,109.0,Strong,1.0
TRN05214,Tunnel,AES-192,modp3072(15),Off,IPv6,web_browsing,257.3,25.8,14.5,0.64,172.1,Medium,5.1
TRN03261,Tunnel,AES-256-GCM,modp768(1),Off,IPv4,web_browsing,431.0,16.2,0.5,0.55,152.3,Weak,7.7
TRN03012,Transport,AES-256,modp768(1),Off,IPv6,dns_query,96.9,3.6,2.4,0.09,184.9,Weak,6.5
TRN05226,Transport,AES-128,modp1536(5),On,IPv6,voip,105.1,44.8,0.5,0.2,169.7,Medium,2.5
TRN08187,Tunnel,DES,modp1536(5),Off,IPv4,web_browsing,378.3,14.7,5.2,0.57,81.2,Weak,8.4
TRN01571,Tunnel,DES,modp1024(2),Off,IPv4,email,513.0,10.5,5.0,0.38,201.9,Weak,9.5
TRN02355,Transport,AES-128,modp6144(17),On,IPv6,whatsapp_msg,183.6,8.4,2.4,0.04,124.4,Strong,1.2
TRN07390,Tunnel,AES-256,modp768(1),Off,IPv4,file_transfer,1466.8,127.8,21.2,0.81,100.7,Weak,7.4
TRN07065,Tunnel,AES-256,modp1024(2),On,IPv6,voip,93.6,40.8,679.5,0.27,170.0,Medium,4.9
TRN04304,Tunnel,AES-256-GCM,modp1536(5),On,IPv4,email,526.5,9.7,0.5,0.28,105.4,Medium,5.6
TRN02165,Tunnel,AES-256,modp4096(16),Off,IPv4,voip,143.3,45.1,158.4,0.22,141.8,Strong,0.9
TRN01596,Transport,AES-192,modp4096(16),On,IPv4,whatsapp_msg,125.5,10.2,14.2,0.2,116.2,Strong,1.9
TRN05548,Transport,AES-192,modp1024(2),On,IPv4,icmp,65.0,2.4,0.5,0.05,99.7,Weak,8.8
TRN00737,Transport,3DES,modp2048(14),On,IPv6,email,430.1,9.4,5.4,0.54,107.3,Weak,7.3
TRN04354,Transport,AES-256-GCM,modp3072(15),Off,IPv6,web_browsing,449.0,15.0,0.5,0.74,172.1,Strong,2.4
TRN06635,Transport,AES-128,modp1024(2),Off,IPv4,dns_query,65.7,1.7,4.6,0.09,179.9,Weak,9.4
TRN03398,Transport,AES-256-GCM,modp1536(5),Off,IPv6,whatsapp_msg,145.6,10.3,0.5,0.15,118.6,Medium,6.4
TRN07865,Transport,AES-256,modp6144(17),Off,IPv6,whatsapp_msg,201.9,3.8,3.4,0.28,154.9,Strong,1.3
TRN06052,Tunnel,AES-128,modp8192(21),On,IPv4,dns_query,89.1,3.3,1.4,0.1,114.4,Strong,1.8
TRN04961,Transport,DES,modp6144(17),Off,IPv4,voip,159.6,50.6,0.5,0.23,181.6,Medium,3.6
TRN08073,Tunnel,AES-192,modp4096(16),Off,IPv4,web_browsing,419.7,14.4,0.5,0.83,130.6,Medium,4.3
TRN04270,Transport,DES,modp3072(15),Off,IPv4,web_browsing,418.8,11.6,0.5,0.74,116.2,Weak,7.4
TRN08746,Transport,DES,modp768(1),Off,IPv6,email,351.3,6.4,0.5,0.26,197.6,Weak,8.2
TRN08994,Tunnel,AES-256-GCM,modp6144(17),Off,IPv6,web_browsing,267.7,12.5,19.1,0.63,175.9,Strong,0.3
TRN05782,Transport,DES,modp768(1),Off,IPv4,whatsapp_msg,163.8,6.0,0.5,0.16,165.2,Weak,7.8
TRN03843,Transport,3DES,modp6144(17),Off,IPv4,voip,141.8,50.5,246.6,0.13,154.9,Medium,6.4
TRN06139,Transport,3DES,modp2048(14),On,IPv4,file_transfer,1442.8,119.1,46.1,0.82,135.6,Medium,3.1
TRN02719,Tunnel,AES-128,modp4096(16),Off,IPv4,file_transfer,1397.9,131.1,0.5,0.93,159.3,Medium,4.7
TRN01053,Tunnel,AES-192,modp3072(15),Off,IPv4,whatsapp_msg,147.4,4.6,12.5,0.29,141.5,Medium,4.1
TRN05322,Transport,AES-256-GCM,modp4096(16),On,IPv6,file_transfer,1423.1,142.4,204.6,0.76,181.8,Strong,1.2
TRN03239,Transport,AES-256-GCM,modp768(1),Off,IPv6,dns_query,101.2,3.1,1.0,0.13,167.2,Weak,8.3
TRN03775,Tunnel,3DES,modp8192(21),On,IPv6,icmp,63.4,1.6,4.9,0.05,138.7,Strong,2.1
TRN03446,Tunnel,AES-128,modp768(1),Off,IPv6,video_streaming,1137.5,66.9,0.5,0.62,121.7,Weak,8.6
TRN08369,Tunnel,AES-192,modp1536(5),Off,IPv4,voip,109.8,41.3,0.5,0.22,99.4,Medium,5.4
TRN00512,Transport,AES-256,modp768(1),On,IPv6,web_browsing,568.5,14.0,4.2,0.89,166.3,Medium,3.5
TRN01447,Tunnel,AES-192,modp6144(17),On,IPv6,file_transfer,1458.5,114.2,213.2,0.7,79.5,Strong,2.0
TRN07660,Tunnel,AES-128,modp8192(21),Off,IPv6,file_transfer,1339.5,123.2,252.0,0.81,191.8,Strong,1.3
TRN01323,Transport,AES-256,modp8192(21),Off,IPv6,whatsapp_msg,196.1,7.4,0.5,0.26,92.5,Strong,1.3
TRN00880,Transport,AES-256-GCM,modp2048(14),Off,IPv4,web_browsing,399.5,13.7,21.4,0.44,131.6,Strong,2.0
TRN05917,Transport,DES,modp4096(16),On,IPv4,whatsapp_msg,89.2,8.1,0.5,0.26,118.5,Medium,5.8
TRN04032,Transport,AES-192,modp1536(5),Off,IPv6,whatsapp_msg,143.6,8.6,0.5,0.36,134.8,Medium,5.0
TRN06410,Transport,AES-128,modp4096(16),On,IPv6,voip,108.7,55.0,138.2,0.23,102.6,Strong,2.0
TRN08520,Tunnel,AES-256-GCM,modp3072(15),Off,IPv4,whatsapp_msg,178.6,7.4,0.5,0.3,207.7,Strong,3.4
TRN01184,Tunnel,DES,modp3072(15),Off,IPv6,web_browsing,386.2,18.8,24.0,0.35,149.7,Weak,6.4
TRN08631,Tunnel,AES-128,modp1024(2),Off,IPv6,dns_query,86.0,1.6,0.5,0.04,95.4,Weak,7.5
TRN00322,Transport,AES-192,modp2048(14),On,IPv4,web_browsing,583.1,13.2,0.5,0.44,158.1,Medium,2.5
TRN02578,Tunnel,AES-256-GCM,modp1024(2),Off,IPv6,video_streaming,1290.6,91.1,4.4,0.53,116.0,Medium,5.1
TRN02037,Transport,AES-256,modp1024(2),Off,IPv4,voip,82.4,34.0,0.5,0.23,41.0,Medium,3.6
TRN01804,Tunnel,3DES,modp1536(5),On,IPv4,file_transfer,1388.9,118.9,0.5,0.55,136.2,Weak,8.8
TRN08287,Transport,DES,modp3072(15),On,IPv4,file_transfer,1355.2,145.8,194.9,0.83,157.5,Medium,4.1
TRN02267,Tunnel,AES-192,modp3072(15),Off,IPv6,video_streaming,1148.2,94.3,418.0,0.5,191.2,Medium,4.6
TRN03520,Transport,AES-128,modp6144(17),Off,IPv6,file_transfer,1428.8,84.7,0.5,0.85,160.2,Strong,0.3
TRN04068,Transport,3DES,modp4096(16),Off,IPv4,web_browsing,257.5,11.6,41.5,0.54,98.9,Medium,5.8
TRN04013,Tunnel,3DES,modp1024(2),On,IPv6,whatsapp_msg,120.8,7.6,0.5,0.3,96.6,Weak,8.0
TRN01340,Tunnel,AES-128,modp3072(15),Off,IPv4,file_transfer,1368.3,94.5,0.5,0.7,196.0,Medium,3.7
TRN07918,Transport,AES-256-GCM,modp2048(14),Off,IPv6,file_transfer,1365.4,107.3,150.1,0.81,119.0,Medium,3.3
TRN04924,Tunnel,3DES,modp4096(16),On,IPv4,email,530.2,14.2,13.2,0.39,252.1,Medium,4.9
TRN08492,Tunnel,AES-192,modp1024(2),Off,IPv6,email,314.7,7.5,0.5,0.38,115.8,Weak,7.7
TRN03384,Transport,AES-192,modp4096(16),On,IPv4,whatsapp_msg,155.9,8.3,0.5,0.21,97.4,Strong,1.8
TRN07513,Transport,DES,modp2048(14),Off,IPv6,dns_query,85.4,3.9,2.8,0.11,148.3,Weak,9.8
TRN00240,Tunnel,AES-256-GCM,modp768(1),On,IPv6,icmp,55.1,2.2,5.6,0.05,158.2,Medium,4.8
TRN03406,Tunnel,AES-128,modp6144(17),Off,IPv4,file_transfer,1389.7,98.5,243.9,0.8,135.0,Strong,1.5
TRN03460,Tunnel,DES,modp8192(21),Off,IPv4,whatsapp_msg,134.9,5.5,0.5,0.21,126.3,Medium,6.2
TRN04100,Transport,AES-128,modp1024(2),Off,IPv4,dns_query,108.1,3.4,1.6,0.1,140.9,Weak,10.0
TRN02437,Transport,3DES,modp4096(16),On,IPv6,video_streaming,1028.1,93.3,91.4,0.62,215.3,Medium,5.2
TRN00223,Transport,AES-256,modp3072(15),On,IPv4,file_transfer,1366.5,108.9,139.9,0.85,135.2,Strong,0.4
TRN00108,Tunnel,DES,modp6144(17),On,IPv6,voip,113.0,43.4,0.5,0.18,183.2,Medium,5.3
TRN04594,Tunnel,AES-128,modp1024(2),Off,IPv4,file_transfer,1427.9,107.6,21.4,0.82,131.3,Weak,10.0
TRN08374,Transport,AES-256-GCM,modp768(1),Off,IPv4,whatsapp_msg,196.1,5.3,0.5,0.08,173.6,Weak,6.5
TRN02509,Transport,DES,modp3072(15),Off,IPv6,email,476.4,9.2,0.5,0.32,122.0,Weak,7.1
TRN02535,Transport,AES-192,modp1024(2),On,IPv4,file_transfer,1450.6,145.8,431.5,0.75,45.0,Medium,5.4
TRN07956,Tunnel,AES-256,modp6144(17),Off,IPv6,file_transfer,1373.3,151.1,0.5,0.73,178.9,Strong,1.5
TRN05462,Transport,3DES,modp2048(14),On,IPv6,video_streaming,1277.0,79.4,996.9,0.62,186.3,Weak,8.7
TRN00132,Transport,AES-128,modp6144(17),Off,IPv6,file_transfer,1353.7,111.9,0.5,0.77,189.5,Medium,3.1
TRN05867,Transport,3DES,modp4096(16),On,IPv4,file_transfer,1326.4,105.7,247.7,0.83,178.2,Medium,3.7
TRN02485,Transport,AES-192,modp8192(21),On,IPv4,icmp,57.3,1.4,0.5,0.05,163.7,Strong,1.3
TRN07200,Transport,AES-256,modp768(1),Off,IPv6,email,496.7,5.9,26.3,0.17,128.6,Weak,8.9
TRN07274,Transport,AES-256-GCM,modp1536(5),Off,IPv4,web_browsing,367.5,11.6,29.8,0.49,95.3,Medium,4.1
TRN03101,Transport,AES-128,modp4096(16),Off,IPv6,video_streaming,1127.9,80.5,0.5,0.58,104.2,Medium,4.7
TRN02729,Transport,AES-256,modp4096(16),Off,IPv4,voip,168.1,53.2,0.5,0.29,158.3,Strong,2.1
TRN06817,Transport,AES-128,modp3072(15),Off,IPv6,email,397.5,7.4,28.4,0.41,184.3,Medium,6.0
TRN02664,Transport,AES-256,modp6144(17),On,IPv6,voip,157.1,53.9,257.3,0.21,105.7,Strong,1.9
TRN04517,Tunnel,AES-256,modp3072(15),On,IPv4,voip,119.6,41.9,25.3,0.24,119.6,Strong,1.1
TRN06490,Tunnel,AES-256-GCM,modp3072(15),Off,IPv6,dns_query,77.7,1.7,2.5,0.11,127.9,Strong,1.6
TRN00734,Transport,AES-256-GCM,modp8192(21),On,IPv6,dns_query,49.0,1.1,0.5,0.06,83.9,Strong,0.7
TRN06066,Tunnel,AES-128,modp3072(15),Off,IPv6,icmp,64.8,2.0,7.0,0.07,183.5,Medium,4.3
TRN02639,Transport,3DES,modp8192(21),Off,IPv6,email,803.7,9.3,0.5,0.24,143.4,Medium,4.3
TRN02861,Tunnel,DES,modp2048(14),Off,IPv4,file_transfer,1475.8,137.1,152.7,0.87,195.0,Weak,8.7
TRN06968,Tunnel,3DES,modp4096(16),On,IPv4,voip,123.1,44.4,292.3,0.27,248.4,Medium,5.9
TRN01729,Transport,3DES,modp4096(16),On,IPv4,web_browsing,551.0,20.1,0.5,0.4,119.6,Medium,5.1
TRN05939,Transport,AES-192,modp4096(16),Off,IPv6,email,529.0,12.3,0.5,0.35,176.9,Medium,5.2
TRN06365,Transport,3DES,modp1024(2),Off,IPv6,whatsapp_msg,122.4,2.5,4.4,0.11,183.4,Weak,9.0
TRN08086,Transport,AES-128,modp6144(17),On,IPv6,video_streaming,1268.8,111.7,834.3,0.43,196.5,Strong,1.2
TRN03004,Tunnel,3DES,modp3072(15),Off,IPv6,dns_query,79.5,3.8,0.5,0.11,110.5,Weak,8.4
TRN05791,Tunnel,AES-256-GCM,modp1536(5),Off,IPv6,file_transfer,1342.2,106.4,0.5,0.66,144.4,Medium,4.8
TRN03783,Transport,AES-256,modp2048(14),Off,IPv4,voip,102.6,44.5,452.7,0.28,185.4,Medium,4.9
TRN05193,Tunnel,AES-256-GCM,modp6144(17),Off,IPv6,whatsapp_msg,196.7,4.8,2.8,0.1,150.4,Strong,1.1
TRN07324,Transport,AES-128,modp3072(15),Off,IPv6,web_browsing,471.1,24.1,28.9,0.46,142.9,Medium,6.4
TRN07446,Transport,AES-256-GCM,modp1024(2),On,IPv6,file_transfer,1442.3,116.9,0.5,0.76,155.5,Medium,4.2
TRN08621,Tunnel,AES-256-GCM,modp768(1),On,IPv6,icmp,57.2,1.8,0.5,0.05,165.7,Medium,3.4
TRN03568,Transport,DES,modp3072(15),Off,IPv6,file_transfer,1422.6,143.8,160.5,0.88,174.6,Weak,9.5
TRN04329,Tunnel,3DES,modp8192(21),Off,IPv6,web_browsing,419.3,17.3,0.5,0.51,117.8,Medium,3.3
TRN08072,Transport,AES-192,modp3072(15),Off,IPv6,web_browsing,424.2,21.9,20.0,0.81,79.3,Medium,3.7
TRN06471,Tunnel,AES-192,modp3072(15),Off,IPv6,voip,105.4,41.0,22.1,0.18,135.4,Medium,5.5
TRN00790,Tunnel,AES-256-GCM,modp1536(5),On,IPv4,video_streaming,1124.8,103.5,443.3,0.53,190.0,Medium,3.9
TRN00510,Transport,AES-256,modp768(1),On,IPv6,web_browsing,451.2,11.5,0.5,0.19,74.8,Medium,3.4
TRN04940,Transport,AES-128,modp1024(2),Off,IPv4,voip,131.7,41.5,68.2,0.2,138.2,Weak,7.6
TRN03461,Transport,DES,modp1536(5),On,IPv4,icmp,75.0,1.8,0.5,0.07,180.9,Weak,10.0
TRN02413,Transport,3DES,modp1536(5),On,IPv4,voip,134.3,37.7,0.5,0.26,181.0,Weak,7.5
TRN04831,Tunnel,AES-192,modp1024(2),On,IPv4,dns_query,82.6,3.7,0.5,0.15,90.5,Weak,7.8
TRN01958,Tunnel,AES-256,modp1024(2),On,IPv6,whatsapp_msg,136.0,4.2,0.5,0.14,119.9,Medium,3.8
TRN06415,Tunnel,AES-256,modp6144(17),On,IPv4,web_browsing,407.3,12.7,22.1,0.45,182.2,Strong,2.4
TRN06551,Tunnel,DES,modp1536(5),On,IPv4,whatsapp_msg,161.2,9.5,13.6,0.1,143.4,Weak,8.3
TRN02971,Tunnel,3DES,modp8192(21),Off,IPv6,icmp,57.8,2.2,0.5,0.05,128.1,Medium,4.4
TRN06162,Tunnel,AES-192,modp2048(14),Off,IPv6,web_browsing,634.7,16.1,28.2,0.51,25.7,Medium,3.8
TRN05639,Transport,AES-128,modp1536(5),Off,IPv4,icmp,60.2,2.3,0.5,0.09,88.1,Weak,8.7
TRN04238,Transport,DES,modp8192(21),Off,IPv6,icmp,65.1,1.8,6.2,0.07,149.3,Medium,4.7
TRN01019,Transport,3DES,modp768(1),Off,IPv6,voip,127.6,62.2,185.6,0.24,170.5,Weak,10.0
TRN08304,Transport,3DES,modp4096(16),On,IPv4,web_browsing,450.3,10.4,0.5,0.67,109.1,Medium,4.1
TRN01150,Tunnel,DES,modp1024(2),Off,IPv4,voip,153.3,59.4,254.2,0.26,97.7,Weak,7.8
TRN02692,Tunnel,AES-128,modp8192(21),On,IPv4,voip,95.1,45.5,363.8,0.14,223.8,Strong,2.0
TRN08357,Transport,AES-128,modp3072(15),Off,IPv6,video_streaming,1433.6,94.4,335.5,0.54,125.9,Medium,5.4
TRN04595,Transport,AES-128,modp6144(17),Off,IPv4,voip,112.3,48.7,36.5,0.22,213.5,Strong,2.0
TRN01047,Transport,AES-128,modp1536(5),Off,IPv6,whatsapp_msg,113.6,4.8,0.8,0.33,148.6,Weak,8.6
TRN01617,Tunnel,DES,modp3072(15),Off,IPv6,icmp,56.9,1.7,0.5,0.05,103.0,Weak,8.1
TRN03001,Tunnel,AES-256-GCM,modp768(1),On,IPv4,whatsapp_msg,171.6,11.3,0.5,0.22,223.8,Medium,5.0
TRN02322,Transport,DES,modp4096(16),Off,IPv6,file_transfer,1437.3,88.7,265.1,0.55,101.7,Weak,8.7
TRN08764,Transport,3DES,modp1536(5),Off,IPv6,dns_query,98.4,1.5,0.5,0.1,78.5,Weak,9.6
TRN01484,Tunnel,AES-128,modp8192(21),Off,IPv4,email,634.1,7.5,2.4,0.29,268.2,Strong,2.4
TRN08663,Tunnel,AES-256-GCM,modp1024(2),On,IPv4,voip,101.7,30.1,0.5,0.16,115.0,Medium,6.2
TRN04672,Tunnel,AES-192,modp2048(14),On,IPv4,file_transfer,1400.5,134.7,0.5,0.74,134.6,Medium,3.3
TRN02192,Tunnel,DES,modp3072(15),On,IPv4,icmp,73.8,1.0,0.5,0.07,214.4,Weak,6.8
TRN07557,Tunnel,AES-192,modp6144(17),Off,IPv6,whatsapp_msg,150.4,7.0,4.8,0.23,136.9,Strong,1.1
TRN03079,Tunnel,AES-192,modp1024(2),Off,IPv4,email,394.0,4.3,11.2,0.38,231.9,Weak,8.2
TRN05552,Transport,AES-192,modp2048(14),Off,IPv4,icmp,73.2,1.9,0.5,0.03,100.2,Medium,4.9
TRN06249,Tunnel,3DES,modp3072(15),Off,IPv4,email,809.5,3.8,0.5,0.29,166.3,Weak,7.4
TRN03862,Transport,DES,modp3072(15),On,IPv6,voip,128.5,55.6,0.5,0.24,175.7,Weak,7.0
TRN01072,Tunnel,AES-192,modp1024(2),On,IPv6,whatsapp_msg,174.9,5.1,0.5,0.12,128.2,Weak,10.0
TRN02665,Tunnel,AES-128,modp3072(15),On,IPv4,dns_query,87.2,2.2,0.5,0.06,150.6,Medium,5.5
TRN06492,Transport,AES-256-GCM,modp1024(2),On,IPv6,voip,106.6,54.4,0.5,0.23,181.9,Medium,5.0
TRN05518,Transport,3DES,modp3072(15),On,IPv4,video_streaming,1178.4,121.4,442.3,0.66,80.1,Medium,5.3
TRN07615,Transport,AES-192,modp2048(14),On,IPv4,video_streaming,1258.8,93.6,0.5,0.6,210.5,Medium,4.3
TRN02390,Tunnel,AES-256-GCM,modp1536(5),Off,IPv4,file_transfer,1394.7,99.1,38.0,0.8,128.6,Medium,5.9
TRN05953,Tunnel,DES,modp1024(2),On,IPv6,whatsapp_msg,194.1,6.9,7.3,0.25,238.7,Weak,7.1
TRN08538,Tunnel,3DES,modp4096(16),Off,IPv6,icmp,63.2,1.6,0.5,0.05,89.3,Medium,5.0
TRN05200,Tunnel,AES-128,modp2048(14),Off,IPv6,file_transfer,1395.6,144.1,117.2,0.77,101.7,Medium,5.9
TRN06424,Transport,AES-256-GCM,modp3072(15),Off,IPv4,whatsapp_msg,162.8,4.2,22.4,0.23,101.4,Strong,1.4
TRN08908,Transport,AES-128,modp2048(14),On,IPv4,dns_query,85.9,2.7,0.5,0.1,87.5,Medium,3.0
TRN04683,Transport,3DES,modp1024(2),Off,IPv6,file_transfer,1383.6,88.2,0.5,0.9,84.2,Weak,7.4
TRN05051,Transport,AES-256-GCM,modp4096(16),On,IPv4,video_streaming,1168.3,75.1,0.5,0.7,103.3,Strong,1.8
TRN07229,Tunnel,AES-256,modp4096(16),Off,IPv6,email,717.9,9.4,0.5,0.33,93.2,Strong,1.0
TRN02277,Transport,AES-128,modp4096(16),On,IPv4,icmp,60.7,2.4,0.5,0.05,104.5,Medium,3.9
TRN05957,Transport,AES-128,modp8192(21),On,IPv4,whatsapp_msg,125.4,5.8,4.5,0.24,72.5,Strong,2.7
TRN07374,Tunnel,AES-192,modp768(1),On,IPv4,dns_query,80.1,3.0,0.5,0.09,231.1,Weak,8.9
TRN01766,Transport,DES,modp4096(16),On,IPv6,web_browsing,336.3,16.7,69.0,0.26,133.0,Medium,4.5
TRN07958,Tunnel,AES-256,modp1024(2),Off,IPv6,file_transfer,1426.6,145.5,0.5,0.85,149.0,Weak,8.2
TRN03127,Tunnel,AES-128,modp2048(14),On,IPv4,video_streaming,1131.7,89.4,0.5,0.67,239.9,Medium,5.4
TRN02035,Transport,3DES,modp1536(5),Off,IPv4,file_transfer,1406.1,141.0,278.0,0.83,155.5,Weak,8.6
TRN05380,Tunnel,DES,modp768(1),On,IPv4,web_browsing,437.5,14.7,47.6,0.21,167.0,Weak,7.2
TRN06623,Tunnel,AES-256,modp4096(16),On,IPv4,dns_query,103.7,3.7,2.5,0.08,77.9,Strong,3.4
TRN03893,Transport,AES-192,modp3072(15),Off,IPv6,email,179.6,7.4,0.5,0.47,193.7,Medium,3.3
TRN04367,Transport,AES-256-GCM,modp6144(17),On,IPv4,voip,113.9,38.9,49.1,0.23,145.5,Strong,1.7
TRN01127,Transport,AES-128,modp1536(5),On,IPv4,voip,93.1,43.6,0.5,0.21,117.7,Weak,8.5
TRN08585,Tunnel,AES-128,modp1536(5),On,IPv4,whatsapp_msg,167.1,4.9,0.5,0.18,176.8,Medium,4.7
TRN04218,Tunnel,AES-256,modp768(1),Off,IPv4,file_transfer,1463.5,132.4,104.0,0.72,198.9,Weak,9.5
TRN01384,Tunnel,AES-128,modp6144(17),On,IPv6,web_browsing,512.6,11.5,15.6,0.58,197.8,Strong,1.0
TRN00331,Tunnel,DES,modp6144(17),Off,IPv6,file_transfer,1414.0,129.1,0.5,0.68,169.5,Medium,3.8
TRN08596,Transport,AES-256,modp2048(14),Off,IPv4,file_transfer,1308.4,138.2,125.7,0.81,111.1,Medium,4.3
TRN06250,Tunnel,DES,modp2048(14),On,IPv6,web_browsing,499.9,21.7,13.9,0.39,173.0,Weak,9.8
TRN01374,Tunnel,AES-256-GCM,modp1536(5),On,IPv4,icmp,65.6,1.8,9.6,0.07,141.9,Medium,5.1
TRN02252,Tunnel,DES,modp4096(16),On,IPv4,video_streaming,1250.9,89.1,73.2,0.65,56.6,Weak,8.1
TRN02707,Transport,AES-128,modp1024(2),Off,IPv4,file_transfer,1395.7,125.0,0.5,0.91,85.5,Weak,8.0
TRN01003,Tunnel,AES-192,modp4096(16),Off,IPv6,web_browsing,377.8,6.7,0.5,0.41,133.0,Strong,1.7
TRN06787,Tunnel,DES,modp6144(17),Off,IPv6,icmp,61.6,2.1,14.2,0.05,195.0,Medium,4.0
TRN02522,Tunnel,AES-192,modp2048(14),Off,IPv4,whatsapp_msg,110.1,6.6,8.8,0.3,200.8,Medium,5.1
TRN05098,Tunnel,AES-256,modp6144(17),On,IPv6,whatsapp_msg,148.3,5.9,0.5,0.37,124.1,Strong,1.6
TRN04382,Tunnel,DES,modp4096(16),On,IPv4,web_browsing,521.1,10.2,0.5,0.61,161.3,Medium,3.9
TRN00107,Transport,AES-256,modp2048(14),On,IPv4,web_browsing,446.7,18.3,0.5,0.36,140.8,Medium,4.3
TRN07824,Tunnel,AES-128,modp3072(15),On,IPv6,web_browsing,455.6,17.3,0.5,0.57,228.3,Medium,3.1
TRN04394,Transport,AES-256-GCM,modp1024(2),Off,IPv4,video_streaming,1453.1,90.3,338.6,0.58,52.4,Medium,3.4
TRN04105,Transport,AES-128,modp6144(17),Off,IPv4,icmp,59.0,1.2,0.5,0.03,56.8,Strong,3.1
TRN08968,Tunnel,AES-128,modp2048(14),On,IPv4,voip,111.4,50.9,0.5,0.22,182.2,Medium,4.6
TRN00015,Tunnel,AES-256-GCM,modp768(1),On,IPv6,email,518.4,8.5,19.3,0.35,97.1,Medium,5.7
TRN07261,Tunnel,AES-192,modp3072(15),Off,IPv4,email,561.8,11.1,0.5,0.47,213.7,Medium,4.0
TRN04624,Transport,AES-256,modp3072(15),Off,IPv6,whatsapp_msg,171.7,5.5,7.7,0.14,174.4,Strong,1.2
TRN00287,Tunnel,AES-256-GCM,modp2048(14),Off,IPv4,dns_query,88.5,4.0,0.5,0.13,172.5,Strong,1.3
TRN05905,Tunnel,3DES,modp2048(14),On,IPv4,icmp,66.2,1.7,4.3,0.05,100.1,Weak,10.0
TRN06647,Tunnel,3DES,modp768(1),Off,IPv4,dns_query,73.9,2.9,1.8,0.11,169.7,Weak,8.9
TRN01741,Tunnel,DES,modp768(1),On,IPv4,icmp,73.1,2.3,0.5,0.02,236.5,Weak,9.3
TRN04933,Transport,DES,modp2048(14),On,IPv4,file_transfer,1474.3,121.0,240.1,0.92,120.0,Weak,8.5
TRN04008,Transport,3DES,modp4096(16),On,IPv4,web_browsing,440.9,16.6,0.5,0.48,244.8,Medium,5.3
TRN04968,Transport,DES,modp4096(16),On,IPv6,web_browsing,369.1,13.2,0.5,0.4,174.5,Medium,3.8
TRN08680,Tunnel,AES-192,modp6144(17),On,IPv6,voip,120.8,34.6,47.7,0.21,179.8,Strong,0.6
TRN08059,Transport,AES-256-GCM,modp3072(15),Off,IPv4,icmp,60.0,1.1,22.7,0.05,240.7,Strong,2.4
TRN08916,Transport,3DES,modp2048(14),Off,IPv6,web_browsing,515.7,16.0,0.5,0.47,127.7,Weak,6.5
TRN06180,Tunnel,3DES,modp8192(21),On,IPv6,dns_query,77.5,3.1,1.9,0.1,68.4,Medium,4.1
TRN04848,Tunnel,DES,modp2048(14),Off,IPv6,email,876.6,12.1,2.8,0.1,242.2,Weak,8.5
TRN01733,Transport,AES-256-GCM,modp4096(16),Off,IPv4,dns_query,66.3,2.8,2.8,0.05,196.8,Strong,0.3
TRN01146,Transport,AES-256,modp2048(14),On,IPv4,whatsapp_msg,54.0,9.9,0.5,0.31,159.2,Strong,0.7
TRN03132,Transport,AES-192,modp4096(16),Off,IPv4,email,638.9,8.8,30.2,0.26,207.6,Medium,5.3
TRN01740,Tunnel,AES-192,modp6144(17),Off,IPv4,voip,114.0,39.4,0.5,0.16,90.6,Strong,1.9
TRN06312,Tunnel,AES-256-GCM,modp6144(17),Off,IPv4,video_streaming,1352.0,75.1,0.5,0.51,127.4,Strong,2.9
TRN06992,Transport,3DES,modp8192(21),Off,IPv4,email,624.0,9.6,16.1,0.15,190.9,Medium,3.9
TRN01196,Tunnel,AES-256-GCM,modp2048(14),On,IPv6,web_browsing,297.2,10.2,0.5,0.65,30.0,Strong,2.9
TRN03519,Tunnel,DES,modp6144(17),On,IPv6,icmp,64.5,1.1,10.0,0.06,174.5,Medium,3.5
TRN01607,Tunnel,AES-128,modp1024(2),On,IPv4,dns_query,97.0,3.1,1.3,0.14,180.6,Weak,5.8
TRN01176,Transport,AES-128,modp8192(21),Off,IPv6,voip,134.0,51.0,283.9,0.29,177.2,Strong,0.9
TRN02400,Tunnel,AES-256,modp6144(17),On,IPv4,icmp,65.1,1.7,10.4,0.04,157.8,Strong,0.3
TRN07492,Transport,3DES,modp1024(2),On,IPv6,file_transfer,1383.4,93.5,4.5,1.0,150.2,Weak,8.1
TRN08891,Tunnel,3DES,modp768(1),On,IPv6,web_browsing,309.2,16.5,21.8,0.53,127.3,Weak,8.6
TRN08783,Tunnel,AES-256,modp768(1),On,IPv6,voip,147.0,36.3,0.5,0.23,228.9,Medium,4.9
TRN01394,Tunnel,3DES,modp3072(15),Off,IPv6,video_streaming,1083.2,82.8,6.3,0.53,272.5,Medium,6.0
TRN08905,Transport,AES-192,modp1024(2),Off,IPv6,video_streaming,1115.4,105.9,953.5,0.47,144.6,Weak,9.5
TRN06054,Transport,AES-256-GCM,modp3072(15),Off,IPv6,icmp,55.5,1.7,0.5,0.05,140.0,Strong,2.3
TRN02961,Transport,3DES,modp3072(15),On,IPv4,whatsapp_msg,111.3,9.2,0.5,0.26,163.3,Medium,3.2
TRN05707,Transport,AES-192,modp8192(21),On,IPv4,dns_query,57.3,3.2,0.5,0.11,194.0,Strong,0.8
TRN07493,Tunnel,AES-192,modp1536(5),On,IPv4,email,772.3,5.1,9.6,0.29,164.1,Medium,3.6
TRN04903,Transport,AES-128,modp1024(2),On,IPv6,video_streaming,1157.4,99.7,953.9,0.46,82.2,Weak,7.8
TRN05319,Tunnel,AES-256,modp2048(14),Off,IPv4,email,741.5,4.6,10.6,0.09,147.0,Medium,3.3
TRN01316,Tunnel,3DES,modp2048(14),On,IPv6,web_browsing,592.0,19.6,0.5,0.15,108.1,Medium,3.5
TRN07109,Tunnel,3DES,modp8192(21),Off,IPv4,dns_query,92.6,4.0,0.5,0.09,141.2,Medium,5.6
TRN02819,Transport,AES-256,modp4096(16),On,IPv4,dns_query,75.8,4.5,2.2,0.11,138.9,Strong,0.5
TRN01598,Tunnel,AES-192,modp768(1),On,IPv4,dns_query,82.9,3.0,5.3,0.07,154.3,Weak,7.7
TRN07540,Transport,AES-192,modp1024(2),On,IPv6,email,638.4,13.0,0.5,0.34,112.5,Medium,4.6
TRN04197,Tunnel,AES-128,modp8192(21),Off,IPv4,dns_query,77.2,2.1,0.5,0.08,194.5,Medium,2.7
TRN05398,Transport,AES-256-GCM,modp1024(2),On,IPv6,video_streaming,1247.7,103.5,464.2,0.65,94.3,Medium,4.9
TRN07421,Tunnel,DES,modp2048(14),On,IPv4,dns_query,93.0,2.9,2.1,0.1,93.3,Weak,5.8
TRN01453,Tunnel,AES-256-GCM,modp1024(2),On,IPv4,email,483.9,6.8,0.5,0.33,118.8,Medium,3.3
TRN05365,Transport,AES-256-GCM,modp768(1),Off,IPv6,video_streaming,1212.6,92.8,0.5,0.62,182.7,Weak,7.3
TRN07780,Transport,AES-256-GCM,modp2048(14),Off,IPv6,dns_query,89.9,3.6,3.3,0.08,197.8,Medium,5.9
TRN00593,Tunnel,AES-128,modp3072(15),Off,IPv4,voip,151.1,39.7,192.5,0.23,156.9,Medium,4.8
TRN02143,Transport,AES-192,modp3072(15),Off,IPv6,web_browsing,331.2,7.2,17.2,0.38,133.5,Medium,6.8
TRN02826,Transport,DES,modp4096(16),Off,IPv6,voip,98.6,51.4,30.5,0.19,161.2,Weak,10.0
TRN05314,Transport,AES-128,modp4096(16),Off,IPv6,web_browsing,450.9,16.0,0.5,0.4,210.6,Medium,4.6
TRN06379,Tunnel,AES-192,modp3072(15),On,IPv4,email,196.2,4.0,0.5,0.19,146.9,Medium,6.7
TRN06854,Transport,AES-256,modp3072(15),On,IPv4,whatsapp_msg,195.8,5.6,0.5,0.41,151.6,Strong,1.7
TRN04975,Transport,DES,modp768(1),On,IPv6,file_transfer,1379.7,114.6,234.8,0.94,169.7,Weak,9.1
TRN00555,Transport,3DES,modp4096(16),Off,IPv6,dns_query,77.2,4.5,0.5,0.09,77.7,Medium,5.8
TRN01889,Tunnel,AES-256-GCM,modp8192(21),On,IPv4,voip,116.5,44.1,0.5,0.16,159.7,Strong,1.5
TRN08720,Transport,AES-128,modp1024(2),Off,IPv6,email,295.3,9.2,0.5,0.39,178.9,Weak,8.7
TRN07505,Tunnel,AES-192,modp4096(16),Off,IPv4,video_streaming,1191.1,90.2,394.6,0.65,83.5,Strong,0.5
TRN07077,Transport,AES-192,modp1024(2),Off,IPv4,email,566.4,13.2,17.6,0.3,171.8,Weak,9.1
TRN06264,Transport,AES-256,modp4096(16),On,IPv4,video_streaming,1165.7,91.0,92.6,0.52,185.8,Strong,3.5
TRN04424,Tunnel,AES-128,modp1024(2),Off,IPv4,icmp,64.4,2.1,4.4,0.03,112.1,Weak,6.9
TRN02699,Transport,DES,modp8192(21),On,IPv4,video_streaming,1291.6,71.7,0.5,0.83,158.1,Medium,5.1
TRN07573,Transport,AES-128,modp8192(21),On,IPv6,whatsapp_msg,138.5,5.8,0.5,0.29,132.2,Strong,0.6
TRN07168,Tunnel,DES,modp2048(14),Off,IPv4,voip,131.9,24.6,0.5,0.25,99.7,Weak,9.5
TRN05841,Tunnel,AES-128,modp6144(17),Off,IPv6,dns_query,97.8,3.6,0.9,0.11,85.3,Strong,1.0
TRN02289,Transport,AES-256,modp8192(21),On,IPv6,icmp,69.4,1.9,17.9,0.05,190.0,Strong,0.3
TRN07665,Transport,AES-128,modp768(1),On,IPv4,voip,134.0,49.5,143.2,0.17,152.3,Weak,9.9
TRN05630,Tunnel,AES-256-GCM,modp4096(16),Off,IPv6,video_streaming,1200.4,92.9,0.5,0.56,113.3,Strong,1.4
TRN04185,Transport,AES-256-GCM,modp8192(21),Off,IPv6,video_streaming,1060.1,79.1,847.9,0.65,116.9,Strong,1.6
TRN02250,Tunnel,AES-256-GCM,modp2048(14),On,IPv6,dns_query,74.7,4.5,0.5,0.15,136.1,Strong,1.3
TRN04764,Tunnel,AES-192,modp768(1),On,IPv4,video_streaming,1052.1,91.1,807.8,0.58,106.8,Weak,8.0
TRN08256,Tunnel,3DES,modp768(1),On,IPv6,dns_query,94.0,2.1,3.3,0.1,129.3,Weak,8.6
TRN01415,Transport,AES-256,modp3072(15),On,IPv4,email,427.7,9.1,0.5,0.24,177.1,Strong,1.8
TRN01296,Transport,AES-128,modp1536(5),Off,IPv6,web_browsing,346.0,17.4,42.3,0.46,185.9,Weak,7.0
TRN05357,Transport,AES-256-GCM,modp768(1),Off,IPv4,icmp,66.2,2.6,7.5,0.04,216.0,Weak,7.6
TRN06469,Tunnel,3DES,modp6144(17),Off,IPv6,web_browsing,418.7,11.6,0.5,0.5,214.4,Medium,4.7
TRN01011,Tunnel,AES-256,modp1024(2),Off,IPv6,icmp,73.1,1.4,0.5,0.06,212.2,Medium,4.2
TRN04709,Tunnel,AES-256-GCM,modp8192(21),Off,IPv4,dns_query,87.2,2.2,0.5,0.08,170.2,Strong,0.3
TRN02184,Transport,AES-256,modp6144(17),On,IPv6,dns_query,85.2,2.7,1.8,0.09,157.8,Strong,2.7
TRN02523,Tunnel,AES-256,modp4096(16),On,IPv4,voip,130.1,52.8,742.0,0.24,101.7,Strong,2.3
TRN00222,Tunnel,DES,modp2048(14),On,IPv6,voip,111.1,47.6,0.5,0.24,110.9,Weak,9.6
TRN05925,Tunnel,AES-128,modp1024(2),Off,IPv6,file_transfer,1369.3,114.0,260.9,0.87,189.1,Weak,7.4
TRN00909,Tunnel,AES-256,modp6144(17),Off,IPv6,whatsapp_msg,83.1,8.1,7.0,0.27,133.3,Strong,1.2
TRN05631,Transport,AES-256,modp4096(16),Off,IPv6,web_browsing,308.9,17.2,13.9,0.57,92.2,Strong,2.9
TRN06430,Transport,AES-128,modp2048(14),Off,IPv6,video_streaming,1267.0,72.4,529.2,0.49,190.9,Medium,4.7
TRN04790,Tunnel,AES-256-GCM,modp3072(15),On,IPv4,voip,102.0,35.8,0.5,0.22,174.8,Strong,3.3
TRN08784,Tunnel,AES-128,modp4096(16),Off,IPv6,dns_query,111.6,2.7,0.5,0.09,190.9,Medium,4.1
TRN01836,Tunnel,AES-256,modp4096(16),Off,IPv4,icmp,70.1,1.0,7.2,0.08,129.1,Strong,2.0
TRN03154,Transport,AES-256,modp4096(16),Off,IPv4,dns_query,60.1,2.3,3.3,0.1,212.1,Strong,1.4
TRN04652,Transport,AES-256-GCM,modp8192(21),On,IPv6,voip,119.9,41.6,53.5,0.26,199.9,Strong,0.8
TRN01401,Transport,AES-256-GCM,modp1024(2),On,IPv4,email,864.5,6.0,22.1,0.26,132.0,Medium,6.1
TRN01935,Transport,AES-192,modp1536(5),Off,IPv6,icmp,65.1,1.0,6.4,0.01,150.5,Weak,9.3
TRN02589,Tunnel,3DES,modp8192(21),On,IPv6,web_browsing,459.9,5.3,5.7,0.72,100.0,Medium,6.5
TRN07332,Tunnel,DES,modp6144(17),Off,IPv4,email,401.8,11.8,0.5,0.33,92.5,Medium,5.6
TRN00654,Tunnel,DES,modp4096(16),On,IPv4,email,1076.7,5.6,0.5,0.29,155.1,Medium,2.6
TRN04660,Tunnel,AES-192,modp4096(16),On,IPv6,video_streaming,1178.8,95.2,0.5,0.68,201.3,Strong,0.3
TRN00120,Tunnel,AES-256,modp4096(16),Off,IPv6,file_transfer,1392.4,152.5,32.3,0.75,74.4,Strong,0.5
TRN06128,Transport,AES-128,modp1536(5),Off,IPv4,dns_query,82.9,1.9,0.5,0.16,170.9,Weak,7.4
TRN01480,Transport,AES-256-GCM,modp1024(2),Off,IPv4,voip,110.8,57.4,0.5,0.14,180.9,Medium,5.5
TRN02577,Transport,AES-128,modp4096(16),Off,IPv6,email,693.0,6.1,0.5,0.29,139.1,Medium,5.5
TRN01559,Tunnel,AES-192,modp4096(16),On,IPv6,icmp,68.3,1.9,0.5,0.06,161.7,Strong,1.6
TRN08334,Transport,AES-256-GCM,modp3072(15),On,IPv4,web_browsing,439.9,21.9,0.5,0.47,91.2,Strong,0.3
TRN01124,Transport,AES-192,modp6144(17),On,IPv4,voip,132.7,37.8,0.5,0.27,202.0,Strong,2.9
TRN04657,Transport,AES-256,modp3072(15),Off,IPv6,email,831.3,12.4,3.8,0.38,93.4,Strong,1.1
TRN07894,Transport,AES-256,modp4096(16),Off,IPv6,email,444.6,4.8,11.7,0.11,96.5,Strong,1.6
TRN08321,Tunnel,AES-128,modp1024(2),On,IPv6,whatsapp_msg,136.4,4.8,4.7,0.27,239.7,Weak,8.7
TRN07387,Tunnel,AES-192,modp1536(5),On,IPv6,file_transfer,1370.3,132.4,0.5,0.64,93.8,Medium,5.0
TRN04631,Tunnel,AES-128,modp8192(21),Off,IPv4,dns_query,56.7,3.6,0.5,0.1,242.9,Strong,0.5
TRN07117,Tunnel,AES-256,modp1024(2),Off,IPv4,voip,149.1,56.5,298.2,0.26,185.3,Weak,10.0
TRN05750,Tunnel,3DES,modp4096(16),On,IPv4,whatsapp_msg,140.4,2.7,2.0,0.26,117.7,Medium,3.5
TRN06215,Tunnel,DES,modp4096(16),Off,IPv4,web_browsing,447.3,17.2,0.5,0.59,103.5,Medium,4.9
TRN08742,Tunnel,AES-192,modp2048(14),Off,IPv6,voip,120.3,48.1,110.8,0.19,58.2,Medium,5.1
TRN04310,Transport,AES-128,modp1536(5),On,IPv4,icmp,67.4,2.3,4.6,0.07,131.4,Weak,8.6
TRN00077,Tunnel,AES-256,modp768(1),Off,IPv4,dns_query,96.6,2.2,0.5,0.07,150.9,Weak,8.3
TRN03092,Tunnel,DES,modp8192(21),On,IPv4,video_streaming,1310.1,101.4,0.5,0.65,89.1,Medium,5.5
TRN05390,Tunnel,AES-192,modp1536(5),On,IPv4,video_streaming,1210.3,105.6,0.5,0.58,158.0,Medium,5.9
TRN00966,Tunnel,AES-128,modp768(1),On,IPv6,icmp,72.7,3.2,1.7,0.03,130.3,Weak,7.4
TRN03459,Tunnel,AES-192,modp6144(17),On,IPv4,file_transfer,1356.8,144.8,264.6,0.82,36.1,Strong,1.2
TRN03785,Tunnel,DES,modp8192(21),Off,IPv6,file_transfer,1379.1,136.1,87.8,0.81,232.2,Medium,3.0
TRN00731,Tunnel,3DES,modp1536(5),Off,IPv6,web_browsing,442.7,23.9,0.5,0.52,202.9,Weak,7.1
TRN01996,Tunnel,3DES,modp1536(5),Off,IPv4,voip,133.5,59.6,74.9,0.18,189.1,Weak,8.8
TRN05091,Transport,AES-128,modp1536(5),On,IPv6,icmp,72.9,2.1,0.5,0.03,172.3,Medium,3.9
TRN01660,Transport,AES-128,modp3072(15),On,IPv4,whatsapp_msg,120.7,9.0,3.5,0.21,187.1,Medium,3.9
TRN03317,Tunnel,AES-256-GCM,modp4096(16),On,IPv4,dns_query,69.4,1.7,0.5,0.09,132.8,Strong,1.6
TRN03681,Tunnel,AES-192,modp1024(2),Off,IPv6,web_browsing,392.5,16.4,0.5,0.55,111.2,Weak,6.7
TRN07381,Transport,AES-256,modp3072(15),Off,IPv6,whatsapp_msg,141.7,7.2,13.3,0.23,118.6,Medium,6.1
TRN04828,Tunnel,AES-256,modp3072(15),Off,IPv6,voip,124.9,31.7,139.8,0.12,177.9,Medium,6.0
TRN07636,Transport,3DES,modp1024(2),Off,IPv6,voip,144.5,44.5,0.5,0.16,105.0,Weak,7.5
TRN05698,Transport,DES,modp1024(2),On,IPv4,whatsapp_msg,120.3,7.9,10.3,0.24,144.8,Weak,8.0
TRN02901,Tunnel,AES-192,modp2048(14),On,IPv4,web_browsing,449.4,23.7,0.5,0.99,189.0,Medium,5.1
TRN07704,Transport,AES-256,modp4096(16),On,IPv4,video_streaming,1108.2,75.5,0.5,0.68,187.6,Strong,0.3
TRN02778,Tunnel,AES-256-GCM,modp8192(21),Off,IPv4,dns_query,89.3,2.5,1.5,0.08,170.3,Strong,0.3
TRN05198,Transport,AES-128,modp768(1),Off,IPv4,dns_query,94.1,3.0,2.5,0.05,185.2,Weak,9.2
TRN07879,Transport,AES-256-GCM,modp1024(2),On,IPv6,icmp,54.7,2.8,4.7,0.06,140.0,Medium,5.1
TRN04835,Tunnel,AES-256-GCM,modp768(1),Off,IPv4,voip,128.0,56.5,0.5,0.16,41.3,Medium,3.8
TRN07987,Tunnel,AES-256-GCM,modp3072(15),Off,IPv4,web_browsing,293.0,18.2,0.5,0.76,156.2,Strong,0.3
TRN06409,Tunnel,AES-256,modp1536(5),Off,IPv4,video_streaming,1146.0,97.7,294.9,0.53,133.5,Medium,3.8
TRN06067,Tunnel,AES-256,modp6144(17),On,IPv4,dns_query,93.7,3.5,2.0,0.11,150.6,Strong,1.6
TRN06988,Tunnel,AES-256-GCM,modp768(1),On,IPv4,whatsapp_msg,184.6,9.7,6.8,0.34,111.2,Medium,4.9
TRN02499,Transport,AES-128,modp4096(16),On,IPv6,icmp,86.2,2.2,0.5,0.04,122.3,Strong,1.6
TRN01370,Tunnel,AES-256-GCM,modp768(1),Off,IPv6,icmp,65.1,1.8,8.1,0.02,170.8,Medium,5.2
TRN06340,Tunnel,3DES,modp2048(14),Off,IPv6,voip,136.0,46.4,156.4,0.28,210.2,Weak,7.5
TRN03128,Tunnel,AES-128,modp2048(14),Off,IPv4,web_browsing,212.1,15.1,10.3,0.61,172.0,Medium,5.4
TRN02389,Transport,AES-128,modp6144(17),On,IPv4,web_browsing,343.8,12.5,1.6,0.46,162.3,Strong,0.5
TRN03773,Tunnel,AES-192,modp2048(14),Off,IPv4,web_browsing,168.0,21.7,34.5,0.51,154.6,Medium,5.1
TRN02887,Tunnel,AES-192,modp4096(16),On,IPv4,video_streaming,1219.8,100.9,887.3,0.48,226.7,Strong,2.8
TRN00305,Transport,AES-128,modp1024(2),On,IPv4,whatsapp_msg,122.3,7.5,4.0,0.34,249.9,Weak,9.7
TRN05582,Tunnel,AES-128,modp2048(14),On,IPv6,icmp,64.1,1.5,7.6,0.02,106.2,Medium,6.0
TRN06300,Transport,AES-192,modp3072(15),On,IPv6,icmp,67.0,2.0,26.0,0.07,64.3,Medium,3.6
TRN06339,Tunnel,AES-192,modp8192(21),On,IPv4,dns_query,54.9,1.0,0.5,0.09,254.7,Strong,0.3
TRN04575,Transport,AES-256-GCM,modp6144(17),On,IPv6,video_streaming,1427.5,83.5,503.6,0.63,246.8,Strong,1.2
TRN08976,Transport,AES-256,modp2048(14),Off,IPv6,icmp,56.9,2.6,0.5,0.03,148.8,Medium,6.3
TRN01427,Transport,AES-192,modp3072(15),On,IPv6,video_streaming,1220.0,93.4,0.5,0.68,52.2,Medium,4.5
TRN04421,Tunnel,AES-256-GCM,modp6144(17),On,IPv4,file_transfer,1325.7,131.3,90.5,0.69,144.7,Strong,1.0
TRN08489,Transport,3DES,modp1024(2),Off,IPv6,email,769.0,10.1,0.5,0.28,196.3,Weak,10.0
TRN05899,Transport,3DES,modp4096(16),On,IPv6,video_streaming,1271.8,96.3,495.8,0.61,237.6,Medium,3.8
TRN05439,Tunnel,AES-128,modp3072(15),On,IPv6,voip,116.1,46.5,227.3,0.24,57.9,Medium,4.9
TRN03848,Tunnel,AES-256,modp2048(14),Off,IPv6,video_streaming,1233.1,103.2,688.9,0.61,146.8,Medium,3.0
TRN05509,Transport,AES-128,modp1024(2),Off,IPv4,video_streaming,1039.1,114.4,0.5,0.6,149.4,Weak,8.3
TRN02454,Tunnel,AES-256-GCM,modp2048(14),Off,IPv6,web_browsing,430.4,13.1,0.5,0.51,135.2,Medium,5.7
TRN07689,Tunnel,3DES,modp4096(16),Off,IPv4,file_transfer,1440.1,126.0,0.5,0.63,163.8,Medium,4.4
TRN04299,Tunnel,AES-256,modp4096(16),On,IPv6,file_transfer,1405.0,134.3,128.7,0.77,126.9,Strong,1.6
TRN06760,Transport,DES,modp6144(17),On,IPv6,voip,73.1,31.6,155.0,0.15,166.9,Medium,4.5
TRN03167,Transport,DES,modp6144(17),On,IPv4,dns_query,59.9,3.4,3.2,0.18,182.7,Medium,4.1
TRN04291,Tunnel,3DES,modp768(1),On,IPv6,whatsapp_msg,124.3,5.1,3.5,0.17,162.0,Weak,7.3
TRN01085,Tunnel,DES,modp2048(14),Off,IPv6,dns_query,57.5,3.4,1.7,0.07,85.1,Weak,7.1
TRN07448,Tunnel,AES-192,modp8192(21),On,IPv4,file_transfer,1445.0,123.0,265.4,0.79,118.1,Strong,0.3
TRN05213,Transport,AES-256,modp1536(5),On,IPv6,web_browsing,273.5,6.7,0.5,0.61,151.1,Medium,4.2
TRN01594,Transport,AES-256-GCM,modp3072(15),Off,IPv6,web_browsing,457.6,14.4,0.5,0.38,206.6,Strong,0.3
TRN05726,Transport,AES-192,modp2048(14),Off,IPv4,file_transfer,1389.3,102.0,0.5,0.89,194.5,Medium,4.7
TRN05502,Transport,AES-128,modp4096(16),Off,IPv6,icmp,54.2,1.8,17.9,0.05,142.1,Medium,3.3
TRN07452,Transport,AES-192,modp6144(17),On,IPv6,file_transfer,1447.6,122.4,252.0,0.93,97.0,Strong,0.4
TRN01609,Transport,3DES,modp3072(15),On,IPv6,video_streaming,1376.8,88.4,510.1,0.71,198.8,Medium,2.8
TRN04419,Tunnel,DES,modp3072(15),Off,IPv4,file_transfer,1463.0,108.0,139.2,0.88,199.5,Weak,6.5
TRN08219,Transport,3DES,modp1024(2),On,IPv6,video_streaming,1234.9,105.3,0.5,0.59,197.5,Weak,9.4
TRN08902,Tunnel,3DES,modp2048(14),Off,IPv4,voip,116.2,50.8,356.1,0.1,88.1,Weak,7.6
TRN02859,Tunnel,AES-128,modp1536(5),On,IPv6,voip,104.4,45.4,0.5,0.26,101.2,Weak,7.8
TRN04332,Transport,AES-128,modp3072(15),Off,IPv6,dns_query,78.2,4.6,1.5,0.11,137.0,Medium,3.4
TRN05736,Transport,DES,modp6144(17),Off,IPv4,video_streaming,1158.3,82.7,410.1,0.72,159.1,Medium,3.9
TRN07407,Transport,AES-128,modp1536(5),On,IPv6,file_transfer,1374.1,117.6,15.6,0.87,143.6,Weak,7.0
TRN03143,Tunnel,AES-128,modp8192(21),Off,IPv4,file_transfer,1355.9,88.1,0.9,0.86,126.4,Strong,1.8
TRN03969,Transport,AES-192,modp1024(2),On,IPv6,web_browsing,239.5,19.0,64.2,0.36,92.8,Medium,5.5
TRN02517,Transport,AES-192,modp8192(21),On,IPv6,file_transfer,1386.9,120.6,0.5,0.91,113.8,Strong,2.8
TRN05148,Tunnel,3DES,modp2048(14),On,IPv6,dns_query,86.8,4.4,0.5,0.17,146.2,Medium,4.5
TRN07743,Tunnel,AES-128,modp2048(14),On,IPv6,icmp,67.9,2.4,0.5,0.04,148.7,Medium,5.7
TRN00038,Transport,3DES,modp3072(15),Off,IPv6,voip,109.0,43.5,0.5,0.11,165.9,Weak,9.9
TRN07124,Transport,AES-128,modp6144(17),On,IPv4,file_transfer,1492.6,110.8,235.6,0.69,126.8,Strong,2.6
TRN08488,Transport,DES,modp2048(14),On,IPv6,file_transfer,1388.7,100.3,17.7,0.89,179.4,Weak,8.8
TRN00020,Transport,AES-128,modp3072(15),On,IPv4,email,773.3,10.6,0.5,0.48,140.0,Medium,4.7
TRN03296,Transport,DES,modp8192(21),Off,IPv4,whatsapp_msg,172.5,5.2,0.5,0.27,119.1,Medium,2.8
TRN03690,Transport,AES-256-GCM,modp6144(17),On,IPv6,web_browsing,491.4,5.5,16.0,0.39,123.4,Strong,0.3
TRN07858,Tunnel,AES-128,modp2048(14),On,IPv4,dns_query,71.3,3.1,0.5,0.11,104.5,Medium,4.3
TRN04345,Transport,AES-192,modp6144(17),Off,IPv6,voip,118.8,44.6,0.5,0.22,110.1,Strong,2.0
TRN06394,Transport,AES-128,modp8192(21),On,IPv4,video_streaming,1305.7,104.9,0.5,0.82,148.5,Strong,1.3
TRN06769,Tunnel,AES-192,modp4096(16),On,IPv6,email,457.3,11.6,5.7,0.3,150.1,Strong,0.5
TRN00539,Tunnel,DES,modp4096(16),On,IPv4,file_transfer,1375.1,105.0,124.8,0.82,251.7,Medium,4.0
TRN05338,Transport,DES,modp1024(2),Off,IPv4,email,962.4,11.4,8.2,0.15,132.0,Weak,9.7
TRN06684,Tunnel,AES-256-GCM,modp8192(21),Off,IPv4,voip,137.2,46.3,339.4,0.23,94.3,Strong,2.0
TRN08714,Transport,3DES,modp4096(16),On,IPv4,file_transfer,1377.5,111.8,341.4,0.82,159.2,Medium,5.3
TRN05345,Tunnel,AES-192,modp6144(17),On,IPv4,video_streaming,1041.7,104.0,0.5,0.78,148.0,Strong,1.4
TRN03933,Transport,AES-128,modp768(1),On,IPv4,voip,89.3,48.7,125.1,0.21,197.5,Weak,9.8
TRN04818,Tunnel,AES-128,modp6144(17),Off,IPv4,file_transfer,1452.7,129.1,0.5,0.93,230.0,Strong,1.7
TRN03880,Tunnel,3DES,modp8192(21),On,IPv6,email,768.1,8.4,18.7,0.36,164.7,Strong,1.0
TRN06177,Tunnel,AES-256-GCM,modp6144(17),Off,IPv6,whatsapp_msg,102.5,5.9,0.5,0.24,141.3,Strong,1.0
TRN06082,Tunnel,DES,modp1536(5),On,IPv6,voip,108.8,36.2,0.5,0.17,202.9,Weak,9.9
TRN00347,Transport,DES,modp8192(21),On,IPv6,web_browsing,525.9,22.5,0.5,0.32,171.4,Medium,5.5
TRN07416,Transport,3DES,modp8192(21),On,IPv6,file_transfer,1483.9,139.4,78.1,0.65,221.6,Strong,0.9
TRN02944,Tunnel,AES-256-GCM,modp768(1),On,IPv4,icmp,60.7,2.1,12.5,0.05,173.6,Medium,3.0
TRN02496,Tunnel,AES-256-GCM,modp1536(5),On,IPv4,dns_query,89.6,4.7,0.5,0.05,117.6,Medium,6.0
TRN01288,Tunnel,DES,modp1024(2),On,IPv4,file_transfer,1457.7,101.9,0.5,0.74,198.6,Weak,10.0
TRN05647,Transport,3DES,modp768(1),Off,IPv6,file_transfer,1353.2,74.7,0.5,0.73,125.6,Weak,7.1
TRN07465,Transport,3DES,modp6144(17),Off,IPv6,icmp,55.1,2.1,24.7,0.04,114.9,Medium,4.1
TRN08206,Transport,AES-256-GCM,modp1536(5),On,IPv4,email,916.4,2.4,12.1,0.29,63.1,Medium,4.3
TRN07295,Transport,DES,modp6144(17),Off,IPv4,email,697.1,6.7,5.8,0.33,218.1,Medium,2.8
TRN07406,Transport,AES-192,modp768(1),On,IPv4,dns_query,71.2,4.1,1.3,0.07,104.6,Weak,6.8
TRN01852,Tunnel,AES-128,modp1536(5),Off,IPv4,video_streaming,1371.5,80.2,580.6,0.65,154.4,Weak,8.9
TRN07776,Tunnel,3DES,modp2048(14),On,IPv4,web_browsing,519.1,12.0,21.8,0.54,69.2,Weak,9.7
TRN07287,Transport,AES-128,modp3072(15),Off,IPv6,file_transfer,1526.9,108.6,0.5,0.88,119.5,Medium,5.3
TRN04142,Transport,AES-256,modp8192(21),On,IPv6,file_transfer,1498.3,125.4,6.8,0.71,138.2,Strong,1.3
TRN08190,Tunnel,AES-256-GCM,modp1024(2),Off,IPv4,video_streaming,1216.6,116.0,1398.1,0.59,184.5,Medium,2.8
TRN06845,Transport,AES-256-GCM,modp8192(21),On,IPv4,web_browsing,292.1,15.6,27.7,0.32,144.5,Strong,0.9
TRN07320,Tunnel,AES-128,modp3072(15),Off,IPv4,icmp,67.1,1.4,0.5,0.06,44.5,Medium,6.4
TRN05530,Transport,3DES,modp8192(21),Off,IPv6,icmp,76.2,1.7,4.4,0.04,86.9,Medium,4.3
TRN00744,Tunnel,AES-256,modp6144(17),Off,IPv4,voip,128.9,24.3,0.5,0.22,156.8,Strong,2.6
TRN07705,Tunnel,AES-192,modp1536(5),On,IPv4,video_streaming,1334.8,73.9,0.5,0.74,159.0,Medium,5.9
TRN05401,Transport,AES-192,modp1536(5),On,IPv4,whatsapp_msg,149.4,6.6,3.5,0.29,98.0,Medium,3.4
TRN07742,Tunnel,DES,modp2048(14),On,IPv6,voip,141.6,47.2,437.3,0.16,69.9,Medium,3.8
TRN01503,Transport,AES-128,modp6144(17),On,IPv6,email,541.9,8.4,0.9,0.29,157.4,Strong,0.4
TRN07986,Tunnel,DES,modp2048(14),On,IPv4,web_browsing,633.2,10.8,8.5,0.68,90.0,Weak,8.6
TRN03458,Transport,AES-128,modp4096(16),Off,IPv6,web_browsing,257.4,16.1,0.5,0.44,147.2,Medium,5.9
TRN02178,Transport,AES-256,modp2048(14),On,IPv6,email,421.5,3.2,22.3,0.04,108.3,Strong,2.3
TRN06051,Transport,AES-256-GCM,modp8192(21),Off,IPv4,file_transfer,1453.0,114.3,250.9,0.62,104.4,Strong,0.5
TRN05506,Transport,AES-256-GCM,modp768(1),Off,IPv6,video_streaming,838.9,105.9,0.5,0.63,74.0,Weak,8.4
TRN03394,Transport,DES,modp8192(21),Off,IPv6,whatsapp_msg,121.2,7.9,12.7,0.32,42.1,Medium,4.8
TRN05221,Tunnel,AES-256-GCM,modp8192(21),Off,IPv4,whatsapp_msg,159.0,3.9,3.3,0.12,153.2,Strong,2.3
TRN08042,Tunnel,AES-192,modp1536(5),Off,IPv6,file_transfer,1364.3,140.5,118.3,0.96,86.1,Weak,7.5
TRN00334,Transport,AES-128,modp2048(14),On,IPv4,dns_query,116.5,2.3,0.9,0.1,146.1,Medium,5.3
TRN05442,Transport,AES-192,modp8192(21),Off,IPv4,whatsapp_msg,63.5,3.1,11.2,0.35,163.0,Strong,2.0
TRN06392,Transport,AES-192,modp2048(14),On,IPv4,video_streaming,1112.4,65.6,41.4,0.65,80.5,Medium,5.9
TRN02226,Tunnel,DES,modp1024(2),On,IPv4,video_streaming,860.1,84.7,293.0,0.47,168.2,Weak,7.6
TRN08462,Transport,AES-192,modp1024(2),Off,IPv4,email,321.2,8.8,4.4,0.42,97.4,Weak,7.3
TRN03449,Tunnel,AES-128,modp6144(17),Off,IPv6,voip,112.9,55.0,16.7,0.29,109.0,Strong,1.4
TRN03590,Tunnel,AES-128,modp768(1),On,IPv4,icmp,68.3,1.5,0.5,0.07,78.0,Weak,8.5
TRN06750,Tunnel,AES-128,modp6144(17),Off,IPv4,video_streaming,1255.6,115.2,0.5,0.7,103.8,Medium,3.7
TRN01157,Tunnel,AES-128,modp2048(14),Off,IPv6,email,580.3,5.9,11.1,0.18,191.3,Medium,3.6
TRN05097,Tunnel,AES-128,modp768(1),Off,IPv6,video_streaming,1141.5,85.3,136.3,0.59,167.1,Weak,7.7
TRN01898,Tunnel,3DES,modp6144(17),On,IPv4,video_streaming,1077.9,110.4,331.9,0.64,196.0,Medium,3.0
TRN01057,Tunnel,AES-192,modp6144(17),Off,IPv4,dns_query,86.2,2.4,1.1,0.13,164.5,Strong,0.3
TRN03099,Tunnel,AES-192,modp8192(21),On,IPv4,icmp,70.6,1.9,7.4,0.02,142.1,Strong,1.5
TRN03885,Transport,AES-128,modp2048(14),On,IPv6,dns_query,73.1,3.0,0.5,0.08,181.7,Medium,6.0
TRN06576,Tunnel,DES,modp1024(2),Off,IPv6,web_browsing,384.5,15.1,25.9,0.47,55.2,Weak,8.5
TRN05558,Tunnel,AES-192,modp1536(5),Off,IPv6,email,1041.8,5.3,11.5,0.2,112.4,Medium,5.8
TRN07849,Tunnel,DES,modp3072(15),Off,IPv4,voip,113.4,38.7,286.3,0.23,142.7,Weak,9.0
TRN02717,Tunnel,3DES,modp1536(5),On,IPv6,file_transfer,1441.2,126.1,17.4,0.86,115.4,Weak,9.5
TRN00933,Transport,AES-256-GCM,modp6144(17),On,IPv6,icmp,66.9,1.5,0.5,0.05,161.7,Strong,2.2
TRN07368,Transport,AES-128,modp3072(15),Off,IPv4,whatsapp_msg,166.5,8.2,7.2,0.26,253.7,Medium,5.3
TRN06267,Tunnel,AES-128,modp6144(17),Off,IPv4,voip,125.0,34.7,250.2,0.19,151.5,Medium,4.9
TRN00024,Transport,AES-256-GCM,modp6144(17),Off,IPv4,whatsapp_msg,126.6,3.5,0.5,0.21,126.9,Strong,1.7
TRN05701,Tunnel,AES-256-GCM,modp768(1),Off,IPv6,whatsapp_msg,57.1,5.2,12.5,0.3,66.8,Weak,6.9
TRN08949,Tunnel,DES,modp6144(17),Off,IPv6,file_transfer,1393.3,134.5,155.9,0.86,100.6,Medium,4.2
TRN02125,Tunnel,AES-256,modp768(1),Off,IPv6,file_transfer,1435.3,122.2,129.5,0.7,171.3,Weak,8.4
TRN04862,Tunnel,AES-192,modp1024(2),On,IPv6,icmp,56.9,1.6,7.4,0.01,108.1,Medium,2.2
TRN02133,Tunnel,AES-256,modp3072(15),Off,IPv6,whatsapp_msg,133.5,8.9,0.5,0.32,202.8,Medium,6.4
TRN04324,Transport,AES-256,modp6144(17),Off,IPv4,voip,83.2,50.4,103.3,0.14,218.9,Strong,3.2
TRN05267,Tunnel,AES-192,modp768(1),On,IPv4,web_browsing,392.3,9.2,10.5,0.65,140.5,Weak,8.4
TRN04337,Tunnel,DES,modp4096(16),Off,IPv4,web_browsing,374.6,12.2,0.5,0.32,102.3,Weak,6.6
TRN04829,Transport,DES,modp6144(17),On,IPv4,dns_query,72.6,3.1,0.5,0.08,186.7,Medium,3.4
TRN06674,Tunnel,3DES,modp2048(14),Off,IPv6,icmp,63.5,2.3,1.8,0.06,177.7,Weak,9.6
TRN06227,Transport,DES,modp6144(17),Off,IPv4,web_browsing,428.9,14.1,1.7,0.6,43.4,Medium,3.9
TRN04662,Transport,AES-192,modp1024(2),On,IPv6,web_browsing,372.7,18.6,0.5,0.5,71.7,Weak,7.3
TRN03482,Tunnel,AES-192,modp3072(15),On,IPv4,voip,120.0,51.1,91.3,0.21,160.9,Medium,3.7
TRN04506,Tunnel,AES-128,modp8192(21),On,IPv4,file_transfer,1408.4,132.9,25.0,0.87,102.1,Strong,1.8
TRN06624,Transport,AES-256,modp1024(2),On,IPv4,voip,107.2,38.3,189.0,0.18,160.5,Medium,2.6
TRN01916,Tunnel,3DES,modp768(1),On,IPv4,email,685.9,8.8,0.5,0.35,209.1,Weak,7.9
TRN07186,Tunnel,AES-256-GCM,modp1536(5),Off,IPv4,dns_query,88.7,2.1,0.5,0.14,89.3,Medium,5.4
TRN07991,Tunnel,AES-128,modp6144(17),Off,IPv6,dns_query,75.9,4.1,0.5,0.08,56.7,Medium,5.5
TRN01473,Tunnel,AES-192,modp3072(15),On,IPv6,email,382.5,12.2,8.9,0.26,179.5,Strong,1.0
TRN04865,Tunnel,3DES,modp8192(21),Off,IPv6,icmp,50.7,1.8,0.5,0.04,200.7,Medium,4.7
TRN02677,Tunnel,DES,modp1024(2),Off,IPv6,web_browsing,444.0,15.1,0.5,0.39,37.9,Weak,7.9
TRN01746,Transport,AES-128,modp2048(14),Off,IPv4,web_browsing,419.2,11.9,0.5,0.34,170.8,Medium,2.9
TRN00497,Tunnel,DES,modp6144(17),Off,IPv6,video_streaming,896.8,115.8,302.9,0.45,131.5,Medium,4.2
TRN01069,Transport,AES-256,modp1024(2),On,IPv4,web_browsing,430.3,20.8,0.5,0.42,188.7,Medium,6.1
TRN06390,Transport,3DES,modp1024(2),On,IPv4,whatsapp_msg,113.5,4.4,0.8,0.2,125.3,Weak,10.0
TRN05870,Tunnel,AES-192,modp3072(15),Off,IPv6,file_transfer,1476.7,94.8,0.5,0.81,93.1,Medium,3.3
TRN07602,Tunnel,AES-128,modp1024(2),Off,IPv4,dns_query,79.0,2.1,1.8,0.1,93.9,Weak,9.4
TRN00034,Tunnel,AES-192,modp1024(2),Off,IPv6,voip,122.8,44.4,166.4,0.26,139.3,Weak,9.1
TRN05134,Transport,3DES,modp3072(15),Off,IPv6,video_streaming,1129.9,85.4,0.5,0.52,134.3,Weak,9.8
TRN00051,Transport,AES-256,modp1024(2),Off,IPv4,email,858.6,7.6,13.5,0.27,93.5,Medium,6.3
TRN01632,Transport,AES-192,modp6144(17),On,IPv6,dns_query,73.6,2.9,0.5,0.11,106.9,Strong,2.2
TRN08476,Transport,AES-256,modp6144(17),On,IPv6,voip,147.2,43.4,13.5,0.17,34.2,Strong,2.8
TRN07072,Transport,AES-192,modp1024(2),Off,IPv4,whatsapp_msg,178.4,7.5,5.8,0.28,112.9,Weak,9.6
TRN05311,Tunnel,AES-256-GCM,modp2048(14),On,IPv6,web_browsing,383.1,15.2,25.3,0.36,124.3,Strong,2.6
TRN06664,Tunnel,3DES,modp8192(21),Off,IPv6,video_streaming,1077.6,99.7,0.5,0.64,139.6,Medium,2.9
TRN00501,Transport,AES-256,modp4096(16),Off,IPv6,web_browsing,440.6,9.4,47.5,0.29,166.4,Strong,1.2
TRN08250,Tunnel,3DES,modp1536(5),On,IPv6,dns_query,80.8,3.1,0.5,0.12,145.8,Weak,8.0
TRN05022,Tunnel,AES-128,modp8192(21),Off,IPv4,icmp,48.4,2.5,5.1,0.03,159.9,Strong,1.4
TRN02484,Tunnel,AES-256,modp2048(14),On,IPv4,web_browsing,374.2,22.6,4.7,0.44,172.3,Strong,0.7
TRN07625,Transport,DES,modp768(1),Off,IPv4,email,730.8,0.7,0.5,0.31,202.0,Weak,8.9
TRN04976,Tunnel,3DES,modp8192(21),On,IPv4,dns_query,91.7,3.0,0.5,0.07,169.0,Strong,1.8
TRN03264,Transport,DES,modp2048(14),On,IPv4,dns_query,96.9,2.9,0.5,0.06,148.6,Weak,9.7
TRN05222,Transport,DES,modp768(1),On,IPv4,file_transfer,1394.5,137.6,0.5,0.93,152.8,Weak,8.1
TRN02817,Tunnel,AES-256-GCM,modp2048(14),Off,IPv4,web_browsing,401.4,12.2,9.6,0.28,114.5,Medium,3.0
TRN06148,Transport,AES-192,modp8192(21),Off,IPv4,voip,105.2,51.7,14.5,0.27,94.0,Strong,2.1
TRN02727,Transport,AES-256,modp8192(21),On,IPv4,dns_query,86.8,4.1,4.2,0.1,214.1,Strong,1.9
TRN02992,Transport,AES-128,modp4096(16),Off,IPv6,voip,76.8,40.8,0.5,0.2,91.6,Medium,3.2
TRN00709,Transport,AES-256,modp8192(21),On,IPv4,file_transfer,1401.8,147.8,0.5,0.78,137.5,Strong,2.0
TRN00246,Transport,AES-256-GCM,modp4096(16),Off,IPv4,whatsapp_msg,129.4,3.9,0.5,0.21,169.3,Strong,1.0
TRN00150,Transport,AES-256-GCM,modp768(1),On,IPv6,video_streaming,1029.2,92.1,1368.6,0.45,77.9,Medium,4.0
TRN02359,Tunnel,AES-256-GCM,modp1024(2),On,IPv6,file_transfer,1351.4,99.9,50.4,0.69,103.0,Medium,5.0
TRN00186,Tunnel,AES-192,modp8192(21),On,IPv6,file_transfer,1374.2,155.8,0.5,0.95,129.9,Strong,1.4
TRN08723,Tunnel,AES-192,modp8192(21),On,IPv4,icmp,82.4,2.5,0.5,0.04,123.9,Strong,1.0
TRN04741,Transport,DES,modp3072(15),On,IPv4,file_transfer,1387.4,121.8,0.5,0.67,121.7,Weak,9.6
TRN05956,Transport,DES,modp768(1),On,IPv6,icmp,61.4,2.1,0.5,0.07,161.1,Weak,10.0
TRN08750,Transport,3DES,modp1536(5),On,IPv6,icmp,61.9,1.8,0.5,0.07,145.6,Weak,8.5
TRN08730,Transport,AES-256-GCM,modp1536(5),Off,IPv4,file_transfer,1423.4,91.8,35.8,0.66,225.2,Medium,5.0
TRN03593,Tunnel,AES-256-GCM,modp3072(15),On,IPv6,file_transfer,1329.1,136.8,0.5,0.7,193.6,Strong,1.9
TRN05229,Tunnel,AES-256,modp3072(15),On,IPv4,whatsapp_msg,189.6,4.4,8.9,0.11,72.1,Strong,2.2
TRN04669,Tunnel,DES,modp1536(5),Off,IPv6,video_streaming,801.4,103.4,0.5,0.74,150.8,Weak,6.7
TRN06682,Transport,AES-256,modp4096(16),Off,IPv4,whatsapp_msg,124.3,5.9,6.8,0.29,275.6,Strong,2.2
TRN08897,Transport,DES,modp2048(14),On,IPv6,dns_query,65.0,4.9,1.1,0.13,230.5,Weak,10.0
TRN03146,Tunnel,AES-256,modp6144(17),Off,IPv6,icmp,61.3,2.4,11.4,0.02,163.5,Strong,1.2
TRN01673,Tunnel,AES-256-GCM,modp2048(14),Off,IPv6,video_streaming,1039.9,96.1,0.5,0.64,214.9,Medium,3.3
TRN04751,Transport,AES-128,modp2048(14),Off,IPv4,file_transfer,1416.8,114.8,136.1,0.87,108.3,Medium,4.8
TRN06248,Tunnel,3DES,modp1536(5),On,IPv6,icmp,63.9,1.5,1.6,0.01,112.1,Weak,9.3
TRN00551,Tunnel,3DES,modp1536(5),Off,IPv6,voip,103.8,43.7,224.4,0.2,144.6,Weak,10.0
TRN08331,Transport,AES-256,modp2048(14),On,IPv6,whatsapp_msg,211.2,8.6,0.5,0.21,172.8,Strong,0.8
TRN01920,Transport,AES-192,modp768(1),On,IPv4,icmp,64.1,2.4,0.5,0.06,156.6,Weak,8.8
TRN00018,Transport,AES-128,modp1024(2),On,IPv4,voip,106.0,55.6,0.5,0.11,187.2,Weak,8.3
TRN06049,Transport,3DES,modp2048(14),On,IPv4,icmp,69.2,2.3,0.5,0.06,97.9,Weak,7.7
TRN02875,Transport,AES-128,modp1536(5),Off,IPv6,voip,130.5,40.7,299.8,0.18,102.0,Weak,8.5
TRN03483,Transport,AES-192,modp4096(16),Off,IPv6,whatsapp_msg,163.9,5.0,2.9,0.21,100.4,Medium,3.0
TRN07821,Tunnel,DES,modp2048(14),On,IPv4,video_streaming,1033.7,101.7,371.8,0.51,188.2,Weak,7.8
TRN05077,Tunnel,AES-128,modp1024(2),Off,IPv6,video_streaming,1168.7,84.8,0.5,0.66,110.6,Weak,8.7
TRN05385,Tunnel,3DES,modp768(1),Off,IPv4,email,756.2,9.1,0.5,0.4,178.9,Weak,8.6
TRN02167,Tunnel,DES,modp4096(16),On,IPv6,dns_query,85.2,2.4,2.1,0.08,212.7,Medium,3.4
TRN02058,Tunnel,AES-256,modp3072(15),Off,IPv6,web_browsing,384.0,22.4,36.9,0.63,141.0,Strong,0.9
TRN04634,Tunnel,AES-128,modp768(1),Off,IPv4,dns_query,69.5,3.4,0.5,0.08,221.4,Weak,10.0
TRN04503,Tunnel,AES-128,modp8192(21),Off,IPv6,voip,107.8,41.9,0.5,0.24,184.7,Strong,1.2
TRN03581,Tunnel,AES-256,modp6144(17),Off,IPv6,whatsapp_msg,186.2,4.2,2.9,0.18,174.0,Strong,0.9
TRN04114,Transport,AES-256-GCM,modp2048(14),Off,IPv6,video_streaming,1531.9,89.5,137.2,0.51,76.0,Strong,1.3
TRN04195,Tunnel,DES,modp3072(15),Off,IPv4,dns_query,68.9,2.4,4.6,0.11,202.8,Weak,9.5
TRN02877,Transport,AES-256,modp768(1),On,IPv6,whatsapp_msg,132.9,5.4,10.5,0.35,96.3,Medium,4.0
TRN04048,Transport,3DES,modp2048(14),Off,IPv6,video_streaming,1181.1,96.1,194.4,0.53,128.8,Weak,9.2
TRN04348,Tunnel,3DES,modp3072(15),Off,IPv4,file_transfer,1420.5,107.5,0.5,0.79,132.1,Weak,8.5
TRN01489,Transport,AES-128,modp1024(2),Off,IPv4,email,572.8,7.8,14.9,0.26,144.2,Weak,8.2
TRN04088,Transport,AES-256-GCM,modp8192(21),Off,IPv4,web_browsing,276.7,14.0,0.5,0.52,139.8,Strong,2.1
TRN00169,Tunnel,DES,modp8192(21),Off,IPv4,video_streaming,1179.1,88.7,0.5,0.6,86.7,Medium,4.2
TRN04820,Tunnel,AES-256-GCM,modp4096(16),Off,IPv4,icmp,71.1,2.6,0.5,0.06,128.6,Strong,0.3
TRN05712,Tunnel,AES-256,modp8192(21),Off,IPv4,dns_query,77.5,2.2,0.5,0.1,196.0,Strong,0.3
TRN08574,Tunnel,DES,modp2048(14),Off,IPv6,web_browsing,445.8,7.3,22.4,0.53,147.5,Weak,9.0
TRN06816,Transport,3DES,modp8192(21),Off,IPv4,web_browsing,391.1,12.7,0.5,0.45,133.7,Medium,4.5
TRN02247,Tunnel,3DES,modp2048(14),On,IPv6,voip,139.0,35.4,0.5,0.19,178.9,Weak,7.3
TRN06758,Tunnel,AES-192,modp8192(21),On,IPv6,voip,110.8,39.1,81.1,0.15,180.2,Strong,2.1
TRN06727,Transport,3DES,modp1536(5),On,IPv6,web_browsing,451.9,14.8,41.4,0.47,89.0,Weak,9.0
TRN00762,Transport,AES-256,modp1536(5),On,IPv4,dns_query,110.1,1.5,2.9,0.18,163.1,Medium,2.4
TRN05831,Tunnel,AES-192,modp2048(14),On,IPv6,whatsapp_msg,52.5,7.7,0.5,0.3,169.4,Medium,3.8
TRN02482,Tunnel,3DES,modp1024(2),On,IPv6,icmp,56.4,1.6,9.9,0.04,173.7,Weak,7.0
TRN02958,Tunnel,3DES,modp8192(21),On,IPv4,web_browsing,460.1,10.5,0.5,0.3,151.4,Medium,5.7
TRN00719,Transport,AES-192,modp3072(15),Off,IPv6,video_streaming,1376.4,80.2,0.5,0.69,258.4,Medium,4.6
TRN01784,Transport,AES-192,modp2048(14),Off,IPv4,file_transfer,1304.1,114.6,68.9,0.88,119.6,Medium,6.1
TRN06652,Transport,AES-128,modp1024(2),Off,IPv4,dns_query,63.7,4.1,0.5,0.09,219.3,Weak,8.1
TRN00488,Tunnel,AES-192,modp2048(14),Off,IPv6,web_browsing,540.8,16.8,0.5,0.28,114.4,Medium,3.8
TRN06475,Transport,DES,modp3072(15),On,IPv4,whatsapp_msg,169.6,6.2,7.0,0.28,185.2,Weak,7.4
TRN00995,Transport,AES-128,modp1536(5),Off,IPv4,voip,105.8,39.9,0.5,0.24,84.4,Weak,7.1
TRN01430,Tunnel,DES,modp8192(21),On,IPv4,video_streaming,1016.8,73.4,0.5,0.56,141.6,Medium,5.5
TRN03061,Tunnel,AES-128,modp1536(5),Off,IPv4,web_browsing,428.2,23.4,5.6,0.34,175.1,Weak,7.2
TRN01079,Tunnel,AES-256,modp8192(21),On,IPv6,file_transfer,1419.9,143.1,0.5,0.83,140.2,Strong,2.3
TRN03498,Tunnel,AES-256,modp1536(5),On,IPv6,web_browsing,455.3,12.0,7.0,0.49,193.2,Medium,5.9
TRN02516,Transport,AES-256-GCM,modp768(1),On,IPv6,dns_query,101.2,4.0,1.1,0.1,132.8,Medium,4.0
TRN01794,Tunnel,3DES,modp8192(21),Off,IPv4,web_browsing,384.5,7.2,8.7,0.45,133.8,Medium,6.3
TRN06329,Tunnel,AES-256,modp768(1),On,IPv6,whatsapp_msg,140.5,3.6,0.5,0.29,171.6,Weak,7.7
TRN05010,Tunnel,AES-256,modp6144(17),On,IPv4,email,615.1,8.2,0.5,0.2,123.2,Strong,1.5
TRN07873,Tunnel,3DES,modp1536(5),On,IPv4,whatsapp_msg,151.8,5.1,10.0,0.33,161.7,Weak,9.0
TRN02953,Tunnel,AES-192,modp768(1),On,IPv6,video_streaming,922.5,75.3,278.9,0.5,240.8,Weak,10.0
TRN02698,Tunnel,3DES,modp6144(17),On,IPv6,dns_query,84.1,2.9,3.0,0.12,235.0,Medium,4.9
TRN02228,Transport,DES,modp1536(5),On,IPv4,icmp,69.2,1.5,0.5,0.03,195.5,Weak,6.3
TRN08404,Transport,3DES,modp4096(16),Off,IPv4,dns_query,103.9,2.3,1.3,0.07,151.9,Medium,4.6
TRN02215,Tunnel,3DES,modp768(1),Off,IPv6,video_streaming,1082.5,96.2,943.2,0.68,144.1,Weak,8.6
TRN05591,Transport,AES-256,modp3072(15),On,IPv6,email,849.8,11.0,17.5,0.25,183.9,Strong,3.1
TRN05251,Transport,AES-192,modp1536(5),Off,IPv6,whatsapp_msg,110.8,8.8,10.0,0.25,202.7,Weak,9.3
TRN08999,Transport,3DES,modp4096(16),On,IPv4,icmp,63.4,1.8,0.5,0.04,110.5,Medium,4.8
TRN00354,Transport,DES,modp768(1),On,IPv4,whatsapp_msg,213.1,4.5,0.5,0.2,70.8,Weak,9.3
TRN02710,Tunnel,AES-128,modp4096(16),On,IPv4,whatsapp_msg,113.2,6.4,4.5,0.32,200.4,Medium,6.2
TRN06330,Tunnel,AES-256,modp1536(5),On,IPv4,dns_query,101.4,3.9,1.1,0.14,174.6,Medium,3.0
TRN07164,Transport,AES-192,modp1536(5),On,IPv4,file_transfer,1431.6,121.9,0.5,1.0,116.0,Medium,5.2
TRN05655,Tunnel,3DES,modp2048(14),On,IPv4,web_browsing,247.6,17.6,19.5,0.28,157.0,Medium,6.5
TRN01776,Transport,AES-256-GCM,modp1536(5),On,IPv4,icmp,56.5,2.9,3.5,0.1,89.0,Medium,6.8
TRN06970,Tunnel,AES-256,modp1536(5),On,IPv6,file_transfer,1396.9,112.0,0.5,0.64,75.7,Medium,4.9
TRN06444,Tunnel,AES-256-GCM,modp768(1),Off,IPv6,web_browsing,336.9,14.9,22.1,0.53,158.9,Medium,4.9
TRN01422,Transport,AES-128,modp1024(2),Off,IPv6,email,787.7,10.1,0.5,0.27,96.3,Weak,8.2
TRN08627,Tunnel,3DES,modp4096(16),On,IPv6,email,557.0,7.6,0.5,0.32,127.8,Medium,5.7
TRN02674,Transport,AES-256,modp6144(17),On,IPv4,icmp,60.3,1.3,0.7,0.02,75.2,Strong,1.9
TRN00829,Transport,AES-256-GCM,modp4096(16),Off,IPv4,file_transfer,1409.8,128.0,0.5,0.74,192.1,Strong,1.6
TRN08787,Transport,AES-256,modp1536(5),On,IPv4,file_transfer,1378.0,123.3,335.2,0.85,168.1,Medium,4.2
TRN05406,Transport,AES-128,modp1536(5),On,IPv6,web_browsing,274.0,10.9,2.2,0.61,98.3,Weak,8.7
TRN01881,Transport,DES,modp4096(16),Off,IPv6,icmp,59.2,2.0,3.9,0.03,151.0,Weak,9.8
TRN08057,Transport,AES-128,modp8192(21),On,IPv4,voip,132.7,40.9,0.5,0.25,120.3,Strong,2.2
TRN00454,Transport,AES-128,modp6144(17),On,IPv4,voip,150.8,38.7,0.5,0.21,103.5,Strong,0.4
TRN03039,Transport,AES-256-GCM,modp3072(15),On,IPv4,web_browsing,267.5,7.6,0.5,0.68,156.0,Strong,1.0
TRN07503,Tunnel,DES,modp4096(16),Off,IPv4,email,625.6,11.2,3.3,0.2,153.7,Medium,5.5
TRN01227,Tunnel,AES-256,modp1024(2),Off,IPv6,whatsapp_msg,119.9,5.4,3.6,0.21,154.4,Weak,8.3
TRN02376,Transport,DES,modp768(1),On,IPv6,web_browsing,396.6,24.4,0.5,0.55,169.4,Weak,10.0
TRN00683,Transport,AES-256,modp768(1),Off,IPv4,email,264.8,6.9,0.5,0.33,78.3,Weak,10.0
TRN08865,Transport,AES-128,modp1024(2),On,IPv6,file_transfer,1432.3,155.3,0.5,0.67,133.2,Weak,7.9
TRN07872,Tunnel,AES-256-GCM,modp1024(2),On,IPv6,file_transfer,1443.4,152.0,0.5,0.79,107.9,Medium,6.3
TRN06207,Transport,AES-256-GCM,modp4096(16),On,IPv4,video_streaming,1036.3,100.7,0.5,0.65,112.7,Strong,1.7
TRN05045,Transport,AES-256,modp2048(14),On,IPv4,file_transfer,1446.4,157.7,0.5,0.71,131.0,Strong,2.5
TRN01560,Tunnel,DES,modp3072(15),Off,IPv6,video_streaming,1328.8,48.7,430.1,0.72,180.9,Weak,8.3
TRN04717,Tunnel,AES-256-GCM,modp1536(5),On,IPv6,dns_query,74.3,3.2,0.5,0.09,220.3,Medium,2.7
TRN08635,Tunnel,AES-128,modp8192(21),Off,IPv6,dns_query,98.6,2.1,0.5,0.12,187.6,Strong,1.4
TRN07007,Tunnel,AES-192,modp768(1),Off,IPv6,voip,102.9,51.1,223.2,0.14,140.2,Weak,9.8
TRN06651,Transport,AES-256-GCM,modp4096(16),Off,IPv4,video_streaming,1038.8,69.5,1286.8,0.54,149.0,Strong,0.3
TRN02216,Tunnel,AES-256-GCM,modp1024(2),On,IPv4,web_browsing,449.2,20.4,20.7,0.3,201.2,Medium,3.4
TRN02987,Transport,3DES,modp1024(2),Off,IPv4,whatsapp_msg,172.7,4.6,3.5,0.18,67.1,Weak,7.3
TRN02803,Transport,AES-256-GCM,modp2048(14),Off,IPv4,icmp,62.2,3.0,0.5,0.06,101.4,Strong,2.9
TRN01418,Tunnel,3DES,modp1536(5),Off,IPv6,email,432.2,11.7,7.9,0.27,101.4,Weak,7.4
TRN04526,Tunnel,AES-128,modp8192(21),On,IPv6,whatsapp_msg,84.2,10.0,0.5,0.28,148.2,Strong,2.7
TRN05932,Tunnel,AES-256,modp2048(14),Off,IPv6,icmp,57.5,1.7,1.3,0.06,134.3,Medium,6.3
TRN04393,Transport,AES-128,modp1536(5),Off,IPv6,whatsapp_msg,147.6,4.1,16.5,0.23,68.2,Weak,7.5
TRN07367,Tunnel,AES-128,modp1024(2),Off,IPv4,video_streaming,1001.5,91.4,798.4,0.66,122.0,Weak,7.0
TRN03661,Tunnel,3DES,modp3072(15),On,IPv6,dns_query,93.6,4.2,0.5,0.1,136.3,Medium,3.5
TRN07262,Tunnel,AES-256-GCM,modp2048(14),On,IPv4,voip,118.8,20.2,41.2,0.24,139.8,Strong,1.2
TRN06780,Transport,AES-192,modp768(1),On,IPv4,icmp,71.6,1.3,2.3,0.01,119.1,Weak,6.8
TRN02651,Tunnel,AES-192,modp8192(21),On,IPv6,video_streaming,1497.5,95.8,0.5,0.47,68.6,Strong,1.6
TRN05984,Transport,AES-128,modp3072(15),On,IPv4,icmp,59.2,2.2,11.3,0.04,75.4,Medium,5.4
TRN07035,Transport,AES-192,modp1024(2),Off,IPv4,dns_query,90.0,4.1,2.1,0.12,37.9,Weak,7.3
TRN01624,Tunnel,AES-192,modp1024(2),On,IPv4,dns_query,63.9,2.4,2.2,0.1,201.8,Weak,6.3
TRN01544,Tunnel,3DES,modp1024(2),Off,IPv6,dns_query,75.6,1.2,0.8,0.05,152.1,Weak,8.7
TRN00430,Tunnel,AES-192,modp6144(17),Off,IPv4,icmp,64.9,2.3,4.7,0.04,96.6,Strong,2.5
TRN03938,Transport,AES-256,modp3072(15),On,IPv4,video_streaming,1455.7,91.6,93.2,0.71,200.0,Strong,2.4
TRN04716,Transport,AES-128,modp3072(15),On,IPv4,file_transfer,1368.0,115.9,203.6,0.79,105.9,Medium,5.4
TRN08739,Tunnel,AES-192,modp8192(21),On,IPv6,video_streaming,1442.6,104.7,0.5,0.72,148.6,Strong,2.4
TRN07947,Tunnel,AES-256-GCM,modp6144(17),On,IPv6,icmp,64.6,2.2,0.5,0.03,40.6,Strong,2.2
TRN05455,Transport,3DES,modp3072(15),On,IPv6,whatsapp_msg,202.3,4.8,0.5,0.13,112.6,Medium,2.9
TRN05467,Transport,AES-256-GCM,modp2048(14),On,IPv6,icmp,63.2,2.6,0.5,0.05,164.9,Strong,1.3
TRN01579,Transport,3DES,modp768(1),Off,IPv6,icmp,66.4,2.0,0.5,0.06,135.0,Weak,7.7
TRN04598,Transport,AES-256-GCM,modp8192(21),On,IPv6,video_streaming,1314.1,89.8,0.5,0.65,183.5,Strong,2.1
TRN00857,Tunnel,AES-256,modp4096(16),On,IPv4,video_streaming,1270.7,118.6,13.2,0.59,212.6,Strong,3.1
TRN01039,Tunnel,AES-192,modp1024(2),Off,IPv6,web_browsing,373.8,8.7,0.5,0.34,116.5,Weak,8.2
TRN04162,Tunnel,3DES,modp768(1),On,IPv6,file_transfer,1379.5,124.9,0.5,0.77,163.7,Weak,8.8
TRN05280,Tunnel,AES-256,modp6144(17),Off,IPv6,web_browsing,512.8,13.8,4.1,0.55,101.7,Strong,0.9
TRN07481,Tunnel,AES-256-GCM,modp768(1),Off,IPv4,file_transfer,1392.9,112.8,0.5,0.99,118.1,Medium,4.6
TRN00638,Tunnel,3DES,modp8192(21),On,IPv4,email,578.4,8.7,11.0,0.23,165.8,Medium,4.4
TRN01863,Tunnel,DES,modp1024(2),Off,IPv4,web_browsing,371.5,11.6,0.5,0.59,197.8,Weak,9.0
TRN07693,Transport,DES,modp4096(16),Off,IPv6,video_streaming,1135.8,95.7,587.0,0.52,193.2,Medium,6.3
TRN00234,Tunnel,AES-192,modp1536(5),On,IPv6,icmp,62.0,2.3,3.7,0.05,171.2,Medium,3.7
TRN01615,Tunnel,AES-256-GCM,modp1536(5),On,IPv6,video_streaming,1118.1,90.8,0.5,0.62,167.8,Medium,3.2
TRN02116,Tunnel,AES-192,modp2048(14),On,IPv6,email,661.5,8.5,6.2,0.4,201.2,Medium,4.1
TRN01128,Tunnel,AES-128,modp2048(14),Off,IPv6,email,1201.2,6.3,18.0,0.31,146.0,Medium,4.0
TRN02652,Transport,AES-192,modp1024(2),On,IPv6,video_streaming,1101.4,30.8,48.8,0.67,222.3,Weak,7.6
TRN06696,Transport,AES-256,modp2048(14),On,IPv6,whatsapp_msg,132.3,5.5,3.4,0.31,135.4,Strong,1.0
TRN05931,Transport,AES-256-GCM,modp3072(15),On,IPv4,icmp,72.2,1.6,12.2,0.08,193.0,Strong,1.3
TRN08903,Tunnel,AES-256,modp768(1),On,IPv4,whatsapp_msg,192.1,6.8,3.8,0.22,149.2,Weak,7.6
TRN07759,Tunnel,DES,modp1536(5),Off,IPv6,file_transfer,1354.5,102.6,0.5,0.8,89.5,Weak,9.7
TRN01719,Tunnel,3DES,modp2048(14),On,IPv4,file_transfer,1442.8,117.6,0.5,0.74,94.9,Medium,3.8
TRN02983,Transport,AES-256-GCM,modp4096(16),On,IPv4,email,317.9,9.5,22.6,0.3,154.2,Strong,0.3
TRN04203,Tunnel,AES-256,modp3072(15),Off,IPv6,voip,123.1,32.0,10.3,0.18,132.3,Strong,0.5
TRN05441,Tunnel,AES-128,modp8192(21),Off,IPv6,web_browsing,516.7,16.0,0.5,0.64,183.5,Strong,1.0
TRN07833,Transport,DES,modp1024(2),Off,IPv6,email,523.8,3.5,0.5,0.24,249.8,Weak,9.0
TRN07083,Transport,AES-256-GCM,modp768(1),Off,IPv6,icmp,65.3,2.7,0.5,0.06,124.7,Medium,5.9
TRN07804,Transport,AES-192,modp1536(5),Off,IPv6,voip,133.4,53.2,227.0,0.21,175.6,Medium,6.0
TRN08286,Tunnel,DES,modp768(1),Off,IPv6,web_browsing,290.4,14.5,8.1,0.53,139.6,Weak,6.5
TRN04302,Tunnel,AES-256,modp4096(16),Off,IPv6,video_streaming,997.1,103.1,0.5,0.45,189.6,Strong,2.8
TRN01314,Transport,3DES,modp2048(14),Off,IPv6,dns_query,87.4,2.3,1.6,0.12,166.8,Weak,9.1
TRN07732,Transport,AES-256,modp2048(14),Off,IPv4,file_transfer,1432.2,101.4,0.5,0.85,188.0,Medium,3.7
TRN07041,Transport,AES-192,modp3072(15),Off,IPv4,whatsapp_msg,104.8,6.0,0.5,0.32,155.0,Medium,4.5
TRN03306,Transport,AES-256,modp2048(14),On,IPv4,voip,150.7,45.4,545.0,0.17,208.4,Medium,5.1
TRN00102,Transport,AES-192,modp768(1),Off,IPv6,file_transfer,1378.2,137.8,0.5,0.95,134.0,Weak,8.9
TRN00320,Transport,3DES,modp6144(17),Off,IPv6,email,328.6,7.1,0.5,0.49,155.7,Medium,4.0
TRN06349,Transport,AES-256,modp3072(15),Off,IPv6,file_transfer,1359.8,116.2,0.5,0.68,87.1,Medium,6.6
TRN00626,Tunnel,AES-192,modp2048(14),On,IPv6,video_streaming,1371.9,72.8,0.5,0.47,92.1,Medium,6.5
TRN08931,Tunnel,AES-128,modp3072(15),Off,IPv4,voip,107.9,36.9,0.5,0.18,223.4,Medium,3.2
TRN08872,Transport,AES-256-GCM,modp4096(16),Off,IPv4,video_streaming,1275.7,63.4,38.8,0.51,113.8,Strong,1.6
TRN05410,Tunnel,DES,modp8192(21),Off,IPv4,web_browsing,266.2,15.1,0.5,0.47,202.1,Medium,5.0
TRN01517,Tunnel,AES-128,modp768(1),On,IPv6,dns_query,77.4,3.9,1.1,0.05,125.2,Weak,8.4
TRN08002,Tunnel,AES-256-GCM,modp2048(14),Off,IPv6,dns_query,83.3,4.3,0.5,0.08,218.8,Medium,4.0
TRN04909,Tunnel,AES-256,modp1536(5),Off,IPv6,email,570.1,14.4,29.6,0.34,301.9,Medium,6.0
TRN01562,Tunnel,DES,modp3072(15),On,IPv6,dns_query,65.5,4.2,0.5,0.11,188.5,Medium,3.9
TRN01742,Transport,AES-128,modp1024(2),Off,IPv6,whatsapp_msg,155.6,3.6,4.6,0.28,163.8,Weak,10.0
TRN02927,Transport,AES-256,modp1024(2),On,IPv4,web_browsing,372.4,15.7,3.1,0.42,190.0,Medium,6.3
TRN00335,Transport,DES,modp8192(21),Off,IPv6,video_streaming,1274.6,76.8,0.5,0.56,228.1,Medium,5.6
TRN02612,Tunnel,AES-192,modp6144(17),Off,IPv6,dns_query,99.0,2.4,3.7,0.11,140.2,Strong,1.3
TRN06438,Transport,AES-256,modp8192(21),Off,IPv6,voip,140.8,43.2,562.0,0.22,199.8,Strong,1.7
TRN01513,Transport,AES-256-GCM,modp8192(21),On,IPv4,voip,125.4,38.9,0.5,0.18,170.7,Strong,2.1
TRN03609,Transport,AES-256,modp4096(16),Off,IPv4,voip,123.0,54.4,209.9,0.15,165.9,Strong,2.6
TRN02007,Transport,AES-192,modp1024(2),Off,IPv6,whatsapp_msg,61.2,5.0,6.0,0.2,153.4,Weak,7.0
TRN00462,Transport,DES,modp1024(2),On,IPv4,icmp,66.9,3.1,0.5,0.06,190.3,Weak,9.4
TRN04225,Tunnel,AES-128,modp3072(15),Off,IPv4,icmp,56.2,2.4,3.1,0.02,103.6,Medium,3.7
TRN03940,Transport,3DES,modp6144(17),Off,IPv6,email,794.1,10.4,0.5,0.37,152.5,Medium,5.9
TRN03140,Transport,AES-128,modp1024(2),On,IPv4,email,553.0,4.1,0.5,0.59,169.9,Weak,8.3
TRN03081,Tunnel,3DES,modp6144(17),On,IPv6,whatsapp_msg,96.2,6.8,2.8,0.1,128.6,Medium,2.5
TRN00009,Transport,AES-256-GCM,modp2048(14),Off,IPv4,dns_query,96.8,4.5,0.5,0.05,208.6,Medium,4.2
TRN07856,Tunnel,AES-256-GCM,modp1536(5),On,IPv4,web_browsing,289.4,16.7,33.2,0.7,132.2,Medium,4.1
TRN00100,Transport,AES-128,modp1024(2),On,IPv4,web_browsing,306.2,16.9,0.5,0.45,110.5,Weak,7.1
TRN01514,Transport,AES-256-GCM,modp3072(15),Off,IPv4,dns_query,79.4,2.1,2.1,0.12,209.4,Strong,0.9
TRN04217,Tunnel,3DES,modp768(1),On,IPv6,whatsapp_msg,107.9,4.8,0.5,0.15,144.7,Weak,8.9
TRN06183,Transport,AES-256-GCM,modp2048(14),On,IPv4,web_browsing,465.7,17.8,0.5,0.14,154.6,Strong,0.8
TRN08947,Tunnel,3DES,modp4096(16),Off,IPv6,icmp,47.0,2.3,0.5,0.06,27.0,Medium,6.3
TRN08233,Transport,AES-128,modp4096(16),Off,IPv6,icmp,66.7,2.1,0.5,0.03,142.0,Medium,4.1
TRN06797,Transport,DES,modp3072(15),On,IPv6,file_transfer,1389.7,144.6,0.5,0.81,214.1,Medium,4.4
TRN01841,Transport,AES-192,modp8192(21),On,IPv4,icmp,73.2,2.4,0.5,0.06,134.4,Strong,2.2
TRN02129,Tunnel,AES-256-GCM,modp4096(16),Off,IPv4,icmp,61.8,2.0,16.9,0.07,120.4,Strong,2.1
TRN00032,Transport,AES-256,modp2048(14),Off,IPv4,email,241.4,2.8,5.7,0.23,188.3,Medium,6.1
TRN04845,Transport,DES,modp768(1),On,IPv6,whatsapp_msg,192.6,6.2,18.7,0.23,242.0,Weak,6.6
TRN01510,Transport,AES-256,modp4096(16),On,IPv6,dns_query,87.1,2.4,1.8,0.03,148.6,Strong,1.8
TRN06856,Tunnel,AES-256-GCM,modp8192(21),Off,IPv4,dns_query,81.0,2.1,0.5,0.13,147.7,Strong,1.7
TRN02895,Transport,DES,modp1536(5),On,IPv4,web_browsing,461.9,14.5,0.5,0.43,229.3,Weak,6.9
TRN00867,Tunnel,AES-128,modp1536(5),Off,IPv4,voip,110.8,43.7,0.5,0.28,163.1,Weak,6.4
TRN07138,Tunnel,3DES,modp2048(14),Off,IPv6,voip,166.0,47.4,0.5,0.18,91.0,Weak,7.8
TRN00759,Transport,DES,modp3072(15),Off,IPv6,icmp,63.9,1.3,11.2,0.04,155.2,Weak,8.1
TRN08655,Tunnel,AES-128,modp3072(15),On,IPv6,web_browsing,376.5,17.0,48.8,0.49,67.7,Medium,5.6
TRN06910,Transport,AES-128,modp6144(17),Off,IPv4,whatsapp_msg,130.8,5.5,0.5,0.18,94.7,Medium,3.6
TRN00541,Transport,AES-128,modp1024(2),On,IPv6,web_browsing,402.2,7.5,24.4,0.55,83.0,Weak,9.3
TRN01329,Transport,AES-256-GCM,modp1536(5),On,IPv6,dns_query,101.8,2.8,1.8,0.07,108.6,Medium,4.0
TRN03246,Transport,AES-128,modp4096(16),Off,IPv6,video_streaming,1207.8,84.7,985.3,0.52,124.3,Medium,3.5
TRN08486,Transport,AES-192,modp2048(14),Off,IPv4,email,544.0,6.7,16.6,0.35,172.6,Medium,2.9
TRN07930,Transport,AES-256-GCM,modp8192(21),Off,IPv6,dns_query,101.3,2.8,1.6,0.06,161.0,Strong,2.1
TRN07876,Transport,AES-128,modp8192(21),On,IPv4,web_browsing,481.5,22.1,41.7,0.39,170.4,Strong,2.7
TRN05435,Transport,AES-192,modp2048(14),On,IPv6,voip,111.6,33.3,7.0,0.25,206.5,Medium,6.3
TRN03480,Transport,AES-192,modp1536(5),On,IPv4,icmp,64.8,1.0,12.2,0.06,125.6,Medium,4.3
TRN07836,Transport,AES-256,modp2048(14),Off,IPv6,email,491.3,10.9,16.7,0.24,134.2,Medium,3.9
TRN07212,Transport,DES,modp4096(16),Off,IPv6,file_transfer,1365.4,117.2,178.8,0.66,143.6,Medium,2.7
TRN08291,Tunnel,AES-128,modp1024(2),Off,IPv4,whatsapp_msg,102.6,6.7,3.0,0.31,163.0,Weak,6.6
TRN04636,Transport,AES-192,modp1024(2),On,IPv4,file_transfer,1504.7,104.0,188.1,0.74,169.5,Medium,4.4
TRN02834,Transport,AES-128,modp3072(15),On,IPv4,web_browsing,228.9,17.7,28.6,0.43,106.3,Medium,6.1
TRN08990,Transport,DES,modp4096(16),On,IPv6,icmp,67.1,2.9,0.5,0.08,132.4,Medium,5.2
TRN03051,Transport,DES,modp2048(14),On,IPv4,file_transfer,1372.2,87.9,114.1,0.81,186.7,Weak,7.9
TRN06487,Transport,3DES,modp768(1),Off,IPv6,video_streaming,1090.1,98.0,0.5,0.64,141.0,Weak,8.7
TRN04507,Transport,AES-256-GCM,modp2048(14),On,IPv6,video_streaming,1440.2,88.4,945.0,0.65,127.3,Strong,0.4
TRN01771,Transport,AES-192,modp8192(21),On,IPv4,web_browsing,398.0,21.6,0.5,0.65,173.4,Strong,0.7
TRN01689,Transport,AES-128,modp4096(16),On,IPv4,voip,92.4,47.3,0.5,0.1,164.3,Medium,4.2
TRN05973,Tunnel,DES,modp8192(21),Off,IPv6,file_transfer,1380.3,132.3,0.5,0.95,125.4,Medium,2.7
TRN02311,Tunnel,AES-256,modp4096(16),On,IPv6,dns_query,72.5,2.2,0.7,0.07,200.6,Strong,2.5
TRN07235,Tunnel,DES,modp2048(14),On,IPv4,file_transfer,1327.7,84.8,283.9,0.78,156.0,Weak,7.1
TRN01198,Tunnel,AES-256-GCM,modp3072(15),Off,IPv4,voip,154.5,44.4,0.5,0.08,90.5,Strong,2.0
TRN04830,Transport,AES-128,modp2048(14),Off,IPv4,web_browsing,467.9,10.7,7.3,0.66,101.4,Medium,6.4
TRN02378,Transport,AES-128,modp1024(2),On,IPv6,whatsapp_msg,164.5,7.0,0.5,0.21,162.5,Weak,8.2
TRN06991,Transport,AES-192,modp2048(14),On,IPv4,web_browsing,444.8,23.4,41.4,0.61,65.7,Medium,4.4
TRN02518,Transport,3DES,modp2048(14),On,IPv4,file_transfer,1384.0,104.3,0.5,0.66,138.2,Medium,5.4
TRN03640,Tunnel,3DES,modp2048(14),Off,IPv6,video_streaming,1225.1,113.8,169.5,0.61,207.6,Weak,6.8
TRN08431,Tunnel,AES-256-GCM,modp3072(15),On,IPv4,icmp,47.7,2.5,15.1,0.03,152.9,Strong,1.9
TRN02317,Transport,AES-192,modp1024(2),On,IPv4,whatsapp_msg,114.7,6.1,0.5,0.27,171.3,Weak,8.9
TRN00602,Transport,DES,modp3072(15),Off,IPv6,video_streaming,1210.0,57.7,201.7,0.72,95.4,Weak,7.8
TRN01189,Tunnel,AES-128,modp2048(14),On,IPv6,video_streaming,1205.8,80.5,541.1,0.59,192.9,Medium,5.5
TRN06701,Tunnel,AES-128,modp8192(21),Off,IPv6,video_streaming,1104.7,93.1,506.5,0.67,33.2,Strong,1.0
TRN05337,Tunnel,AES-128,modp768(1),On,IPv6,voip,191.1,43.5,0.5,0.23,194.7,Weak,7.6
TRN07471,Transport,3DES,modp1536(5),On,IPv4,icmp,62.2,2.3,1.9,0.06,119.2,Weak,8.3
TRN03704,Tunnel,AES-256,modp4096(16),On,IPv6,icmp,55.1,2.6,6.6,0.05,214.9,Strong,3.2
TRN00812,Transport,AES-256,modp6144(17),Off,IPv6,dns_query,68.3,2.5,2.7,0.18,102.6,Strong,2.2
TRN03963,Tunnel,3DES,modp1024(2),On,IPv4,dns_query,96.4,3.2,0.5,0.09,92.8,Weak,9.7
TRN04075,Tunnel,3DES,modp1536(5),On,IPv6,voip,92.0,40.9,249.7,0.23,57.3,Weak,8.8
TRN03347,Transport,DES,modp4096(16),On,IPv4,video_streaming,869.1,73.3,533.5,0.54,202.3,Medium,4.1
TRN01148,Transport,3DES,modp1024(2),On,IPv6,icmp,73.7,1.8,8.0,0.03,85.8,Weak,9.1
TRN07723,Transport,3DES,modp768(1),On,IPv6,web_browsing,368.7,14.1,20.8,0.38,185.2,Weak,8.1
TRN05510,Tunnel,DES,modp1024(2),Off,IPv4,video_streaming,1184.2,106.7,314.9,0.46,166.0,Weak,8.2
TRN06946,Tunnel,AES-192,modp3072(15),Off,IPv6,icmp,68.4,1.6,0.5,0.06,142.1,Medium,4.4
TRN05445,Tunnel,DES,modp768(1),Off,IPv4,icmp,72.4,1.3,0.5,0.04,183.7,Weak,9.2
TRN04997,Transport,DES,modp3072(15),Off,IPv4,voip,106.9,42.3,10.3,0.19,105.0,Weak,10.0
TRN00466,Transport,AES-192,modp1536(5),On,IPv6,dns_query,72.8,2.2,0.5,0.06,133.1,Medium,5.6
TRN05708,Transport,3DES,modp8192(21),On,IPv6,file_transfer,1388.1,99.0,0.5,0.87,166.8,Strong,2.3
TRN05287,Transport,AES-128,modp1024(2),On,IPv6,video_streaming,1073.8,91.7,688.9,0.57,127.8,Weak,9.5
TRN00292,Transport,AES-192,modp2048(14),Off,IPv6,web_browsing,380.0,24.8,60.6,0.56,183.8,Medium,4.2
TRN02997,Transport,3DES,modp1536(5),Off,IPv4,dns_query,85.8,2.3,4.5,0.05,102.8,Weak,9.7
TRN00961,Transport,AES-192,modp1536(5),Off,IPv6,voip,124.2,60.5,0.5,0.28,139.6,Weak,10.0
TRN07304,Transport,AES-256,modp3072(15),Off,IPv4,voip,130.7,41.5,550.3,0.18,149.1,Medium,4.2
TRN02363,Transport,AES-256,modp6144(17),On,IPv6,email,743.6,12.8,0.5,0.16,160.4,Strong,2.5
TRN03095,Tunnel,AES-256-GCM,modp1024(2),On,IPv6,video_streaming,961.9,91.4,67.7,0.51,149.8,Medium,6.5
TRN09000,Transport,AES-192,modp768(1),On,IPv6,whatsapp_msg,128.9,7.8,2.8,0.3,201.7,Weak,8.9
TRN06200,Transport,3DES,modp1536(5),Off,IPv6,email,441.0,13.2,44.6,0.27,175.9,Weak,8.3
TRN08139,Tunnel,AES-256,modp6144(17),On,IPv4,dns_query,78.3,3.9,2.8,0.11,120.5,Strong,0.5
TRN06290,Tunnel,AES-192,modp8192(21),On,IPv4,video_streaming,1290.9,99.3,694.8,0.56,128.0,Strong,1.2
TRN01254,Tunnel,AES-256-GCM,modp4096(16),On,IPv6,icmp,64.4,1.9,1.3,0.03,157.4,Strong,1.1
TRN01407,Transport,AES-192,modp1024(2),Off,IPv4,whatsapp_msg,113.5,5.7,0.5,0.21,140.4,Weak,9.7
TRN06751,Transport,DES,modp1536(5),On,IPv4,dns_query,55.1,1.8,0.5,0.09,60.1,Weak,10.0
TRN08545,Transport,AES-128,modp1536(5),On,IPv6,whatsapp_msg,100.4,10.1,6.1,0.37,165.0,Medium,6.0
TRN03778,Transport,AES-192,modp1024(2),Off,IPv4,icmp,84.0,2.6,0.5,0.06,240.8,Weak,9.1
TRN00595,Transport,AES-192,modp4096(16),On,IPv4,video_streaming,1263.7,87.0,0.5,0.63,101.1,Strong,2.2
TRN03054,Transport,AES-256-GCM,modp3072(15),On,IPv4,voip,132.1,54.9,616.1,0.09,136.1,Strong,0.5
TRN07157,Tunnel,AES-128,modp4096(16),Off,IPv6,video_streaming,1273.9,55.5,1174.4,0.63,251.6,Medium,5.9
TRN04380,Transport,AES-256,modp3072(15),Off,IPv4,web_browsing,438.2,10.1,0.5,0.56,170.0,Strong,0.3
TRN03796,Transport,AES-256-GCM,modp4096(16),On,IPv6,voip,119.3,40.8,0.5,0.13,116.9,Strong,1.2
TRN08909,Transport,3DES,modp1536(5),Off,IPv4,voip,125.5,44.3,469.2,0.17,51.2,Weak,5.8
TRN05324,Tunnel,3DES,modp6144(17),Off,IPv6,file_transfer,1334.8,63.3,0.5,0.76,103.3,Medium,3.0
TRN08031,Tunnel,3DES,modp3072(15),Off,IPv6,voip,113.6,38.0,57.8,0.16,83.8,Medium,4.1
TRN07237,Transport,AES-128,modp1024(2),Off,IPv4,voip,128.1,47.8,0.5,0.19,53.9,Weak,9.2
TRN07349,Transport,AES-256,modp2048(14),Off,IPv4,whatsapp_msg,148.6,3.2,4.1,0.32,118.8,Medium,3.5
TRN02583,Tunnel,DES,modp3072(15),On,IPv4,voip,112.9,47.2,270.1,0.2,118.2,Medium,2.8
TRN07587,Transport,AES-256,modp4096(16),On,IPv4,file_transfer,1412.8,105.7,209.9,0.66,111.4,Strong,3.2
TRN01331,Tunnel,AES-192,modp8192(21),Off,IPv6,whatsapp_msg,185.9,2.9,8.1,0.26,228.4,Strong,2.0
TRN03951,Tunnel,AES-256-GCM,modp8192(21),On,IPv4,web_browsing,389.0,17.6,0.5,0.68,206.1,Strong,3.9
TRN02575,Transport,3DES,modp1024(2),Off,IPv6,voip,124.7,43.7,0.5,0.17,205.8,Weak,9.2
TRN06382,Tunnel,AES-256-GCM,modp1536(5),Off,IPv6,whatsapp_msg,179.1,8.3,4.6,0.29,171.5,Medium,5.7
TRN01056,Transport,AES-256,modp1536(5),Off,IPv4,icmp,67.2,1.7,7.2,0.05,119.6,Medium,5.9
TRN03523,Transport,AES-256-GCM,modp1536(5),Off,IPv6,email,704.9,6.2,0.5,0.31,94.0,Medium,4.2
TRN02150,Transport,AES-256,modp3072(15),On,IPv6,file_transfer,1442.8,129.0,190.3,0.77,238.5,Strong,0.7
TRN05634,Transport,AES-192,modp1536(5),Off,IPv6,dns_query,94.0,2.1,0.5,0.06,130.1,Medium,5.9
TRN02868,Transport,DES,modp2048(14),Off,IPv6,email,496.2,8.5,10.9,0.45,244.4,Weak,7.0
TRN00928,Tunnel,AES-128,modp2048(14),Off,IPv6,voip,101.4,54.8,56.2,0.13,152.4,Medium,5.3
TRN07156,Tunnel,AES-256,modp4096(16),Off,IPv4,whatsapp_msg,125.8,7.4,0.5,0.21,190.4,Strong,0.6
TRN07458,Transport,DES,modp1024(2),On,IPv4,file_transfer,1394.0,150.8,0.5,0.65,107.7,Weak,6.5
TRN08889,Tunnel,AES-128,modp4096(16),Off,IPv4,icmp,65.6,2.5,9.8,0.02,163.9,Medium,5.6
TRN08458,Tunnel,AES-256-GCM,modp3072(15),On,IPv6,icmp,72.3,1.7,11.4,0.07,116.9,Strong,2.4
TRN05740,Tunnel,AES-128,modp2048(14),On,IPv4,file_transfer,1433.2,106.4,0.5,0.83,161.3,Medium,4.1
TRN07486,Transport,AES-256,modp6144(17),Off,IPv4,whatsapp_msg,77.4,5.2,0.5,0.2,109.6,Strong,1.3
TRN07617,Tunnel,AES-256-GCM,modp2048(14),On,IPv6,dns_query,73.1,5.7,0.5,0.14,244.5,Strong,2.7
TRN07045,Tunnel,3DES,modp1024(2),Off,IPv4,video_streaming,1144.1,81.8,0.5,0.74,43.3,Weak,9.8
TRN05577,Tunnel,DES,modp4096(16),On,IPv6,icmp,62.6,2.1,7.5,0.0,148.7,Medium,2.8
TRN05466,Transport,AES-128,modp768(1),On,IPv4,whatsapp_msg,131.1,7.0,7.4,0.24,86.3,Weak,6.9
TRN07114,Transport,AES-192,modp1536(5),Off,IPv4,video_streaming,1266.9,109.4,202.7,0.61,143.9,Weak,8.1
TRN04750,Tunnel,AES-128,modp4096(16),Off,IPv6,web_browsing,156.4,8.9,25.5,0.58,214.4,Medium,4.1
TRN02292,Tunnel,AES-128,modp1536(5),Off,IPv6,video_streaming,1252.5,91.4,1722.0,0.82,193.8,Weak,6.6
TRN07772,Transport,AES-192,modp3072(15),On,IPv4,video_streaming,1276.6,90.0,0.5,0.54,166.0,Medium,5.9
TRN04711,Tunnel,AES-192,modp1024(2),On,IPv6,video_streaming,1047.1,82.5,0.5,0.59,130.0,Weak,8.6
TRN06441,Transport,AES-256-GCM,modp6144(17),On,IPv6,video_streaming,1164.7,99.8,0.5,0.77,181.9,Strong,1.9
TRN03957,Tunnel,3DES,modp2048(14),Off,IPv6,web_browsing,472.1,9.8,29.3,0.35,163.0,Weak,8.6
TRN02570,Tunnel,AES-128,modp1536(5),Off,IPv6,whatsapp_msg,247.0,7.9,16.7,0.13,154.7,Weak,7.6
TRN01375,Tunnel,DES,modp4096(16),On,IPv4,icmp,58.9,2.4,0.5,0.06,126.5,Medium,4.4
TRN07996,Tunnel,AES-256-GCM,modp1024(2),Off,IPv4,dns_query,76.7,0.8,1.2,0.06,112.1,Medium,3.8
TRN07788,Transport,3DES,modp2048(14),On,IPv4,whatsapp_msg,107.4,7.1,0.5,0.26,98.2,Medium,4.2
TRN06059,Tunnel,AES-256-GCM,modp2048(14),On,IPv6,email,171.7,4.6,0.5,0.29,196.0,Strong,2.7
TRN02524,Transport,DES,modp8192(21),Off,IPv4,icmp,44.9,2.2,10.6,0.06,148.1,Medium,4.9
TRN08576,Tunnel,AES-256-GCM,modp768(1),Off,IPv4,icmp,68.8,2.0,0.5,0.04,192.9,Medium,4.5
TRN06638,Transport,AES-192,modp6144(17),On,IPv6,voip,159.0,47.3,120.2,0.15,166.1,Strong,2.2
TRN01747,Transport,AES-128,modp768(1),Off,IPv4,whatsapp_msg,188.4,10.1,0.5,0.24,112.7,Weak,7.8
TRN04906,Tunnel,AES-256,modp8192(21),On,IPv4,web_browsing,503.3,15.4,0.5,0.3,85.6,Strong,1.7
TRN05769,Transport,AES-256,modp4096(16),On,IPv4,whatsapp_msg,168.0,5.6,3.6,0.26,165.5,Strong,1.8
TRN04919,Transport,AES-256-GCM,modp6144(17),Off,IPv6,file_transfer,1353.6,88.1,134.2,0.82,178.7,Strong,2.1
TRN06465,Tunnel,AES-192,modp3072(15),Off,IPv6,video_streaming,1409.8,101.7,48.4,0.64,157.3,Medium,5.7
TRN05824,Tunnel,AES-192,modp6144(17),On,IPv6,whatsapp_msg,174.5,5.6,7.4,0.29,122.7,Strong,1.5
TRN08460,Tunnel,AES-192,modp1536(5),On,IPv4,icmp,49.0,1.7,0.5,0.04,66.7,Medium,4.8
TRN05866,Tunnel,AES-256,modp1024(2),Off,IPv6,dns_query,83.2,2.4,0.5,0.11,204.5,Medium,5.1
TRN02679,Tunnel,AES-128,modp8192(21),Off,IPv6,whatsapp_msg,85.3,4.1,0.5,0.11,185.8,Strong,2.8
TRN08363,Tunnel,AES-128,modp768(1),Off,IPv4,whatsapp_msg,106.4,5.8,0.5,0.3,145.0,Weak,7.2
TRN08146,Transport,DES,modp768(1),Off,IPv6,icmp,66.3,2.2,26.0,0.05,162.7,Weak,7.5
TRN03072,Transport,AES-256-GCM,modp6144(17),On,IPv6,file_transfer,1468.7,141.0,0.5,0.73,91.5,Strong,1.4
TRN01551,Transport,AES-256,modp8192(21),Off,IPv4,email,659.1,9.6,0.5,0.36,154.6,Strong,0.8
TRN06437,Tunnel,DES,modp4096(16),Off,IPv4,file_transfer,1486.9,108.0,91.3,0.82,211.3,Weak,9.6
TRN02996,Tunnel,DES,modp6144(17),Off,IPv6,file_transfer,1457.0,107.8,103.7,0.59,103.9,Medium,4.0
TRN02274,Tunnel,AES-192,modp4096(16),Off,IPv4,email,507.4,6.8,0.5,0.2,84.0,Medium,3.9
TRN04190,Tunnel,3DES,modp2048(14),On,IPv6,whatsapp_msg,131.1,7.7,0.5,0.21,127.6,Medium,4.9
TRN01200,Tunnel,3DES,modp1536(5),On,IPv6,file_transfer,1399.5,97.9,0.5,0.51,168.5,Weak,9.3
TRN04706,Tunnel,3DES,modp2048(14),On,IPv4,web_browsing,564.2,12.4,0.5,0.33,174.6,Weak,9.6
TRN07733,Transport,DES,modp768(1),Off,IPv6,video_streaming,1309.3,97.1,151.8,0.76,98.0,Weak,8.0
TRN00484,Transport,AES-256,modp8192(21),Off,IPv4,email,185.2,7.6,0.5,0.2,129.4,Strong,1.5
TRN08881,Tunnel,DES,modp3072(15),On,IPv6,icmp,62.4,1.6,6.4,0.05,160.1,Medium,5.8
TRN08729,Tunnel,AES-256,modp1536(5),On,IPv6,icmp,65.9,2.0,0.5,0.06,132.3,Medium,2.3
TRN01795,Transport,AES-128,modp768(1),Off,IPv4,web_browsing,525.8,21.2,0.5,0.29,167.1,Weak,8.0
TRN00458,Transport,DES,modp2048(14),Off,IPv4,dns_query,40.0,3.4,1.6,0.09,152.6,Weak,7.4
TRN05572,Tunnel,AES-256,modp768(1),On,IPv6,dns_query,72.3,3.5,0.5,0.06,190.9,Medium,3.3
TRN01035,Transport,AES-128,modp6144(17),Off,IPv4,email,470.6,8.3,3.0,0.38,102.1,Medium,5.4
TRN04428,Tunnel,AES-256-GCM,modp2048(14),Off,IPv4,file_transfer,1419.1,104.4,0.5,0.77,116.5,Medium,3.7
TRN05913,Tunnel,DES,modp8192(21),Off,IPv4,email,596.5,1.8,25.0,0.32,176.5,Medium,3.7
TRN00922,Tunnel,3DES,modp4096(16),Off,IPv4,email,774.8,3.9,22.4,0.22,145.9,Medium,4.1
TRN08556,Transport,AES-128,modp4096(16),On,IPv6,email,801.0,11.6,0.5,0.36,113.9,Medium,3.9
TRN04031,Tunnel,AES-256-GCM,modp768(1),Off,IPv6,voip,129.6,53.0,509.1,0.18,117.8,Medium,5.5
TRN06395,Transport,AES-192,modp1536(5),On,IPv4,voip,137.8,57.9,0.5,0.17,131.6,Medium,5.7
TRN03716,Transport,AES-128,modp4096(16),Off,IPv4,dns_query,81.4,3.5,1.0,0.09,138.9,Medium,2.3
TRN04620,Transport,AES-192,modp2048(14),On,IPv4,web_browsing,284.2,9.9,25.5,0.63,185.6,Medium,5.6
TRN08751,Tunnel,AES-256,modp768(1),Off,IPv4,voip,129.5,33.3,0.5,0.16,99.4,Weak,6.1
TRN08986,Transport,AES-192,modp8192(21),On,IPv6,whatsapp_msg,143.3,5.4,5.6,0.32,126.3,Strong,0.6
TRN05574,Tunnel,3DES,modp8192(21),On,IPv4,whatsapp_msg,151.0,5.0,10.4,0.28,146.3,Strong,0.9
TRN00749,Tunnel,AES-256-GCM,modp4096(16),On,IPv4,file_transfer,1338.1,119.9,0.5,0.72,165.2,Strong,3.3
TRN03711,Tunnel,DES,modp768(1),On,IPv4,whatsapp_msg,153.9,4.7,13.8,0.22,135.7,Weak,7.7
TRN06986,Tunnel,DES,modp6144(17),Off,IPv4,whatsapp_msg,189.5,5.1,1.9,0.22,157.9,Medium,4.9
TRN03419,Tunnel,AES-256-GCM,modp3072(15),Off,IPv6,whatsapp_msg,123.3,5.2,2.9,0.16,184.6,Strong,1.8
TRN01727,Transport,3DES,modp1536(5),Off,IPv6,web_browsing,388.4,8.6,0.5,0.57,159.8,Weak,8.2
TRN06951,Transport,AES-256-GCM,modp768(1),On,IPv4,dns_query,91.1,2.9,1.8,0.09,81.9,Medium,5.5
TRN04333,Tunnel,3DES,modp768(1),On,IPv6,file_transfer,1400.0,122.6,0.5,0.75,115.4,Weak,6.9
TRN04166,Transport,AES-128,modp6144(17),Off,IPv6,dns_query,87.1,3.8,0.5,0.17,131.5,Medium,4.6
TRN08925,Tunnel,AES-128,modp6144(17),On,IPv6,video_streaming,1140.5,104.0,975.7,0.7,189.7,Strong,0.9
TRN02374,Tunnel,AES-256,modp2048(14),On,IPv6,file_transfer,1389.2,99.6,0.5,0.81,194.6,Medium,5.0
TRN08816,Tunnel,AES-128,modp1536(5),On,IPv6,file_transfer,1413.6,132.9,0.5,0.76,161.0,Medium,5.2
TRN02889,Transport,AES-192,modp8192(21),On,IPv6,whatsapp_msg,141.4,7.5,0.5,0.18,139.3,Strong,0.3
TRN05858,Tunnel,AES-128,modp4096(16),Off,IPv6,email,668.1,11.2,12.3,0.43,106.2,Medium,5.1
TRN02255,Transport,AES-128,modp6144(17),On,IPv6,file_transfer,1484.3,151.6,0.5,0.79,103.8,Strong,2.0
TRN03078,Transport,DES,modp768(1),Off,IPv4,whatsapp_msg,75.3,6.1,0.5,0.42,155.4,Weak,7.3
TRN01264,Transport,AES-256-GCM,modp6144(17),Off,IPv4,whatsapp_msg,123.6,4.2,0.5,0.29,130.2,Strong,0.7
TRN03571,Tunnel,AES-256,modp1024(2),On,IPv6,icmp,59.7,2.7,3.9,0.06,139.2,Medium,3.3
TRN02493,Tunnel,3DES,modp1024(2),Off,IPv6,whatsapp_msg,171.2,6.9,12.1,0.21,114.2,Weak,8.8
TRN00665,Transport,AES-192,modp3072(15),Off,IPv4,whatsapp_msg,160.8,10.2,0.5,0.31,190.1,Medium,5.4
TRN06694,Tunnel,3DES,modp1536(5),On,IPv6,email,661.0,11.5,16.8,0.13,61.1,Weak,7.8
TRN00842,Tunnel,AES-256-GCM,modp6144(17),On,IPv6,icmp,59.2,2.3,18.4,0.04,136.6,Strong,1.3
TRN05247,Tunnel,AES-128,modp1536(5),Off,IPv6,email,798.5,7.6,7.2,0.16,216.2,Weak,8.8
TRN05553,Transport,AES-128,modp3072(15),On,IPv4,icmp,64.6,0.8,4.8,0.04,97.2,Medium,4.3
TRN00834,Transport,AES-256,modp1536(5),Off,IPv6,file_transfer,1310.9,163.1,0.5,0.69,164.2,Medium,4.2
TRN02111,Tunnel,AES-256,modp4096(16),On,IPv4,whatsapp_msg,162.9,6.2,0.5,0.42,240.3,Strong,2.7
TRN00873,Tunnel,3DES,modp2048(14),On,IPv6,dns_query,52.0,4.3,1.9,0.1,184.2,Weak,7.2
TRN07701,Tunnel,3DES,modp3072(15),On,IPv4,file_transfer,1416.0,129.1,0.5,0.75,202.4,Medium,4.2
TRN07656,Transport,DES,modp1024(2),Off,IPv6,web_browsing,430.8,9.8,6.6,0.66,125.2,Weak,9.7
TRN05818,Tunnel,DES,modp1024(2),On,IPv4,video_streaming,1198.4,96.4,1095.5,0.71,88.2,Weak,7.9
TRN05720,Transport,3DES,modp1024(2),Off,IPv6,video_streaming,935.1,86.0,0.5,0.57,188.1,Weak,10.0
TRN05012,Tunnel,AES-128,modp4096(16),Off,IPv6,dns_query,86.7,3.0,2.6,0.08,123.2,Medium,6.0
TRN02940,Tunnel,AES-192,modp3072(15),On,IPv6,dns_query,81.0,4.6,0.5,0.12,207.3,Medium,6.1
TRN05215,Tunnel,3DES,modp1536(5),Off,IPv6,voip,150.3,40.9,0.5,0.25,115.0,Weak,9.3
TRN03071,Transport,AES-192,modp1024(2),On,IPv4,dns_query,97.5,3.3,0.5,0.09,191.3,Weak,7.7
TRN01616,Transport,DES,modp6144(17),Off,IPv4,video_streaming,1109.0,86.5,171.0,0.63,149.4,Medium,5.5
TRN06867,Tunnel,DES,modp768(1),Off,IPv6,whatsapp_msg,216.9,4.4,2.4,0.32,86.4,Weak,7.3
TRN06912,Tunnel,AES-192,modp2048(14),Off,IPv6,voip,103.2,48.6,332.0,0.26,151.0,Medium,5.3
TRN05004,Tunnel,AES-256-GCM,modp1024(2),Off,IPv4,whatsapp_msg,145.9,4.1,7.9,0.29,67.9,Medium,4.4
TRN03626,Transport,AES-256,modp1536(5),Off,IPv4,web_browsing,470.0,16.9,0.5,0.64,223.9,Medium,6.5
TRN03533,Tunnel,AES-256,modp2048(14),Off,IPv6,email,570.7,3.6,10.7,0.28,194.6,Medium,5.3
TRN00412,Transport,AES-256-GCM,modp8192(21),On,IPv6,file_transfer,1407.9,146.9,0.5,0.79,149.0,Strong,1.4
TRN08899,Tunnel,AES-256-GCM,modp8192(21),Off,IPv6,web_browsing,423.1,15.3,15.9,0.66,189.2,Strong,2.0
TRN03906,Tunnel,AES-256-GCM,modp768(1),On,IPv4,email,777.3,13.8,0.5,0.35,157.1,Medium,4.3
TRN03899,Transport,DES,modp6144(17),On,IPv6,icmp,59.3,1.7,13.9,0.01,192.7,Medium,3.7
TRN07753,Tunnel,DES,modp3072(15),On,IPv6,video_streaming,1176.7,66.7,290.5,0.53,108.8,Medium,4.8
TRN04962,Tunnel,DES,modp1536(5),On,IPv6,file_transfer,1410.5,133.6,258.2,0.75,87.2,Weak,8.2
TRN06196,Transport,3DES,modp4096(16),On,IPv4,voip,146.3,51.4,7.7,0.19,151.0,Medium,4.1
TRN00605,Tunnel,DES,modp1536(5),On,IPv4,video_streaming,1121.3,91.4,4.2,0.5,164.1,Weak,8.2
TRN00031,Transport,AES-256-GCM,modp4096(16),On,IPv4,web_browsing,496.9,12.9,7.5,0.47,182.3,Strong,2.0
TRN00264,Transport,AES-128,modp1024(2),Off,IPv6,voip,76.4,37.3,0.5,0.23,147.1,Weak,8.9
TRN01431,Tunnel,AES-192,modp1536(5),On,IPv6,voip,142.7,31.2,0.5,0.24,151.1,Medium,4.3
TRN00248,Transport,3DES,modp768(1),On,IPv4,video_streaming,1048.9,114.9,23.5,0.47,164.7,Weak,9.1
TRN00853,Tunnel,AES-192,modp6144(17),Off,IPv4,file_transfer,1375.8,101.4,0.5,0.69,177.5,Strong,2.7
TRN01651,Tunnel,AES-128,modp1536(5),Off,IPv4,whatsapp_msg,191.0,7.0,1.6,0.26,108.9,Weak,8.6
TRN04289,Transport,3DES,modp2048(14),Off,IPv4,dns_query,68.8,1.9,2.1,0.09,163.9,Weak,8.8
TRN00200,Tunnel,AES-256-GCM,modp2048(14),Off,IPv4,web_browsing,477.4,24.7,0.5,0.53,119.8,Medium,4.7
TRN00533,Tunnel,AES-256,modp1536(5),On,IPv6,video_streaming,1222.0,93.6,502.9,0.55,170.6,Medium,4.5
TRN05273,Transport,AES-192,modp2048(14),On,IPv4,file_transfer,1336.2,77.9,544.6,0.9,154.6,Medium,2.9
TRN05653,Transport,AES-128,modp2048(14),On,IPv4,web_browsing,377.3,20.0,21.7,0.45,173.4,Medium,4.2
TRN04901,Tunnel,AES-128,modp768(1),Off,IPv6,dns_query,88.6,2.8,1.4,0.09,151.3,Weak,8.0
TRN05120,Tunnel,3DES,modp3072(15),On,IPv4,email,586.3,8.1,0.5,0.32,134.2,Medium,4.8
TRN00456,Tunnel,AES-256,modp3072(15),On,IPv6,dns_query,70.8,5.0,3.9,0.1,139.2,Strong,0.6
TRN05242,Tunnel,AES-256,modp8192(21),On,IPv4,web_browsing,422.7,11.0,0.5,0.64,237.6,Strong,1.6
TRN07520,Tunnel,AES-256-GCM,modp8192(21),On,IPv6,dns_query,77.2,2.6,0.5,0.07,207.8,Strong,1.6
TRN08272,Tunnel,AES-128,modp6144(17),Off,IPv4,web_browsing,549.8,14.2,38.1,0.45,59.9,Medium,5.3
TRN07136,Transport,AES-128,modp2048(14),Off,IPv6,whatsapp_msg,104.0,5.8,0.5,0.34,227.8,Medium,5.7
TRN03543,Tunnel,AES-256,modp3072(15),Off,IPv6,video_streaming,1207.0,101.9,562.8,0.59,180.8,Strong,2.5
TRN04641,Tunnel,3DES,modp3072(15),On,IPv6,icmp,63.6,2.3,5.3,0.06,70.6,Medium,6.9
TRN08164,Tunnel,AES-192,modp768(1),On,IPv4,icmp,68.4,2.4,0.5,0.08,162.0,Weak,7.9
TRN06593,Tunnel,DES,modp1536(5),Off,IPv6,icmp,61.8,2.3,10.9,0.07,153.1,Weak,9.0
TRN08775,Tunnel,3DES,modp768(1),On,IPv6,video_streaming,1322.5,95.9,0.7,0.64,198.4,Weak,9.7
TRN07641,Transport,3DES,modp768(1),Off,IPv4,web_browsing,472.6,13.6,28.7,0.44,208.3,Weak,10.0
TRN04884,Transport,AES-128,modp8192(21),Off,IPv6,web_browsing,375.2,5.8,22.0,0.26,148.0,Strong,2.8
TRN04468,Tunnel,AES-256,modp1536(5),On,IPv6,email,252.5,7.5,4.1,0.35,180.6,Medium,5.8
TRN03439,Tunnel,3DES,modp4096(16),On,IPv4,video_streaming,1307.6,119.8,0.5,0.56,123.8,Medium,4.2
TRN05264,Tunnel,3DES,modp1536(5),Off,IPv6,icmp,58.7,2.3,13.6,0.07,151.2,Weak,7.9
TRN07180,Transport,3DES,modp3072(15),Off,IPv6,whatsapp_msg,237.1,8.0,7.6,0.2,155.1,Medium,6.4
TRN06027,Tunnel,AES-256,modp1024(2),Off,IPv6,web_browsing,374.5,20.3,32.3,0.54,92.8,Weak,6.6
TRN08282,Tunnel,AES-256,modp2048(14),Off,IPv6,whatsapp_msg,137.0,5.5,0.5,0.24,133.7,Medium,2.8
TRN05711,Tunnel,DES,modp1024(2),On,IPv4,web_browsing,191.9,7.0,16.2,0.66,170.3,Weak,9.4
TRN05050,Tunnel,AES-256,modp4096(16),On,IPv4,whatsapp_msg,183.8,7.9,0.5,0.3,34.4,Strong,1.1
TRN00218,Tunnel,3DES,modp1536(5),Off,IPv4,email,292.0,5.2,24.3,0.4,171.6,Weak,10.0
TRN01006,Tunnel,3DES,modp1024(2),Off,IPv6,web_browsing,388.3,1.4,21.8,0.46,156.4,Weak,7.3
TRN04004,Tunnel,3DES,modp8192(21),On,IPv6,video_streaming,1289.8,94.1,192.4,0.57,173.4,Medium,4.7
TRN03152,Transport,AES-256-GCM,modp8192(21),Off,IPv4,web_browsing,409.1,18.7,6.2,0.53,164.3,Strong,2.7
TRN02549,Tunnel,DES,modp8192(21),Off,IPv6,voip,100.4,50.2,44.0,0.18,224.2,Medium,5.6
TRN07146,Transport,AES-192,modp6144(17),On,IPv4,file_transfer,1468.4,147.2,0.5,0.73,110.1,Strong,0.7
TRN03280,Tunnel,AES-256,modp3072(15),Off,IPv4,video_streaming,1416.2,104.6,617.8,0.38,189.5,Strong,2.7
TRN01671,Transport,AES-128,modp3072(15),On,IPv4,voip,116.2,22.5,0.5,0.12,106.8,Medium,5.0
TRN08561,Transport,AES-256-GCM,modp3072(15),On,IPv4,file_transfer,1338.1,92.9,63.5,0.85,193.1,Strong,2.6
TRN02866,Tunnel,3DES,modp1024(2),Off,IPv4,whatsapp_msg,108.5,3.3,0.5,0.29,176.5,Weak,7.7
TRN00676,Transport,AES-128,modp8192(21),Off,IPv4,dns_query,75.0,4.0,0.5,0.14,196.4,Strong,2.1
TRN04295,Transport,DES,modp4096(16),Off,IPv6,dns_query,64.1,3.1,0.5,0.11,145.1,Weak,7.7
TRN06688,Transport,AES-128,modp1536(5),Off,IPv6,file_transfer,1435.3,120.8,21.0,0.62,154.0,Weak,6.7
TRN04305,Tunnel,AES-128,modp1536(5),On,IPv4,voip,129.3,51.9,0.5,0.24,91.1,Medium,5.1
TRN00230,Transport,AES-192,modp8192(21),On,IPv4,voip,134.2,44.0,144.2,0.17,201.5,Strong,1.6
TRN07934,Transport,3DES,modp1536(5),On,IPv6,icmp,68.4,2.1,5.7,0.02,100.2,Weak,9.1
TRN04085,Transport,AES-128,modp4096(16),On,IPv6,web_browsing,411.6,20.1,25.6,0.23,184.2,Strong,2.9
TRN02003,Tunnel,DES,modp3072(15),Off,IPv4,file_transfer,1394.9,112.0,0.5,0.86,94.8,Weak,7.1
TRN07692,Tunnel,3DES,modp2048(14),On,IPv4,icmp,65.2,1.3,0.5,0.03,152.5,Weak,8.5
TRN06826,Transport,AES-128,modp3072(15),Off,IPv4,email,363.0,7.9,0.5,0.25,174.0,Medium,4.7
TRN04202,Tunnel,AES-192,modp1536(5),Off,IPv6,dns_query,52.6,1.8,0.5,0.04,125.4,Weak,7.4
TRN06898,Transport,AES-192,modp1024(2),Off,IPv4,dns_query,82.3,3.2,0.5,0.09,181.5,Weak,9.6
TRN05036,Transport,AES-256-GCM,modp6144(17),Off,IPv4,icmp,56.8,2.4,7.9,0.03,109.4,Strong,2.0
TRN05965,Transport,AES-128,modp768(1),Off,IPv6,icmp,51.0,1.8,23.1,0.05,154.5,Weak,8.7
TRN03019,Tunnel,AES-256-GCM,modp6144(17),On,IPv6,video_streaming,1013.5,105.4,1119.9,0.63,138.4,Strong,1.5
TRN08826,Transport,DES,modp8192(21),Off,IPv4,web_browsing,489.0,7.3,32.5,0.65,157.2,Medium,4.6
TRN07336,Tunnel,AES-256,modp1024(2),On,IPv4,whatsapp_msg,170.9,3.2,0.5,0.28,52.4,Medium,3.5
TRN05732,Tunnel,3DES,modp6144(17),Off,IPv6,voip,125.2,34.6,187.0,0.22,211.1,Medium,6.2
TRN08960,Transport,AES-256,modp8192(21),Off,IPv4,dns_query,89.1,3.5,0.5,0.08,157.3,Strong,2.1
TRN02642,Transport,AES-128,modp1024(2),On,IPv6,icmp,52.8,2.1,0.5,0.06,140.7,Weak,8.0
TRN01702,Transport,AES-128,modp1024(2),Off,IPv4,web_browsing,411.9,9.5,0.5,0.44,169.7,Weak,7.9
TRN06371,Transport,AES-256-GCM,modp3072(15),Off,IPv6,icmp,55.2,2.6,0.5,0.05,174.2,Strong,0.3
TRN06717,Tunnel,3DES,modp1024(2),On,IPv4,whatsapp_msg,61.5,6.3,0.5,0.29,143.8,Weak,6.1
TRN08222,Transport,AES-256,modp4096(16),Off,IPv6,web_browsing,218.7,15.8,29.7,0.9,92.5,Strong,0.3
TRN00338,Tunnel,AES-192,modp1024(2),Off,IPv4,file_transfer,1459.6,99.4,0.5,0.9,154.3,Weak,7.1
TRN03935,Tunnel,3DES,modp4096(16),Off,IPv4,voip,163.0,37.6,0.5,0.24,219.9,Medium,6.5
TRN04542,Tunnel,AES-256-GCM,modp6144(17),On,IPv4,email,852.4,9.9,0.5,0.25,152.7,Strong,1.1
TRN06745,Tunnel,3DES,modp1024(2),On,IPv6,web_browsing,386.8,20.7,0.5,0.32,137.4,Weak,9.1
TRN02088,Tunnel,AES-128,modp768(1),Off,IPv6,video_streaming,1251.7,82.7,909.8,0.51,163.5,Weak,9.7
TRN05835,Transport,AES-192,modp8192(21),Off,IPv4,email,1049.3,9.8,0.5,0.06,162.1,Strong,2.2
TRN02112,Tunnel,AES-256,modp768(1),Off,IPv6,icmp,57.3,2.1,0.6,0.07,215.7,Weak,9.4
TRN06755,Tunnel,AES-256,modp3072(15),Off,IPv4,file_transfer,1367.7,133.6,76.2,0.79,154.9,Medium,6.7
TRN04104,Tunnel,3DES,modp1536(5),Off,IPv6,icmp,78.6,2.2,2.3,0.06,148.0,Weak,8.1
TRN00097,Transport,AES-256-GCM,modp3072(15),Off,IPv6,web_browsing,415.6,11.1,0.5,0.56,110.7,Strong,0.7
TRN05602,Tunnel,AES-192,modp1024(2),On,IPv6,video_streaming,1162.1,86.8,435.5,0.72,146.5,Weak,7.6
TRN03166,Tunnel,AES-192,modp3072(15),Off,IPv4,icmp,55.8,0.4,10.6,0.03,172.4,Medium,5.6
TRN04376,Tunnel,AES-128,modp3072(15),Off,IPv4,web_browsing,465.5,15.3,0.5,0.51,212.3,Medium,4.6
TRN02596,Tunnel,AES-256-GCM,modp1024(2),On,IPv6,dns_query,67.2,4.7,0.5,0.15,112.3,Medium,6.8
TRN06783,Tunnel,AES-256,modp768(1),Off,IPv6,icmp,67.6,1.5,0.5,0.05,142.9,Weak,6.5
TRN06211,Transport,DES,modp3072(15),Off,IPv6,whatsapp_msg,67.4,5.7,0.5,0.28,171.5,Weak,7.3
TRN08941,Transport,DES,modp1536(5),Off,IPv4,whatsapp_msg,119.4,3.9,17.1,0.32,52.2,Weak,7.9
TRN08278,Transport,AES-192,modp768(1),On,IPv6,whatsapp_msg,162.4,3.9,4.1,0.37,164.7,Weak,8.5
TRN02222,Transport,AES-128,modp8192(21),Off,IPv4,voip,147.2,43.9,0.5,0.22,158.3,Strong,0.7
TRN01018,Tunnel,3DES,modp6144(17),Off,IPv6,dns_query,98.1,4.1,0.5,0.07,95.2,Medium,4.8
TRN08348,Tunnel,AES-128,modp1024(2),Off,IPv6,video_streaming,1181.2,79.2,0.5,0.48,72.7,Weak,9.4
TRN03995,Transport,DES,modp1536(5),Off,IPv6,file_transfer,1507.6,111.4,84.8,0.87,195.0,Weak,8.1
TRN03978,Transport,AES-256-GCM,modp768(1),On,IPv4,voip,142.4,32.8,64.9,0.31,202.4,Medium,5.7
TRN00351,Transport,AES-128,modp4096(16),On,IPv6,dns_query,81.2,2.1,1.0,0.07,142.7,Strong,1.8
TRN06062,Transport,AES-192,modp6144(17),Off,IPv4,voip,115.4,61.0,248.4,0.19,122.1,Strong,0.5
TRN06575,Transport,DES,modp3072(15),Off,IPv6,icmp,76.8,1.6,0.5,0.06,106.3,Weak,9.0
TRN02763,Transport,AES-256-GCM,modp4096(16),Off,IPv4,file_transfer,1423.5,134.3,69.8,0.85,145.0,Strong,2.2
TRN03499,Tunnel,DES,modp1024(2),On,IPv4,video_streaming,1111.5,95.0,820.9,0.66,186.0,Weak,8.0
TRN08846,Tunnel,AES-128,modp1024(2),On,IPv6,web_browsing,474.7,12.9,0.5,0.5,158.3,Weak,9.6
TRN05465,Tunnel,AES-128,modp1536(5),Off,IPv6,email,345.3,13.9,23.0,0.17,188.8,Weak,8.2
TRN04160,Tunnel,DES,modp1024(2),Off,IPv6,icmp,63.5,2.3,0.5,0.07,161.6,Weak,8.4
TRN08702,Transport,3DES,modp3072(15),Off,IPv4,email,541.4,11.1,0.5,0.27,174.5,Weak,6.4
TRN04508,Transport,AES-256-GCM,modp2048(14),On,IPv4,dns_query,86.7,3.6,1.3,0.08,138.7,Strong,2.1
TRN04656,Transport,AES-256,modp8192(21),On,IPv4,email,1073.9,9.7,0.5,0.13,90.5,Strong,1.8
TRN03123,Tunnel,3DES,modp8192(21),Off,IPv4,icmp,57.2,2.2,0.5,0.08,199.4,Medium,4.7
TRN06510,Transport,AES-256-GCM,modp1536(5),Off,IPv6,whatsapp_msg,92.4,7.2,3.7,0.34,81.2,Medium,5.1
TRN05211,Tunnel,AES-192,modp4096(16),Off,IPv4,web_browsing,150.9,11.0,25.7,0.59,203.7,Medium,5.4
TRN00743,Tunnel,AES-128,modp2048(14),On,IPv4,whatsapp_msg,219.0,9.9,0.5,0.23,89.5,Medium,6.7
TRN00181,Tunnel,DES,modp3072(15),Off,IPv6,dns_query,85.5,3.4,0.8,0.12,183.8,Weak,8.7
TRN01116,Tunnel,AES-192,modp3072(15),On,IPv4,web_browsing,343.2,7.7,30.9,0.39,157.6,Strong,2.3
TRN03065,Transport,AES-192,modp3072(15),On,IPv6,dns_query,88.3,1.1,0.7,0.1,141.7,Strong,0.7
TRN00350,Tunnel,3DES,modp1536(5),Off,IPv6,icmp,45.0,2.3,1.6,0.04,209.7,Weak,7.7
TRN07846,Transport,AES-256-GCM,modp1024(2),On,IPv6,video_streaming,1179.2,73.0,312.0,0.71,83.9,Medium,5.3
TRN04696,Tunnel,AES-256-GCM,modp4096(16),Off,IPv6,dns_query,93.0,2.1,0.5,0.07,154.4,Strong,0.9
TRN07823,Transport,AES-128,modp2048(14),On,IPv4,email,457.1,3.6,0.5,0.2,161.3,Medium,4.6
TRN04639,Transport,DES,modp6144(17),On,IPv4,dns_query,93.0,3.8,0.5,0.1,114.1,Medium,3.3
TRN03414,Transport,DES,modp3072(15),On,IPv6,web_browsing,357.4,17.3,29.8,0.57,132.5,Medium,5.5
TRN07537,Transport,AES-192,modp1024(2),On,IPv6,email,700.7,12.1,7.7,0.24,246.0,Weak,7.5
TRN00082,Transport,3DES,modp1024(2),On,IPv4,icmp,68.4,1.8,0.5,0.05,62.6,Weak,7.8
TRN04605,Tunnel,AES-256-GCM,modp1536(5),Off,IPv4,dns_query,65.5,3.4,4.9,0.09,75.8,Medium,5.1
TRN08590,Tunnel,3DES,modp1536(5),On,IPv6,web_browsing,453.4,18.1,13.8,0.2,107.7,Weak,9.8
TRN02883,Transport,AES-256-GCM,modp1024(2),Off,IPv4,voip,157.6,50.6,0.5,0.15,186.9,Medium,5.2
TRN00832,Transport,AES-128,modp1536(5),On,IPv6,video_streaming,1111.8,106.1,638.4,0.61,197.0,Weak,8.8
TRN06977,Transport,AES-128,modp1536(5),Off,IPv4,voip,106.1,40.3,0.5,0.29,218.0,Weak,6.4
TRN01569,Transport,AES-192,modp6144(17),Off,IPv4,dns_query,67.4,1.9,2.8,0.06,119.3,Strong,3.5
TRN08748,Tunnel,AES-256-GCM,modp3072(15),On,IPv6,whatsapp_msg,160.7,5.9,8.6,0.25,155.5,Strong,1.5
TRN05420,Transport,DES,modp768(1),Off,IPv4,web_browsing,454.6,13.6,23.9,0.74,161.4,Weak,7.0
TRN02313,Tunnel,DES,modp2048(14),Off,IPv6,video_streaming,1380.4,85.4,167.9,0.6,145.0,Weak,6.8
TRN04472,Transport,AES-256,modp1024(2),On,IPv6,whatsapp_msg,131.7,4.3,10.0,0.37,180.4,Medium,3.6
TRN06716,Transport,AES-256,modp4096(16),Off,IPv4,video_streaming,1138.9,86.8,0.5,0.73,86.6,Strong,2.3
TRN01502,Tunnel,3DES,modp3072(15),On,IPv4,icmp,58.4,1.6,0.5,0.02,147.6,Medium,4.9
TRN07560,Transport,AES-128,modp2048(14),On,IPv4,voip,99.1,42.7,144.0,0.23,109.6,Medium,4.2
TRN01298,Transport,AES-256,modp4096(16),On,IPv6,file_transfer,1381.6,72.8,121.1,0.85,118.5,Strong,2.3
TRN01946,Transport,AES-192,modp4096(16),Off,IPv4,voip,90.3,62.2,752.6,0.2,105.5,Medium,4.9
TRN02914,Tunnel,AES-128,modp6144(17),Off,IPv6,video_streaming,1091.3,107.6,124.9,0.76,105.4,Strong,2.4
TRN01223,Transport,3DES,modp1024(2),On,IPv4,file_transfer,1378.8,103.3,196.6,0.77,193.7,Weak,7.5
TRN08654,Tunnel,DES,modp3072(15),Off,IPv6,video_streaming,1068.5,94.0,1455.2,0.67,177.1,Weak,10.0
TRN04241,Tunnel,3DES,modp6144(17),Off,IPv4,icmp,56.2,1.9,6.0,0.03,236.3,Medium,3.1
TRN04355,Tunnel,3DES,modp1024(2),On,IPv6,email,763.2,11.2,1.3,0.38,135.0,Weak,7.2
TRN07190,Tunnel,AES-192,modp8192(21),Off,IPv6,icmp,58.1,1.3,0.5,0.03,165.8,Strong,0.7
TRN00711,Tunnel,AES-192,modp1536(5),Off,IPv4,icmp,64.3,1.5,7.5,0.04,180.2,Medium,3.7
TRN07338,Transport,AES-256-GCM,modp6144(17),On,IPv6,web_browsing,490.1,23.4,4.4,0.46,125.0,Strong,0.4
TRN02623,Transport,AES-256-GCM,modp2048(14),On,IPv6,voip,138.5,52.4,420.2,0.19,182.0,Strong,0.8
TRN04801,Transport,AES-192,modp6144(17),Off,IPv4,whatsapp_msg,199.9,8.0,8.9,0.34,170.9,Strong,1.1
TRN06650,Transport,AES-192,modp3072(15),On,IPv6,icmp,83.8,2.0,11.7,0.1,113.3,Strong,0.3
TRN04360,Transport,AES-192,modp4096(16),Off,IPv6,whatsapp_msg,168.0,7.7,10.6,0.15,176.7,Strong,2.2
TRN01732,Transport,AES-128,modp1536(5),Off,IPv6,voip,110.4,30.8,46.1,0.16,166.1,Weak,9.1
TRN05040,Transport,AES-192,modp4096(16),Off,IPv6,video_streaming,1361.4,97.6,0.5,0.72,121.7,Medium,5.6
TRN04263,Tunnel,DES,modp4096(16),On,IPv6,email,702.6,6.9,31.8,0.37,212.1,Medium,3.6
TRN04052,Transport,AES-256,modp1536(5),On,IPv4,dns_query,71.0,3.7,1.1,0.08,97.1,Medium,5.6
TRN03932,Tunnel,AES-128,modp8192(21),On,IPv6,whatsapp_msg,160.2,5.8,9.9,0.23,94.1,Strong,1.6
TRN06467,Tunnel,DES,modp4096(16),Off,IPv4,voip,128.9,44.6,131.9,0.15,211.7,Medium,6.6
TRN08294,Transport,AES-256,modp8192(21),Off,IPv6,dns_query,86.3,3.5,1.6,0.11,173.9,Strong,2.2
TRN01140,Transport,AES-192,modp8192(21),On,IPv6,dns_query,79.7,2.7,0.5,0.09,202.1,Strong,1.5
TRN03768,Tunnel,AES-192,modp6144(17),On,IPv6,voip,130.9,50.1,0.5,0.22,170.7,Strong,3.0
TRN02128,Tunnel,AES-256,modp8192(21),On,IPv4,icmp,67.5,1.9,0.5,0.04,166.7,Strong,0.9
TRN06459,Tunnel,3DES,modp2048(14),Off,IPv6,icmp,61.3,1.9,0.5,0.07,157.7,Weak,6.6
TRN02253,Tunnel,AES-128,modp6144(17),On,IPv4,dns_query,76.7,5.6,0.5,0.15,151.0,Strong,0.3
TRN02146,Transport,AES-128,modp6144(17),On,IPv6,web_browsing,324.8,20.9,0.5,0.35,71.2,Strong,0.9
TRN04673,Transport,DES,modp6144(17),On,IPv6,email,622.3,7.9,0.5,0.28,217.4,Medium,6.3
TRN01278,Transport,AES-192,modp768(1),On,IPv4,video_streaming,1107.4,90.2,55.7,0.52,114.2,Weak,9.2
TRN00173,Transport,AES-128,modp768(1),Off,IPv4,web_browsing,549.8,17.5,20.0,0.61,164.1,Weak,7.5
TRN08147,Transport,AES-128,modp3072(15),Off,IPv4,video_streaming,1154.0,71.0,0.5,0.76,167.5,Medium,3.9
TRN05065,Tunnel,AES-256-GCM,modp3072(15),On,IPv6,icmp,54.0,1.8,0.5,0.07,113.7,Strong,2.3
TRN03195,Transport,AES-256-GCM,modp8192(21),Off,IPv4,file_transfer,1453.6,116.3,0.5,0.97,135.2,Strong,1.9
TRN06730,Transport,AES-256-GCM,modp6144(17),Off,IPv4,email,746.3,8.9,9.2,0.4,129.1,Strong,1.7
TRN03300,Tunnel,3DES,modp8192(21),On,IPv6,icmp,72.2,1.3,0.5,0.04,86.2,Medium,5.9
TRN03828,Tunnel,3DES,modp1536(5),Off,IPv6,email,555.7,11.5,3.5,0.25,160.2,Weak,8.6
TRN04388,Tunnel,AES-192,modp2048(14),Off,IPv6,video_streaming,1167.0,85.5,757.2,0.7,147.7,Medium,6.6
TRN02908,Tunnel,DES,modp4096(16),Off,IPv4,dns_query,89.2,0.9,3.1,0.13,160.4,Medium,3.2
TRN04042,Tunnel,AES-192,modp8192(21),Off,IPv4,whatsapp_msg,224.9,4.4,1.1,0.2,68.4,Strong,1.3
TRN02099,Transport,AES-128,modp8192(21),On,IPv4,whatsapp_msg,135.6,1.0,10.9,0.24,214.9,Strong,2.0
TRN03245,Transport,AES-128,modp1536(5),On,IPv4,email,727.5,10.1,0.5,0.36,153.8,Medium,3.5
TRN08546,Transport,AES-256-GCM,modp768(1),On,IPv4,dns_query,83.8,4.6,0.5,0.08,208.5,Medium,2.4
TRN07311,Transport,AES-256-GCM,modp6144(17),On,IPv4,web_browsing,287.5,14.6,0.5,0.51,189.6,Strong,2.4
TRN08189,Transport,AES-256-GCM,modp6144(17),Off,IPv4,whatsapp_msg,169.9,5.7,6.1,0.2,173.1,Strong,1.8
TRN07567,Transport,AES-128,modp1536(5),Off,IPv6,voip,149.4,38.5,164.7,0.09,142.1,Weak,8.7
TRN04618,Tunnel,AES-256-GCM,modp3072(15),On,IPv4,email,501.8,10.4,8.5,0.4,115.5,Strong,3.5
TRN05715,Tunnel,AES-192,modp6144(17),Off,IPv4,email,916.3,4.2,14.9,0.26,165.1,Strong,0.3
TRN00534,Tunnel,AES-256,modp2048(14),On,IPv4,voip,85.9,49.5,277.3,0.18,136.7,Medium,5.2
TRN03018,Tunnel,AES-128,modp6144(17),On,IPv6,dns_query,57.5,3.0,0.5,0.1,157.0,Strong,1.7
TRN05082,Transport,3DES,modp3072(15),Off,IPv6,icmp,66.4,1.6,0.5,0.05,101.0,Medium,3.9
TRN08851,Tunnel,AES-128,modp8192(21),Off,IPv6,icmp,80.4,1.9,0.5,0.05,160.9,Strong,2.5
TRN00066,Tunnel,AES-192,modp768(1),Off,IPv4,dns_query,105.2,3.9,0.5,0.11,143.4,Weak,9.1
TRN04396,Tunnel,3DES,modp768(1),Off,IPv6,whatsapp_msg,159.8,5.1,5.4,0.32,105.1,Weak,9.6
TRN02796,Transport,AES-128,modp6144(17),Off,IPv4,whatsapp_msg,133.4,3.7,0.5,0.3,170.7,Medium,4.2
TRN00355,Tunnel,AES-256-GCM,modp1024(2),Off,IPv4,voip,146.1,45.0,0.5,0.17,237.1,Medium,5.3
TRN02151,Transport,AES-256-GCM,modp1024(2),On,IPv6,voip,148.6,33.8,0.5,0.14,113.6,Medium,5.0
TRN02153,Transport,DES,modp1536(5),Off,IPv6,icmp,74.9,1.9,0.5,0.06,107.6,Weak,9.2
TRN05279,Tunnel,AES-256-GCM,modp2048(14),Off,IPv6,video_streaming,1318.6,71.5,847.2,0.46,143.9,Medium,4.0
TRN06466,Tunnel,AES-256-GCM,modp3072(15),On,IPv6,email,896.9,8.8,6.3,0.41,125.5,Strong,2.4
TRN02681,Tunnel,DES,modp4096(16),On,IPv6,web_browsing,284.1,18.2,0.5,0.51,174.3,Medium,5.9
TRN03131,Transport,3DES,modp1024(2),On,IPv4,email,939.0,6.4,0.5,0.27,129.7,Weak,7.7
TRN00473,Tunnel,DES,modp3072(15),Off,IPv4,web_browsing,447.2,11.5,10.5,0.42,116.5,Weak,9.9
TRN02064,Transport,AES-256-GCM,modp1536(5),On,IPv6,email,682.4,6.4,1.6,0.31,218.7,Medium,3.8
TRN07252,Transport,AES-256-GCM,modp768(1),Off,IPv6,icmp,63.2,1.5,23.1,0.04,201.9,Weak,9.2
TRN08754,Transport,AES-256-GCM,modp8192(21),Off,IPv4,web_browsing,401.2,20.0,0.5,0.34,210.9,Strong,2.4
TRN08020,Transport,AES-128,modp2048(14),Off,IPv4,web_browsing,508.5,18.0,68.4,0.48,154.4,Medium,4.3
TRN03401,Tunnel,AES-128,modp1024(2),On,IPv6,video_streaming,1226.0,81.7,24.6,0.59,109.0,Weak,7.2
TRN02240,Transport,AES-128,modp3072(15),On,IPv4,dns_query,85.7,2.8,0.5,0.11,114.6,Medium,6.4
TRN00869,Tunnel,DES,modp4096(16),Off,IPv6,video_streaming,1224.9,89.2,0.5,0.76,164.7,Medium,5.6
TRN01576,Tunnel,AES-192,modp768(1),On,IPv4,video_streaming,1281.6,83.7,1288.5,0.55,95.4,Weak,8.3
TRN00324,Transport,AES-256,modp1024(2),On,IPv6,voip,118.4,53.0,0.5,0.14,140.7,Medium,4.1
TRN05864,Tunnel,3DES,modp1536(5),On,IPv6,dns_query,90.6,2.5,0.5,0.11,127.8,Weak,9.0
TRN08396,Tunnel,AES-128,modp4096(16),Off,IPv6,voip,93.6,49.9,0.5,0.21,102.8,Medium,3.7
TRN04746,Tunnel,AES-256,modp3072(15),On,IPv4,web_browsing,360.9,24.2,10.6,0.77,182.7,Strong,2.6
TRN04795,Tunnel,AES-256-GCM,modp768(1),On,IPv4,web_browsing,360.6,17.0,50.9,0.3,259.8,Medium,6.0
TRN02068,Transport,3DES,modp2048(14),Off,IPv6,email,870.3,7.2,22.1,0.13,166.8,Weak,6.7
TRN01403,Transport,AES-192,modp3072(15),Off,IPv4,dns_query,86.3,2.1,0.5,0.08,115.8,Medium,5.0
TRN08392,Tunnel,3DES,modp8192(21),On,IPv6,dns_query,63.9,2.4,0.5,0.12,133.2,Strong,2.9
TRN02880,Transport,AES-192,modp1024(2),Off,IPv4,file_transfer,1460.0,107.6,0.5,0.8,126.5,Weak,9.7
TRN05765,Tunnel,DES,modp768(1),Off,IPv4,icmp,54.3,2.5,0.5,0.05,116.9,Weak,7.2
TRN01076,Tunnel,3DES,modp2048(14),On,IPv6,voip,142.4,40.5,0.5,0.19,119.6,Weak,8.6
TRN08914,Transport,3DES,modp1024(2),On,IPv4,email,745.4,0.3,0.5,0.33,88.7,Weak,9.0
TRN08133,Transport,DES,modp6144(17),Off,IPv6,dns_query,76.9,2.3,0.5,0.15,169.3,Medium,4.8
TRN03211,Transport,AES-256,modp2048(14),On,IPv4,whatsapp_msg,100.7,6.5,0.5,0.38,178.2,Medium,3.9
TRN01350,Transport,AES-128,modp2048(14),Off,IPv4,voip,119.3,49.0,26.0,0.27,88.7,Medium,4.6
TRN03591,Transport,DES,modp768(1),On,IPv4,icmp,59.6,2.6,0.5,0.02,161.9,Weak,8.4
TRN05970,Tunnel,AES-192,modp6144(17),On,IPv6,file_transfer,1461.9,119.5,0.5,0.69,125.1,Strong,2.6
TRN04983,Transport,AES-128,modp6144(17),Off,IPv6,icmp,47.5,1.8,0.9,0.04,141.6,Medium,3.9
TRN06897,Transport,AES-128,modp4096(16),Off,IPv4,icmp,64.2,1.3,5.3,0.05,210.9,Medium,5.5
TRN07818,Transport,3DES,modp1024(2),On,IPv6,voip,137.4,30.7,45.4,0.13,127.3,Weak,10.0
TRN00074,Tunnel,AES-128,modp1024(2),On,IPv6,file_transfer,1304.2,149.9,0.5,0.92,189.9,Weak,8.6
TRN06725,Tunnel,AES-128,modp8192(21),Off,IPv4,whatsapp_msg,136.4,5.6,0.6,0.3,152.1,Strong,1.4
TRN08824,Transport,3DES,modp768(1),Off,IPv6,dns_query,91.3,2.4,4.2,0.13,122.8,Weak,6.4
TRN03038,Transport,AES-192,modp2048(14),Off,IPv4,email,859.8,6.1,0.8,0.45,153.5,Medium,2.8
TRN07337,Transport,AES-256,modp8192(21),On,IPv4,file_transfer,1393.2,139.5,53.1,0.64,172.1,Strong,1.4
TRN05813,Transport,3DES,modp3072(15),On,IPv4,file_transfer,1359.8,128.2,187.9,0.78,139.9,Medium,2.6
TRN07994,Tunnel,DES,modp1024(2),Off,IPv6,file_transfer,1312.8,139.2,286.1,0.86,209.8,Weak,7.3
TRN07285,Tunnel,AES-256-GCM,modp1024(2),On,IPv6,voip,84.8,33.9,210.4,0.2,185.4,Medium,5.2
TRN06157,Transport,AES-192,modp2048(14),Off,IPv4,whatsapp_msg,157.9,3.6,0.5,0.26,176.3,Medium,5.5
TRN08387,Transport,AES-256,modp3072(15),Off,IPv4,whatsapp_msg,173.9,2.9,2.4,0.34,136.7,Strong,0.8
TRN06560,Transport,3DES,modp768(1),Off,IPv6,voip,107.3,44.3,298.5,0.2,171.7,Weak,7.8
TRN08217,Transport,AES-256,modp4096(16),Off,IPv6,whatsapp_msg,186.4,5.0,2.7,0.23,191.2,Strong,1.3
TRN02573,Tunnel,3DES,modp1024(2),On,IPv4,email,112.8,5.2,20.4,0.45,177.4,Weak,6.7
TRN06130,Transport,AES-192,modp6144(17),On,IPv6,video_streaming,1287.0,65.1,170.6,0.6,98.0,Strong,1.2
TRN03434,Tunnel,3DES,modp3072(15),On,IPv6,video_streaming,1266.8,105.4,72.7,0.4,114.5,Medium,5.3
TRN07414,Transport,3DES,modp1536(5),On,IPv6,file_transfer,1430.1,145.5,0.5,0.91,196.7,Weak,8.9
TRN05258,Tunnel,AES-256,modp1024(2),On,IPv4,email,480.2,2.1,5.3,0.34,114.8,Medium,5.0
TRN01220,Transport,3DES,modp2048(14),Off,IPv4,dns_query,92.2,2.6,0.5,0.11,80.6,Weak,9.0
TRN03393,Tunnel,AES-256,modp768(1),On,IPv4,icmp,50.9,1.2,0.5,0.03,108.4,Weak,8.5
TRN07523,Transport,DES,modp1024(2),Off,IPv4,video_streaming,1151.5,98.0,0.5,0.55,98.3,Weak,10.0
TRN03856,Tunnel,AES-128,modp6144(17),On,IPv4,voip,119.1,46.5,0.5,0.16,152.0,Strong,2.1
TRN02693,Transport,AES-192,modp1024(2),On,IPv6,whatsapp_msg,161.4,4.9,1.0,0.22,239.8,Medium,4.1
TRN06038,Tunnel,AES-192,modp768(1),On,IPv6,voip,123.0,42.5,0.5,0.25,147.9,Weak,8.1
TRN05047,Transport,DES,modp3072(15),Off,IPv4,email,441.3,5.7,11.2,0.39,143.2,Weak,10.0
TRN00450,Transport,3DES,modp6144(17),On,IPv6,video_streaming,951.7,85.9,760.7,0.72,209.7,Medium,5.6
TRN03786,Tunnel,AES-256-GCM,modp4096(16),On,IPv4,video_streaming,1137.7,102.2,317.5,0.6,149.7,Strong,1.0
TRN07650,Transport,AES-128,modp3072(15),On,IPv4,whatsapp_msg,149.1,3.7,0.5,0.23,161.8,Medium,4.1
TRN03429,Transport,AES-192,modp8192(21),On,IPv4,email,392.9,4.0,1.5,0.32,132.9,Strong,0.3
TRN08306,Transport,AES-128,modp4096(16),Off,IPv6,file_transfer,1314.1,126.8,177.8,0.87,148.5,Medium,3.7
TRN00178,Tunnel,AES-256-GCM,modp6144(17),Off,IPv4,icmp,63.8,1.9,0.5,0.03,196.7,Strong,3.3
TRN00133,Transport,DES,modp4096(16),On,IPv4,video_streaming,1326.2,89.5,0.5,0.47,85.1,Medium,5.9
TRN06567,Tunnel,3DES,modp1024(2),On,IPv4,email,411.6,5.5,16.1,0.34,182.5,Weak,5.9
TRN03382,Tunnel,DES,modp2048(14),Off,IPv6,voip,114.2,38.7,0.5,0.22,123.7,Weak,8.6
TRN03622,Tunnel,DES,modp1536(5),On,IPv6,icmp,71.4,1.8,0.5,0.06,126.3,Weak,7.8
TRN00001,Tunnel,AES-128,modp768(1),Off,IPv6,voip,102.8,60.4,474.7,0.21,142.9,Weak,8.8
TRN06391,Transport,3DES,modp4096(16),Off,IPv4,dns_query,111.8,2.7,1.2,0.04,132.0,Medium,3.8
TRN08803,Transport,DES,modp768(1),On,IPv6,web_browsing,316.0,15.2,8.3,0.5,191.1,Weak,8.4
TRN07392,Tunnel,AES-192,modp1024(2),Off,IPv6,whatsapp_msg,187.8,6.7,18.0,0.34,187.3,Weak,7.7
TRN01558,Tunnel,AES-192,modp6144(17),Off,IPv4,email,741.5,9.8,24.6,0.3,236.8,Strong,1.0
TRN07170,Transport,AES-192,modp768(1),Off,IPv6,whatsapp_msg,159.1,4.5,0.5,0.21,159.5,Weak,9.2
TRN08400,Transport,AES-192,modp8192(21),On,IPv4,icmp,66.0,1.9,2.7,0.05,134.3,Strong,1.7
TRN08355,Transport,AES-192,modp6144(17),On,IPv6,email,388.1,2.0,3.8,0.21,133.2,Strong,2.2
TRN03644,Transport,3DES,modp1536(5),Off,IPv6,file_transfer,1392.5,136.0,0.5,0.8,169.8,Weak,9.5
TRN07440,Transport,AES-256,modp768(1),On,IPv6,icmp,53.1,3.2,9.3,0.04,184.6,Medium,5.3
TRN07210,Tunnel,AES-256,modp8192(21),On,IPv4,icmp,65.4,1.5,12.5,0.02,159.8,Strong,1.6
TRN01604,Tunnel,DES,modp768(1),On,IPv4,video_streaming,1305.7,84.5,30.6,0.55,126.2,Weak,7.4
TRN07074,Tunnel,AES-192,modp1024(2),On,IPv4,voip,129.9,44.2,0.5,0.13,147.1,Weak,8.7
TRN08835,Transport,AES-256,modp4096(16),Off,IPv6,icmp,65.9,3.0,16.9,0.05,142.7,Strong,0.3
TRN04314,Tunnel,AES-256-GCM,modp768(1),On,IPv4,web_browsing,431.8,18.2,5.6,0.34,225.7,Medium,5.5
TRN03915,Tunnel,DES,modp768(1),On,IPv6,whatsapp_msg,123.6,4.5,10.8,0.26,119.5,Weak,10.0
TRN00409,Transport,AES-256-GCM,modp8192(21),Off,IPv6,email,862.7,4.5,0.5,0.32,143.1,Strong,2.4
TRN05274,Tunnel,AES-256,modp8192(21),Off,IPv4,file_transfer,1400.7,148.3,136.5,0.78,114.2,Strong,2.1
TRN06572,Tunnel,AES-192,modp2048(14),On,IPv4,whatsapp_msg,169.7,6.7,0.5,0.13,204.1,Medium,6.7
TRN01028,Tunnel,AES-256,modp4096(16),On,IPv6,whatsapp_msg,145.8,2.4,7.9,0.36,126.9,Strong,1.7
TRN00158,Transport,3DES,modp1024(2),Off,IPv4,web_browsing,372.7,19.5,0.5,0.38,134.0,Weak,9.6
TRN00389,Transport,DES,modp8192(21),On,IPv4,whatsapp_msg,190.5,7.0,17.3,0.24,183.8,Medium,5.0
TRN02615,Tunnel,AES-128,modp4096(16),On,IPv4,voip,141.4,33.4,310.9,0.18,150.8,Medium,3.5
TRN01982,Tunnel,AES-256,modp6144(17),Off,IPv4,icmp,69.3,2.1,7.8,0.07,224.4,Strong,1.5
TRN08144,Tunnel,AES-128,modp1536(5),On,IPv4,voip,132.9,61.2,0.5,0.19,87.9,Weak,8.6
TRN05301,Tunnel,DES,modp6144(17),On,IPv6,whatsapp_msg,220.1,5.3,0.5,0.43,190.4,Medium,5.3
TRN01666,Transport,AES-256,modp8192(21),On,IPv6,whatsapp_msg,144.3,7.0,8.3,0.19,160.5,Strong,2.6
TRN04780,Tunnel,AES-192,modp2048(14),Off,IPv4,dns_query,124.6,0.7,0.5,0.1,95.2,Medium,4.7
TRN00713,Tunnel,AES-192,modp2048(14),Off,IPv6,web_browsing,353.9,21.8,15.6,0.17,201.7,Medium,4.8
TRN08017,Tunnel,AES-192,modp8192(21),On,IPv4,web_browsing,294.2,23.4,0.5,0.46,188.5,Strong,1.1
TRN00511,Transport,DES,modp2048(14),On,IPv6,email,710.7,7.9,9.4,0.26,174.9,Weak,6.9
TRN01062,Tunnel,AES-192,modp8192(21),On,IPv6,file_transfer,1397.5,104.8,18.1,0.8,205.2,Strong,1.1
TRN03258,Transport,3DES,modp4096(16),Off,IPv4,icmp,69.6,2.4,0.5,0.04,136.5,Medium,4.1
TRN05636,Transport,DES,modp6144(17),Off,IPv4,video_streaming,1576.7,81.3,0.5,0.43,151.9,Medium,5.0
TRN03837,Transport,AES-256,modp8192(21),On,IPv4,dns_query,72.8,2.1,2.2,0.09,196.9,Strong,2.5
TRN01979,Tunnel,DES,modp1536(5),Off,IPv6,whatsapp_msg,144.3,3.7,0.5,0.32,131.4,Weak,9.9
TRN02115,Transport,DES,modp768(1),On,IPv4,dns_query,83.3,3.5,0.5,0.08,86.2,Weak,9.2
TRN03209,Tunnel,AES-256,modp1024(2),Off,IPv4,icmp,64.0,2.5,0.5,0.05,95.5,Weak,9.8
TRN05559,Tunnel,AES-256,modp6144(17),On,IPv4,whatsapp_msg,144.9,7.8,5.9,0.2,203.9,Strong,2.7
TRN07253,Tunnel,DES,modp8192(21),On,IPv6,whatsapp_msg,140.1,7.3,0.5,0.16,74.7,Medium,4.4
TRN05227,Tunnel,AES-256,modp3072(15),Off,IPv6,dns_query,91.7,2.7,2.4,0.15,170.7,Strong,1.3
TRN04111,Transport,3DES,modp6144(17),Off,IPv6,file_transfer,1388.9,139.6,393.9,0.9,149.4,Medium,3.8
TRN04766,Tunnel,AES-256-GCM,modp1536(5),Off,IPv6,web_browsing,300.8,6.7,0.5,0.27,144.0,Medium,4.0
TRN05112,Tunnel,AES-128,modp1536(5),On,IPv6,email,612.4,9.2,26.6,0.38,82.0,Weak,6.9
TRN04386,Tunnel,3DES,modp6144(17),On,IPv4,email,458.7,9.6,2.3,0.28,123.8,Medium,3.3
TRN01964,Tunnel,AES-192,modp3072(15),Off,IPv6,icmp,55.3,2.7,7.2,0.05,236.1,Medium,4.0
TRN05844,Tunnel,3DES,modp4096(16),Off,IPv6,web_browsing,535.0,20.7,29.9,0.42,152.8,Medium,5.8
TRN02743,Transport,AES-256-GCM,modp2048(14),On,IPv4,whatsapp_msg,137.5,5.7,0.5,0.25,177.9,Strong,0.7
TRN07348,Transport,DES,modp768(1),Off,IPv6,icmp,75.3,2.9,6.9,0.06,136.1,Weak,8.8
TRN04177,Tunnel,DES,modp768(1),Off,IPv6,file_transfer,1452.4,165.9,0.5,0.86,125.0,Weak,9.5
TRN05816,Transport,AES-256-GCM,modp1024(2),Off,IPv4,web_browsing,282.0,5.0,0.5,0.51,210.8,Medium,6.2
TRN02923,Transport,AES-256,modp4096(16),Off,IPv6,video_streaming,978.3,99.7,173.9,0.54,40.3,Strong,0.7
TRN06168,Transport,3DES,modp768(1),On,IPv6,file_transfer,1300.0,109.3,136.7,0.9,148.4,Weak,8.2
TRN03863,Transport,AES-256-GCM,modp2048(14),On,IPv4,file_transfer,1408.5,124.0,0.5,0.95,131.5,Strong,2.6
TRN06026,Transport,AES-128,modp768(1),On,IPv4,email,561.7,10.1,51.6,0.33,102.4,Weak,7.1
TRN04051,Tunnel,3DES,modp2048(14),Off,IPv4,file_transfer,1416.1,154.6,285.2,0.83,110.5,Weak,9.2
TRN00795,Tunnel,AES-128,modp8192(21),On,IPv6,voip,133.2,52.1,488.1,0.2,115.5,Strong,1.3
TRN04351,Tunnel,AES-256,modp2048(14),Off,IPv4,video_streaming,1270.5,65.0,1250.2,0.53,129.5,Medium,5.0
TRN05943,Tunnel,3DES,modp8192(21),Off,IPv4,voip,135.9,53.9,475.5,0.17,128.0,Medium,5.8
TRN03762,Tunnel,DES,modp2048(14),On,IPv4,whatsapp_msg,182.3,3.4,1.6,0.3,169.9,Weak,8.9
TRN08050,Transport,AES-128,modp3072(15),On,IPv4,web_browsing,406.0,9.5,12.6,0.58,99.5,Medium,3.0
TRN00252,Transport,DES,modp1536(5),On,IPv4,dns_query,106.1,2.7,0.5,0.07,125.2,Weak,10.0
TRN07112,Tunnel,AES-128,modp1024(2),On,IPv4,voip,114.1,40.9,0.5,0.24,138.6,Weak,7.6
TRN05685,Tunnel,AES-256,modp1024(2),On,IPv4,icmp,62.0,1.3,0.5,0.04,129.7,Medium,6.0
TRN06841,Tunnel,DES,modp1024(2),Off,IPv6,email,419.2,6.6,0.5,0.4,148.6,Weak,6.2
TRN02755,Tunnel,AES-128,modp4096(16),On,IPv6,dns_query,72.1,2.0,1.9,0.12,137.2,Strong,3.4
TRN08716,Transport,AES-256-GCM,modp1024(2),Off,IPv6,video_streaming,1170.1,98.7,773.3,0.62,163.9,Medium,4.3
TRN06720,Transport,AES-256,modp8192(21),Off,IPv4,web_browsing,506.0,28.0,53.0,0.57,208.6,Strong,0.6
TRN03502,Tunnel,AES-192,modp4096(16),Off,IPv4,icmp,76.2,1.8,0.5,0.05,119.4,Medium,3.6
TRN06517,Transport,AES-192,modp768(1),On,IPv6,video_streaming,1160.6,106.2,0.5,0.57,184.1,Weak,7.5
TRN01234,Tunnel,AES-256-GCM,modp1536(5),On,IPv4,icmp,74.2,0.5,0.5,0.03,180.8,Medium,4.2
TRN08171,Transport,3DES,modp1536(5),Off,IPv6,web_browsing,467.4,11.9,8.9,0.29,150.6,Weak,9.2
TRN03173,Transport,AES-256-GCM,modp4096(16),On,IPv6,dns_query,70.9,2.8,1.0,0.12,80.2,Strong,2.6
TRN06584,Transport,DES,modp8192(21),Off,IPv4,web_browsing,459.1,23.7,37.1,0.51,139.9,Medium,4.8
TRN06850,Transport,AES-128,modp4096(16),Off,IPv4,video_streaming,1169.8,108.8,213.3,0.6,138.0,Medium,4.3
TRN08249,Tunnel,AES-192,modp8192(21),On,IPv4,video_streaming,1135.4,104.0,514.7,0.47,133.4,Strong,2.4
TRN06192,Tunnel,AES-256-GCM,modp6144(17),Off,IPv4,voip,123.2,40.3,0.5,0.16,198.0,Strong,1.7
TRN05900,Tunnel,AES-128,modp6144(17),On,IPv4,web_browsing,445.5,24.1,0.5,0.33,102.4,Strong,2.1
TRN03747,Tunnel,AES-192,modp1536(5),Off,IPv6,dns_query,76.6,3.5,0.5,0.17,154.1,Weak,8.0
TRN07088,Transport,AES-256-GCM,modp4096(16),On,IPv4,file_transfer,1346.0,112.0,278.5,0.87,240.2,Strong,2.8
TRN08519,Tunnel,3DES,modp1024(2),On,IPv6,dns_query,87.8,3.5,1.2,0.1,107.1,Weak,6.7
TRN04268,Transport,AES-256-GCM,modp4096(16),Off,IPv6,web_browsing,213.5,23.3,0.5,0.52,192.2,Strong,2.3
TRN04234,Transport,AES-256,modp6144(17),On,IPv4,icmp,70.0,1.8,0.5,0.07,137.5,Strong,1.3
TRN01627,Tunnel,AES-192,modp4096(16),Off,IPv4,web_browsing,398.6,15.1,0.5,0.37,119.3,Strong,2.0
TRN03847,Transport,AES-256-GCM,modp3072(15),On,IPv4,voip,97.5,45.3,78.0,0.17,162.0,Strong,3.0
TRN03530,Tunnel,AES-128,modp1536(5),On,IPv6,icmp,68.9,3.0,9.2,0.05,66.6,Weak,6.7
TRN04133,Transport,3DES,modp1536(5),Off,IPv6,email,187.2,9.9,0.7,0.27,199.1,Weak,8.7
TRN07936,Transport,AES-256-GCM,modp1536(5),Off,IPv6,file_transfer,1392.9,144.8,0.5,0.71,169.3,Medium,5.5
TRN06131,Transport,AES-192,modp8192(21),Off,IPv4,web_browsing,468.1,16.8,0.5,0.53,92.9,Strong,1.1
TRN07754,Tunnel,AES-128,modp1024(2),Off,IPv6,whatsapp_msg,144.0,7.3,5.4,0.29,128.6,Weak,9.3
TRN03034,Transport,AES-256-GCM,modp1536(5),Off,IPv6,web_browsing,469.4,9.8,47.1,0.3,183.3,Medium,3.9
TRN02019,Tunnel,DES,modp6144(17),Off,IPv4,voip,83.6,50.8,300.2,0.16,248.6,Medium,3.7
TRN00612,Tunnel,AES-256-GCM,modp1536(5),Off,IPv4,voip,150.8,47.5,0.5,0.2,193.7,Medium,6.3
TRN05919,Tunnel,AES-256,modp2048(14),Off,IPv4,icmp,72.3,2.1,11.0,0.06,117.2,Medium,5.0
TRN08080,Transport,AES-192,modp3072(15),Off,IPv6,file_transfer,1418.6,114.2,74.5,0.94,92.0,Medium,4.1
TRN08934,Tunnel,AES-256,modp4096(16),Off,IPv6,voip,121.7,58.2,0.5,0.24,130.4,Strong,1.3
TRN01808,Transport,AES-256,modp1536(5),On,IPv4,dns_query,59.4,2.8,2.6,0.12,131.0,Medium,4.2
TRN05564,Tunnel,AES-128,modp2048(14),Off,IPv6,video_streaming,880.7,132.1,411.0,0.71,199.6,Medium,4.2
TRN07507,Tunnel,AES-256-GCM,modp4096(16),Off,IPv6,voip,109.2,44.6,115.9,0.27,123.0,Strong,1.5
TRN07796,Tunnel,AES-256,modp1536(5),On,IPv6,voip,116.3,47.4,327.1,0.25,102.5,Medium,5.1
TRN02465,Transport,AES-256,modp8192(21),Off,IPv4,video_streaming,1126.2,95.8,0.5,0.5,47.5,Strong,2.3
TRN03937,Tunnel,AES-256,modp2048(14),On,IPv4,whatsapp_msg,121.7,4.4,19.3,0.14,194.4,Medium,3.9
TRN04635,Transport,AES-128,modp1024(2),On,IPv4,dns_query,104.4,2.9,0.5,0.07,171.9,Weak,7.8
TRN06193,Tunnel,3DES,modp3072(15),Off,IPv4,icmp,58.6,1.8,0.5,0.06,200.9,Weak,8.7
TRN08583,Tunnel,3DES,modp768(1),On,IPv6,dns_query,60.1,2.9,1.5,0.11,152.3,Weak,8.7
TRN00504,Transport,3DES,modp8192(21),Off,IPv6,email,499.5,8.7,10.0,0.26,69.4,Medium,3.6
TRN05131,Transport,AES-256-GCM,modp2048(14),Off,IPv4,file_transfer,1483.6,87.8,0.5,0.8,156.9,Strong,0.7
TRN00275,Tunnel,AES-256,modp4096(16),Off,IPv6,web_browsing,358.5,12.6,0.5,0.54,200.3,Strong,0.3
TRN03708,Tunnel,AES-256,modp3072(15),Off,IPv4,dns_query,85.4,2.4,0.5,0.08,194.6,Strong,0.3
TRN04752,Tunnel,AES-256-GCM,modp768(1),Off,IPv4,file_transfer,1471.0,109.3,0.5,0.69,103.2,Weak,7.8
TRN05935,Transport,DES,modp2048(14),On,IPv6,whatsapp_msg,190.6,9.0,14.6,0.24,138.4,Weak,7.0
TRN05504,Transport,DES,modp1536(5),Off,IPv4,whatsapp_msg,58.6,7.3,15.4,0.29,172.4,Weak,7.4
TRN02349,Transport,DES,modp1536(5),Off,IPv6,dns_query,52.9,4.3,1.0,0.14,227.8,Weak,7.4
TRN07932,Tunnel,AES-192,modp4096(16),Off,IPv4,web_browsing,457.1,19.4,28.3,0.46,172.9,Strong,3.5
TRN05800,Tunnel,3DES,modp1024(2),On,IPv4,whatsapp_msg,215.5,7.1,8.5,0.22,175.0,Weak,8.3
TRN05523,Transport,AES-192,modp3072(15),Off,IPv6,voip,135.4,51.2,0.5,0.22,140.3,Medium,5.4
TRN03208,Tunnel,AES-256-GCM,modp2048(14),Off,IPv4,voip,120.5,41.6,0.5,0.25,187.4,Medium,6.0
TRN06537,Tunnel,AES-256,modp1536(5),Off,IPv4,web_browsing,647.5,12.8,0.5,0.48,187.9,Medium,5.1
TRN03942,Transport,AES-192,modp3072(15),Off,IPv4,icmp,67.7,2.2,2.9,0.04,164.4,Medium,5.3
TRN00684,Tunnel,DES,modp1024(2),On,IPv6,file_transfer,1407.9,106.1,161.3,0.6,132.1,Weak,7.1
TRN08078,Tunnel,3DES,modp768(1),Off,IPv4,web_browsing,324.6,14.1,0.5,0.47,134.5,Weak,8.5
TRN00998,Transport,AES-128,modp2048(14),On,IPv4,file_transfer,1407.7,101.7,0.5,0.84,149.6,Medium,5.1
TRN02305,Tunnel,AES-256-GCM,modp3072(15),On,IPv6,web_browsing,301.6,21.7,42.9,0.63,130.0,Strong,1.5
TRN06718,Tunnel,DES,modp2048(14),Off,IPv6,voip,124.3,56.2,0.5,0.25,139.8,Weak,8.8
TRN01177,Transport,AES-192,modp1536(5),On,IPv4,video_streaming,1147.1,96.5,1223.5,0.55,214.1,Medium,7.0
TRN01347,Transport,DES,modp1536(5),On,IPv4,email,840.8,12.4,6.0,0.46,161.8,Weak,7.6
TRN03615,Tunnel,DES,modp4096(16),Off,IPv4,video_streaming,1284.7,96.8,373.8,0.53,127.2,Medium,5.4
TRN00745,Tunnel,AES-192,modp1536(5),On,IPv6,video_streaming,1108.6,76.8,0.5,0.76,187.4,Medium,5.3
TRN07725,Transport,DES,modp8192(21),Off,IPv6,file_transfer,1407.9,148.1,0.5,0.67,68.2,Medium,5.1
TRN08893,Tunnel,3DES,modp6144(17),Off,IPv6,voip,139.0,41.1,0.5,0.17,143.6,Medium,4.9
TRN04727,Tunnel,AES-128,modp768(1),Off,IPv6,whatsapp_msg,209.8,6.2,0.5,0.14,156.7,Weak,10.0
TRN06561,Transport,DES,modp4096(16),On,IPv4,web_browsing,336.0,11.3,26.6,0.3,151.5,Medium,3.3
TRN02795,Tunnel,AES-128,modp8192(21),On,IPv6,icmp,66.3,2.0,17.5,0.04,217.6,Strong,1.5
TRN07266,Transport,AES-128,modp1536(5),On,IPv4,file_transfer,1426.5,111.8,0.5,0.82,139.5,Weak,8.3
TRN06334,Tunnel,AES-128,modp768(1),Off,IPv4,file_transfer,1389.2,114.3,22.2,0.68,199.1,Weak,10.0
TRN01531,Tunnel,AES-256-GCM,modp2048(14),Off,IPv4,dns_query,69.5,1.9,0.5,0.06,223.2,Medium,5.6
TRN06125,Tunnel,AES-128,modp4096(16),On,IPv6,icmp,49.7,2.4,13.7,0.07,130.1,Strong,0.3
TRN06001,Transport,3DES,modp2048(14),On,IPv4,voip,99.0,28.6,3.9,0.23,108.3,Weak,7.6
TRN06553,Tunnel,AES-256,modp1024(2),On,IPv6,icmp,49.7,2.3,0.5,0.06,232.1,Medium,3.6
TRN08469,Tunnel,3DES,modp2048(14),Off,IPv6,whatsapp_msg,115.1,5.9,0.5,0.16,197.4,Weak,7.4
TRN00694,Tunnel,AES-256,modp3072(15),On,IPv4,file_transfer,1431.9,108.6,317.0,0.83,132.2,Strong,1.3
TRN00486,Tunnel,AES-256,modp768(1),On,IPv6,email,900.7,4.1,5.8,0.2,160.4,Medium,5.9
TRN08874,Tunnel,AES-256,modp1024(2),On,IPv6,voip,97.0,36.5,207.2,0.23,177.1,Medium,5.7
TRN05820,Tunnel,AES-128,modp768(1),On,IPv6,dns_query,66.6,2.9,2.6,0.08,89.6,Weak,7.4
TRN00983,Tunnel,AES-256-GCM,modp8192(21),Off,IPv4,email,869.2,7.3,0.5,0.42,203.5,Strong,0.9
TRN03015,Tunnel,AES-128,modp2048(14),Off,IPv6,whatsapp_msg,56.8,7.9,9.0,0.23,265.9,Medium,3.8
TRN00080,Tunnel,3DES,modp3072(15),Off,IPv6,voip,99.0,53.9,0.5,0.13,202.4,Medium,5.5
TRN03488,Transport,AES-256,modp2048(14),On,IPv6,voip,127.3,42.6,612.6,0.22,199.9,Medium,5.1
TRN03871,Transport,AES-256-GCM,modp6144(17),Off,IPv6,email,199.3,10.4,14.1,0.37,206.1,Strong,2.5
TRN07111,Transport,AES-256,modp8192(21),Off,IPv4,dns_query,67.3,4.4,1.3,0.16,147.4,Strong,1.7
TRN05489,Transport,AES-192,modp2048(14),Off,IPv6,email,457.0,4.9,14.8,0.25,96.4,Medium,5.9
TRN05977,Tunnel,DES,modp2048(14),Off,IPv4,email,875.5,9.8,8.4,0.24,186.0,Weak,7.7
TRN06525,Tunnel,AES-256,modp8192(21),On,IPv4,file_transfer,1389.5,120.8,0.5,0.76,174.7,Strong,2.7
TRN06488,Transport,AES-256-GCM,modp768(1),Off,IPv4,video_streaming,1094.3,88.2,0.5,0.61,119.5,Medium,4.7
TRN04102,Transport,DES,modp768(1),Off,IPv4,dns_query,76.9,3.7,0.5,0.07,96.1,Weak,8.1
TRN07926,Transport,AES-192,modp768(1),On,IPv4,whatsapp_msg,148.8,8.8,11.0,0.22,205.1,Weak,7.3
TRN01657,Transport,3DES,modp1024(2),Off,IPv6,email,294.0,7.7,19.6,0.33,65.8,Weak,9.7
TRN00446,Transport,AES-128,modp2048(14),Off,IPv4,video_streaming,1420.5,101.0,303.2,0.66,236.3,Medium,5.0
TRN04511,Tunnel,DES,modp8192(21),On,IPv4,whatsapp_msg,198.8,3.0,6.8,0.3,82.3,Medium,5.7
TRN04130,Tunnel,AES-192,modp1536(5),On,IPv4,whatsapp_msg,218.7,4.9,1.8,0.19,174.2,Medium,6.3
TRN08316,Transport,AES-192,modp1536(5),On,IPv6,video_streaming,1312.0,109.3,0.5,0.49,159.0,Medium,4.6
TRN06521,Tunnel,DES,modp3072(15),On,IPv6,whatsapp_msg,199.2,3.9,0.5,0.22,143.7,Medium,3.4
TRN06202,Tunnel,AES-128,modp4096(16),On,IPv4,voip,139.4,29.5,399.2,0.13,164.6,Medium,5.9
TRN05534,Transport,AES-256,modp768(1),On,IPv4,dns_query,61.5,2.5,0.7,0.11,169.3,Weak,9.2
TRN07682,Tunnel,AES-192,modp768(1),Off,IPv4,icmp,68.0,2.3,0.5,0.07,168.1,Weak,8.1
TRN05713,Transport,3DES,modp1536(5),On,IPv4,video_streaming,1378.0,92.9,0.5,0.61,201.8,Weak,7.2
TRN02514,Tunnel,AES-256-GCM,modp1536(5),Off,IPv6,file_transfer,1386.2,125.3,0.5,0.79,218.5,Medium,3.4
TRN06722,Tunnel,DES,modp1536(5),On,IPv6,web_browsing,366.6,14.3,4.0,0.37,167.7,Weak,6.8
TRN08637,Tunnel,AES-128,modp6144(17),On,IPv6,file_transfer,1432.1,91.1,179.6,0.75,163.8,Strong,2.1
TRN00069,Transport,DES,modp1024(2),On,IPv6,email,968.1,7.9,0.5,0.33,141.5,Weak,6.4
TRN06863,Transport,3DES,modp2048(14),Off,IPv4,file_transfer,1434.3,143.6,112.9,0.98,127.5,Weak,6.8
TRN00049,Tunnel,AES-192,modp768(1),Off,IPv6,web_browsing,313.6,17.9,52.3,0.47,80.9,Weak,7.1
TRN01054,Tunnel,AES-128,modp1536(5),On,IPv6,voip,123.1,40.8,208.9,0.22,86.4,Medium,4.8
TRN06156,Transport,AES-256-GCM,modp4096(16),Off,IPv6,voip,85.0,42.4,0.5,0.25,110.9,Strong,0.9
TRN07497,Tunnel,DES,modp8192(21),Off,IPv4,dns_query,91.3,3.1,0.5,0.09,154.9,Medium,4.6
TRN03032,Tunnel,AES-256,modp1024(2),Off,IPv6,icmp,53.5,1.8,4.8,0.06,197.2,Medium,4.4
TRN08045,Tunnel,AES-256-GCM,modp2048(14),Off,IPv4,email,806.9,12.5,0.5,0.24,159.9,Strong,0.3
TRN07079,Tunnel,3DES,modp2048(14),Off,IPv4,whatsapp_msg,201.7,7.9,1.0,0.19,186.5,Weak,8.9
TRN05329,Transport,AES-192,modp1024(2),Off,IPv6,video_streaming,1190.6,78.8,832.9,0.43,142.2,Weak,8.7
TRN08269,Tunnel,DES,modp3072(15),Off,IPv6,voip,146.0,41.0,633.8,0.23,210.2,Weak,7.8
TRN04540,Tunnel,AES-256-GCM,modp4096(16),On,IPv6,whatsapp_msg,210.3,9.3,0.5,0.2,141.9,Strong,1.8
TRN03106,Tunnel,AES-128,modp6144(17),Off,IPv6,file_transfer,1448.8,104.0,0.5,0.95,154.2,Medium,4.2
TRN01468,Transport,AES-128,modp4096(16),On,IPv6,dns_query,71.2,3.9,3.9,0.15,168.7,Strong,3.3
TRN05255,Transport,AES-256-GCM,modp1536(5),On,IPv6,icmp,58.5,2.0,0.5,0.01,159.3,Medium,3.0
TRN00394,Transport,AES-256,modp768(1),On,IPv6,icmp,59.5,1.2,7.2,0.06,124.5,Weak,8.8
TRN06963,Transport,AES-128,modp2048(14),On,IPv4,whatsapp_msg,116.2,8.5,4.8,0.16,194.2,Medium,4.1
TRN00231,Transport,AES-192,modp1536(5),Off,IPv6,email,417.8,12.1,13.8,0.1,127.8,Medium,3.9
TRN01321,Tunnel,3DES,modp1536(5),Off,IPv4,voip,103.1,53.6,44.8,0.24,148.0,Weak,7.9
TRN00042,Tunnel,AES-128,modp2048(14),Off,IPv4,web_browsing,589.7,19.8,47.6,0.56,104.3,Medium,5.8
TRN04223,Tunnel,AES-128,modp1536(5),Off,IPv4,dns_query,104.1,3.0,0.8,0.13,146.9,Weak,8.0
TRN08277,Transport,3DES,modp1536(5),Off,IPv6,icmp,52.8,2.1,0.9,0.04,151.5,Weak,7.0
TRN07905,Tunnel,AES-256,modp2048(14),On,IPv6,email,523.2,6.3,9.3,0.34,112.8,Strong,0.3
TRN02456,Transport,AES-256,modp1024(2),Off,IPv4,dns_query,98.5,2.8,0.6,0.11,125.3,Medium,5.7
TRN01791,Tunnel,3DES,modp4096(16),On,IPv4,voip,136.6,38.7,5.8,0.15,130.0,Medium,5.4
TRN04297,Tunnel,DES,modp2048(14),On,IPv6,dns_query,83.8,2.7,3.4,0.07,101.0,Weak,7.1
TRN07998,Transport,AES-128,modp6144(17),On,IPv6,icmp,40.0,1.3,2.2,0.0,135.6,Strong,2.9
TRN07128,Tunnel,AES-256-GCM,modp1536(5),Off,IPv6,email,631.5,8.9,40.0,0.25,178.8,Medium,6.2
TRN08598,Transport,3DES,modp1536(5),Off,IPv6,voip,93.5,41.3,340.6,0.19,132.3,Weak,9.5
TRN01324,Transport,AES-192,modp2048(14),Off,IPv6,dns_query,87.9,3.3,1.4,0.11,160.2,Medium,3.9
TRN08438,Tunnel,AES-256,modp3072(15),Off,IPv6,voip,119.8,46.4,0.5,0.17,135.1,Medium,3.9
TRN04994,Tunnel,DES,modp768(1),Off,IPv4,whatsapp_msg,182.5,7.3,0.5,0.25,112.0,Weak,7.2
TRN02224,Transport,AES-256,modp1024(2),Off,IPv6,file_transfer,1400.1,115.1,0.5,0.77,183.7,Medium,3.6
TRN01492,Tunnel,AES-128,modp768(1),Off,IPv4,icmp,71.0,2.5,3.1,0.07,188.1,Weak,8.1
TRN06092,Tunnel,DES,modp6144(17),On,IPv4,voip,110.6,49.4,271.6,0.07,189.7,Medium,4.9
TRN03266,Tunnel,DES,modp768(1),On,IPv6,web_browsing,428.1,9.5,0.5,0.48,82.3,Weak,10.0
TRN00062,Tunnel,AES-256-GCM,modp6144(17),Off,IPv6,video_streaming,1351.9,92.5,0.5,0.75,200.3,Strong,0.3
TRN04353,Tunnel,AES-128,modp1536(5),Off,IPv6,file_transfer,1465.5,109.6,0.5,0.72,97.7,Weak,7.9
TRN06481,Transport,3DES,modp6144(17),On,IPv6,file_transfer,1359.0,109.8,78.1,0.74,202.8,Medium,2.8
TRN07749,Transport,AES-256-GCM,modp1536(5),On,IPv4,web_browsing,475.6,16.3,28.0,0.4,130.4,Medium,3.9
TRN08202,Tunnel,AES-256,modp4096(16),Off,IPv4,file_transfer,1389.7,98.8,0.5,0.74,206.6,Strong,2.5
TRN00403,Tunnel,AES-256,modp6144(17),Off,IPv6,video_streaming,1082.3,60.5,12.7,0.46,245.5,Strong,2.7
TRN00333,Tunnel,DES,modp4096(16),On,IPv4,web_browsing,283.8,10.7,33.7,0.26,98.0,Medium,5.5
TRN07426,Transport,AES-192,modp1536(5),On,IPv6,dns_query,80.1,2.5,0.5,0.11,74.5,Medium,4.1
TRN01010,Tunnel,AES-256-GCM,modp6144(17),On,IPv4,web_browsing,380.9,6.8,0.5,0.7,180.8,Strong,1.0
TRN01169,Transport,AES-256,modp4096(16),Off,IPv4,web_browsing,368.1,5.0,0.5,0.41,125.1,Strong,2.3
TRN07709,Transport,DES,modp8192(21),On,IPv6,web_browsing,356.4,20.1,58.2,0.56,103.6,Medium,3.7
TRN07868,Transport,AES-128,modp4096(16),Off,IPv6,email,811.6,10.4,0.5,0.34,113.6,Medium,3.2
TRN05063,Transport,AES-192,modp4096(16),Off,IPv6,video_streaming,1486.7,92.0,609.8,0.67,186.4,Strong,2.2
TRN01769,Tunnel,3DES,modp2048(14),Off,IPv6,file_transfer,1451.1,118.8,0.5,0.86,167.5,Weak,8.7
TRN04843,Transport,AES-256-GCM,modp4096(16),On,IPv6,whatsapp_msg,160.7,7.2,11.1,0.31,138.5,Strong,2.9
TRN04175,Tunnel,3DES,modp3072(15),Off,IPv6,whatsapp_msg,132.4,6.4,0.5,0.37,193.3,Medium,2.7
TRN07108,Transport,DES,modp4096(16),Off,IPv6,whatsapp_msg,133.3,2.2,6.2,0.35,136.3,Medium,3.8
TRN07224,Tunnel,AES-192,modp6144(17),Off,IPv4,email,694.5,8.3,25.5,0.39,201.8,Strong,1.4
TRN01439,Tunnel,AES-256-GCM,modp6144(17),On,IPv4,whatsapp_msg,155.1,6.5,0.5,0.17,143.0,Strong,2.0
TRN06866,Transport,AES-128,modp1536(5),On,IPv4,video_streaming,1350.2,98.4,0.5,0.53,143.7,Weak,7.2
TRN07413,Transport,AES-256,modp8192(21),On,IPv4,icmp,67.4,1.7,0.5,0.01,189.4,Strong,1.0
TRN08901,Tunnel,AES-192,modp6144(17),On,IPv4,icmp,68.8,2.9,7.9,0.08,69.2,Strong,1.8
TRN01335,Transport,AES-128,modp6144(17),Off,IPv6,voip,130.2,34.5,0.5,0.14,173.5,Medium,5.8
TRN05563,Transport,DES,modp2048(14),Off,IPv4,web_browsing,471.5,19.1,0.5,0.42,118.5,Weak,8.0
TRN08694,Transport,AES-192,modp4096(16),Off,IPv4,email,327.0,7.8,0.5,0.28,152.5,Strong,1.8
TRN08896,Tunnel,AES-192,modp768(1),On,IPv6,email,538.2,8.6,2.5,0.32,155.7,Weak,8.9
TRN05819,Transport,AES-256,modp6144(17),On,IPv4,whatsapp_msg,175.7,6.6,7.8,0.2,59.7,Strong,2.0
TRN06504,Transport,AES-192,modp4096(16),Off,IPv6,icmp,63.0,1.8,6.2,0.08,214.7,Strong,1.7
TRN05741,Tunnel,3DES,modp4096(16),Off,IPv4,dns_query,77.8,2.4,0.5,0.14,116.6,Medium,5.5
TRN05706,Tunnel,DES,modp768(1),Off,IPv6,file_transfer,1414.4,111.0,0.5,0.86,133.8,Weak,9.2
TRN03986,Transport,3DES,modp2048(14),On,IPv4,email,803.0,3.6,12.8,0.04,131.5,Weak,8.1
TRN05377,Tunnel,AES-256,modp1536(5),On,IPv4,whatsapp_msg,106.2,8.5,0.5,0.26,251.3,Medium,3.0
TRN00707,Transport,3DES,modp768(1),On,IPv6,whatsapp_msg,114.7,6.1,10.1,0.2,70.5,Weak,8.9
TRN03044,Transport,AES-256,modp2048(14),Off,IPv6,dns_query,51.8,1.6,0.5,0.16,187.7,Medium,6.5
TRN06416,Tunnel,AES-256,modp1536(5),Off,IPv4,whatsapp_msg,181.1,7.7,5.8,0.09,195.1,Medium,4.5
TRN03542,Transport,DES,modp8192(21),Off,IPv6,file_transfer,1445.8,96.3,0.5,0.99,171.9,Medium,5.0
TRN08030,Transport,AES-256-GCM,modp2048(14),On,IPv4,file_transfer,1425.2,129.3,219.5,0.91,268.1,Strong,1.8
TRN06829,Transport,AES-128,modp1024(2),Off,IPv6,web_browsing,357.3,15.6,0.5,0.74,204.2,Weak,7.2
TRN02288,Transport,AES-192,modp1024(2),Off,IPv4,file_transfer,1416.3,130.9,64.7,0.81,264.3,Weak,8.2
TRN04455,Tunnel,DES,modp4096(16),Off,IPv4,email,334.0,7.8,18.5,0.36,184.5,Medium,5.0
TRN01563,Transport,AES-256,modp1536(5),Off,IPv4,file_transfer,1333.0,117.8,127.9,0.89,106.4,Medium,3.0
TRN03949,Tunnel,AES-128,modp8192(21),Off,IPv6,file_transfer,1373.4,82.5,0.5,0.78,171.3,Strong,1.0
TRN08887,Transport,AES-192,modp1536(5),On,IPv4,web_browsing,268.9,9.7,10.8,0.62,202.4,Medium,6.9
TRN03621,Tunnel,AES-192,modp1536(5),On,IPv6,video_streaming,1041.4,88.8,112.9,0.51,202.5,Medium,4.0
TRN00697,Tunnel,AES-256,modp8192(21),Off,IPv4,email,645.3,8.6,5.6,0.47,193.6,Strong,2.0
TRN01104,Transport,AES-256-GCM,modp1024(2),On,IPv4,video_streaming,1090.2,91.2,12.8,0.59,158.9,Medium,5.0
TRN00474,Transport,AES-128,modp3072(15),Off,IPv6,dns_query,61.9,2.8,0.5,0.13,75.6,Medium,5.5
TRN00380,Transport,AES-256,modp1536(5),Off,IPv6,icmp,54.5,1.7,0.5,0.05,112.0,Medium,6.4
TRN07963,Transport,DES,modp4096(16),On,IPv4,dns_query,68.3,1.5,3.1,0.12,194.3,Medium,4.4
TRN08138,Tunnel,AES-192,modp2048(14),Off,IPv4,dns_query,113.0,4.0,2.2,0.08,87.5,Medium,3.3
TRN04615,Tunnel,AES-192,modp8192(21),Off,IPv6,video_streaming,1430.1,100.9,401.7,0.8,113.5,Strong,0.4
TRN07685,Transport,3DES,modp1536(5),Off,IPv4,file_transfer,1381.5,103.2,0.5,0.83,155.1,Weak,5.9
TRN08406,Transport,AES-256,modp768(1),On,IPv4,web_browsing,416.1,16.7,0.5,0.49,62.5,Medium,5.8
TRN06865,Tunnel,DES,modp4096(16),Off,IPv4,video_streaming,1268.0,88.1,0.5,0.83,241.5,Medium,3.9
TRN08844,Transport,AES-128,modp1024(2),On,IPv4,whatsapp_msg,156.0,8.9,14.5,0.31,176.9,Weak,6.8
TRN04093,Transport,AES-256,modp2048(14),Off,IPv4,voip,123.1,54.1,128.5,0.23,147.6,Medium,3.7
TRN00382,Tunnel,DES,modp6144(17),Off,IPv4,file_transfer,1416.1,103.4,29.6,0.7,86.7,Medium,4.6
TRN05832,Transport,AES-128,modp3072(15),Off,IPv4,web_browsing,586.4,5.5,19.6,0.59,121.7,Medium,4.8
TRN02158,Transport,DES,modp768(1),Off,IPv6,web_browsing,399.7,13.7,7.7,0.43,146.8,Weak,9.0
TRN08651,Tunnel,AES-256,modp4096(16),On,IPv4,video_streaming,1438.9,86.1,74.6,0.74,137.6,Strong,2.6
TRN04914,Tunnel,AES-256-GCM,modp768(1),Off,IPv6,dns_query,79.1,2.4,0.5,0.11,138.4,Medium,5.3
TRN05829,Tunnel,AES-128,modp1536(5),Off,IPv6,dns_query,76.6,3.2,1.4,0.14,140.5,Weak,8.0
TRN02073,Tunnel,AES-256,modp6144(17),On,IPv6,email,420.9,13.1,5.9,0.39,159.9,Strong,2.7
TRN01672,Tunnel,AES-192,modp768(1),Off,IPv4,dns_query,61.4,2.9,6.6,0.08,135.5,Weak,8.1
TRN06653,Transport,3DES,modp6144(17),Off,IPv4,icmp,64.7,1.5,0.5,0.07,144.9,Medium,4.4
TRN00059,Transport,AES-128,modp4096(16),On,IPv4,whatsapp_msg,134.7,6.2,0.5,0.32,133.0,Medium,6.0
TRN03689,Transport,3DES,modp2048(14),Off,IPv4,video_streaming,830.5,100.1,443.0,0.6,110.8,Weak,9.1
TRN07773,Transport,AES-256,modp8192(21),On,IPv4,whatsapp_msg,220.2,8.1,10.9,0.18,159.1,Strong,2.1
TRN05770,Tunnel,AES-256-GCM,modp1024(2),On,IPv6,voip,100.7,37.0,0.5,0.14,195.3,Medium,5.4
TRN05581,Transport,AES-128,modp1536(5),On,IPv6,whatsapp_msg,150.0,7.3,6.6,0.25,170.3,Medium,4.6
TRN02628,Transport,AES-192,modp2048(14),Off,IPv6,file_transfer,1415.9,117.2,39.3,0.83,188.9,Medium,6.1
TRN04895,Transport,DES,modp4096(16),Off,IPv4,dns_query,81.4,4.3,3.6,0.1,151.9,Weak,10.0
TRN06449,Tunnel,3DES,modp2048(14),Off,IPv6,email,423.8,9.5,9.9,0.4,140.8,Weak,9.9
TRN02821,Transport,AES-128,modp1536(5),Off,IPv6,voip,92.8,45.4,0.5,0.2,199.4,Weak,9.3
TRN01194,Transport,AES-256-GCM,modp1536(5),Off,IPv4,web_browsing,439.9,19.1,20.2,0.57,120.2,Medium,3.5
TRN05621,Transport,DES,modp2048(14),On,IPv4,voip,138.8,48.8,0.5,0.19,105.8,Weak,9.9
TRN00859,Transport,AES-256,modp6144(17),Off,IPv6,file_transfer,1421.5,143.8,0.5,0.69,93.0,Strong,1.2
TRN08283,Tunnel,AES-128,modp6144(17),Off,IPv4,dns_query,80.4,3.5,0.5,0.16,155.3,Medium,5.5
TRN06120,Transport,AES-256,modp6144(17),On,IPv4,email,607.3,2.7,0.5,0.12,81.8,Strong,2.2
TRN08885,Tunnel,DES,modp2048(14),Off,IPv6,icmp,60.6,2.4,0.5,0.04,239.8,Weak,8.1
TRN06629,Transport,AES-128,modp1536(5),Off,IPv4,video_streaming,1314.5,121.7,0.5,0.46,73.1,Weak,8.4
TRN01537,Transport,AES-192,modp6144(17),On,IPv6,file_transfer,1439.5,118.8,95.0,0.67,87.6,Strong,4.0
TRN00746,Transport,AES-128,modp3072(15),On,IPv6,file_transfer,1392.7,138.1,124.7,0.65,155.6,Medium,5.0
TRN01942,Tunnel,DES,modp768(1),Off,IPv6,file_transfer,1332.2,98.0,0.5,0.72,152.9,Weak,7.6
TRN02009,Tunnel,AES-192,modp768(1),On,IPv6,dns_query,84.3,2.3,0.5,0.09,70.0,Weak,8.8
TRN06301,Transport,AES-256,modp2048(14),Off,IPv4,web_browsing,537.2,15.9,4.7,0.14,178.1,Medium,4.1
TRN04887,Transport,AES-192,modp4096(16),On,IPv4,web_browsing,277.3,24.6,0.5,0.56,129.4,Strong,2.4
TRN04484,Tunnel,AES-256,modp768(1),On,IPv4,email,324.7,9.1,6.5,0.31,180.1,Weak,8.4
TRN06996,Tunnel,DES,modp2048(14),Off,IPv6,icmp,69.0,1.7,0.5,0.08,124.2,Weak,7.8
TRN03170,Transport,AES-256-GCM,modp1536(5),Off,IPv6,email,1158.0,6.2,5.0,0.24,179.8,Medium,5.9
TRN06644,Tunnel,AES-256,modp768(1),Off,IPv6,web_browsing,535.1,20.2,0.5,0.59,113.3,Weak,9.5
TRN02139,Tunnel,DES,modp2048(14),Off,IPv4,voip,94.9,50.9,0.5,0.21,152.7,Weak,5.8
TRN05640,Tunnel,AES-256-GCM,modp1024(2),Off,IPv6,voip,106.7,48.0,0.5,0.19,49.5,Medium,5.9
TRN04191,Tunnel,DES,modp2048(14),On,IPv6,voip,106.1,47.9,0.5,0.21,104.2,Weak,8.6
TRN05643,Tunnel,AES-256,modp2048(14),On,IPv6,email,553.8,7.5,20.9,0.3,213.2,Medium,5.6
TRN07600,Transport,AES-192,modp1536(5),On,IPv6,dns_query,131.1,3.1,1.0,0.05,196.5,Medium,4.6
TRN02166,Transport,AES-256,modp2048(14),On,IPv6,email,698.2,8.1,12.4,0.2,188.2,Strong,0.4
TRN04095,Transport,3DES,modp4096(16),On,IPv4,video_streaming,1307.5,94.1,0.5,0.65,104.4,Medium,3.4
TRN01534,Tunnel,AES-128,modp6144(17),Off,IPv6,dns_query,66.2,3.7,1.1,0.12,120.3,Medium,4.7
TRN03853,Transport,AES-256-GCM,modp8192(21),On,IPv4,voip,134.7,42.2,196.2,0.19,57.7,Strong,0.7
TRN08029,Tunnel,DES,modp1536(5),On,IPv6,email,869.8,8.4,2.0,0.39,157.8,Weak,9.4
TRN08499,Tunnel,DES,modp768(1),On,IPv6,web_browsing,305.9,17.9,0.5,0.6,121.4,Weak,8.7
TRN03667,Tunnel,AES-256,modp1536(5),Off,IPv4,email,821.2,4.0,26.1,0.15,205.0,Medium,4.0
TRN01692,Transport,AES-192,modp768(1),Off,IPv6,file_transfer,1344.4,106.7,89.1,0.78,188.6,Weak,7.3
TRN07427,Tunnel,DES,modp768(1),On,IPv6,voip,115.5,50.5,0.5,0.18,61.7,Weak,9.5
TRN08618,Tunnel,AES-256,modp6144(17),On,IPv6,dns_query,84.4,3.2,3.6,0.09,180.6,Strong,0.3
TRN06691,Tunnel,AES-256,modp768(1),Off,IPv6,dns_query,112.7,1.7,0.5,0.14,100.4,Weak,8.9
TRN06683,Transport,AES-256,modp768(1),Off,IPv4,file_transfer,1383.0,141.6,0.5,0.87,152.3,Weak,6.6
TRN04320,Tunnel,DES,modp2048(14),Off,IPv4,icmp,59.0,1.4,0.5,0.04,94.3,Weak,7.6
TRN00215,Transport,AES-256-GCM,modp1024(2),Off,IPv6,voip,89.5,43.4,264.2,0.17,130.6,Medium,3.6
TRN05216,Transport,DES,modp4096(16),Off,IPv6,web_browsing,437.6,22.7,42.2,0.51,122.8,Weak,7.4
TRN01919,Transport,DES,modp4096(16),On,IPv4,file_transfer,1390.7,119.6,0.5,0.85,149.6,Medium,5.5
TRN06116,Tunnel,AES-128,modp2048(14),On,IPv6,video_streaming,1046.7,86.8,0.5,0.72,61.3,Medium,5.1
TRN00863,Transport,AES-256-GCM,modp4096(16),Off,IPv4,whatsapp_msg,230.8,4.5,0.5,0.33,240.1,Strong,1.7
TRN00004,Transport,AES-128,modp4096(16),Off,IPv4,web_browsing,364.5,9.3,0.5,0.49,141.4,Medium,3.9
TRN03962,Transport,AES-256,modp4096(16),On,IPv6,whatsapp_msg,261.2,6.3,0.8,0.11,149.9,Strong,1.5
TRN08267,Transport,DES,modp768(1),On,IPv4,dns_query,74.3,2.8,1.0,0.12,172.2,Weak,9.0
TRN03834,Transport,AES-256,modp6144(17),On,IPv6,video_streaming,1101.1,54.1,0.5,0.69,99.7,Strong,2.3
TRN01663,Transport,AES-256,modp4096(16),Off,IPv6,video_streaming,1206.5,101.4,0.5,0.58,249.3,Strong,2.5
TRN00182,Transport,AES-256-GCM,modp1536(5),Off,IPv6,video_streaming,1207.0,75.8,606.4,0.44,115.2,Medium,5.6
TRN01619,Tunnel,AES-128,modp768(1),Off,IPv6,email,592.8,5.7,0.5,0.24,199.1,Weak,8.1
TRN05262,Transport,AES-256-GCM,modp4096(16),On,IPv4,icmp,63.4,1.6,0.5,0.07,142.5,Strong,1.5
TRN06064,Transport,AES-256,modp2048(14),On,IPv4,dns_query,80.5,3.1,3.4,0.11,184.0,Strong,0.3
TRN03602,Transport,AES-128,modp4096(16),On,IPv6,dns_query,90.5,2.1,0.7,0.05,160.4,Medium,4.7
TRN01738,Transport,DES,modp1536(5),On,IPv4,voip,119.5,38.0,0.5,0.23,171.9,Weak,7.8
TRN07145,Transport,3DES,modp6144(17),Off,IPv4,dns_query,61.8,2.9,1.7,0.11,145.4,Medium,4.6
TRN05350,Transport,DES,modp3072(15),Off,IPv6,voip,149.7,53.6,0.5,0.22,116.7,Weak,7.2
TRN01938,Transport,DES,modp1536(5),On,IPv4,file_transfer,1372.7,128.8,80.5,0.8,185.9,Weak,8.3
TRN06413,Transport,3DES,modp4096(16),On,IPv4,voip,81.5,49.6,0.5,0.11,94.6,Medium,4.5
TRN08377,Transport,AES-192,modp768(1),On,IPv4,icmp,66.1,2.7,9.0,0.01,192.6,Weak,9.6
TRN05366,Transport,AES-256,modp6144(17),Off,IPv4,email,676.2,11.7,0.5,0.38,177.7,Strong,1.2
TRN06901,Transport,AES-128,modp1024(2),On,IPv6,voip,138.4,52.0,0.5,0.17,146.7,Weak,8.9
TRN03845,Transport,AES-256,modp3072(15),On,IPv4,dns_query,43.9,2.1,0.5,0.08,91.1,Strong,1.7
TRN00071,Transport,AES-256,modp8192(21),On,IPv4,whatsapp_msg,142.9,12.2,0.5,0.11,109.8,Strong,1.2
TRN00545,Tunnel,AES-192,modp1024(2),Off,IPv6,web_browsing,236.6,14.0,0.5,0.36,200.6,Weak,9.3
TRN03186,Transport,AES-256,modp3072(15),On,IPv6,whatsapp_msg,219.7,5.4,0.5,0.17,170.9,Strong,2.5
TRN00836,Transport,AES-192,modp768(1),Off,IPv4,video_streaming,1283.5,64.9,0.5,0.58,99.6,Weak,6.5
TRN03017,Transport,3DES,modp1536(5),Off,IPv6,file_transfer,1382.6,123.9,0.5,1.0,178.6,Weak,7.6
TRN08678,Transport,AES-256-GCM,modp2048(14),On,IPv4,icmp,63.3,1.7,0.5,0.06,130.5,Strong,1.8
TRN08197,Tunnel,AES-256-GCM,modp1536(5),On,IPv6,whatsapp_msg,130.2,6.7,2.9,0.22,158.1,Strong,1.2
TRN06387,Tunnel,DES,modp768(1),Off,IPv6,file_transfer,1391.4,85.4,158.8,0.83,76.4,Weak,5.9
TRN08711,Tunnel,DES,modp8192(21),Off,IPv4,file_transfer,1380.3,104.7,0.5,0.82,279.7,Medium,5.9
TRN00368,Tunnel,AES-192,modp1024(2),Off,IPv4,voip,128.7,45.3,0.5,0.16,150.4,Weak,8.9
TRN06815,Tunnel,3DES,modp1536(5),On,IPv4,video_streaming,1218.5,94.7,890.7,0.5,121.0,Weak,8.3
TRN03232,Tunnel,AES-128,modp4096(16),Off,IPv6,email,259.7,9.5,0.5,0.15,172.1,Medium,4.4
TRN05971,Tunnel,AES-128,modp768(1),On,IPv6,voip,159.5,66.2,443.4,0.29,145.1,Weak,7.0
TRN01833,Transport,AES-256,modp1536(5),Off,IPv4,file_transfer,1435.8,104.3,0.5,0.77,160.9,Medium,4.5
TRN00878,Transport,AES-256-GCM,modp3072(15),On,IPv4,dns_query,67.9,5.6,0.5,0.12,189.7,Strong,1.2
TRN07702,Transport,DES,modp3072(15),Off,IPv4,file_transfer,1426.6,112.8,2.4,0.7,160.7,Weak,7.6
TRN06776,Tunnel,3DES,modp768(1),On,IPv4,dns_query,63.3,3.5,0.5,0.16,164.1,Weak,7.6
TRN08769,Transport,AES-192,modp4096(16),Off,IPv6,email,185.6,6.8,0.5,0.26,193.6,Medium,6.6
TRN03466,Tunnel,AES-128,modp8192(21),Off,IPv6,icmp,63.1,2.7,0.5,0.03,119.9,Strong,0.7
TRN08562,Transport,3DES,modp4096(16),Off,IPv6,web_browsing,294.3,14.0,0.5,0.77,152.9,Medium,3.3
TRN01865,Transport,AES-128,modp3072(15),On,IPv6,icmp,87.8,1.1,9.4,0.05,88.0,Medium,4.8
TRN06325,Transport,AES-128,modp2048(14),On,IPv4,video_streaming,1109.0,74.7,228.6,0.66,141.1,Medium,6.3
TRN03298,Tunnel,AES-128,modp6144(17),On,IPv6,email,361.2,4.8,0.5,0.21,157.6,Strong,0.5
TRN01545,Tunnel,AES-256,modp6144(17),On,IPv4,web_browsing,215.6,14.3,13.3,0.49,159.6,Strong,0.6
TRN07054,Transport,AES-256,modp3072(15),On,IPv4,email,302.1,6.6,3.2,0.16,156.2,Strong,0.3
TRN07345,Tunnel,3DES,modp3072(15),Off,IPv6,whatsapp_msg,215.0,4.8,0.5,0.31,143.6,Weak,7.9
TRN08428,Tunnel,AES-256,modp6144(17),Off,IPv4,voip,147.7,51.2,43.3,0.21,233.5,Strong,1.9
TRN07363,Tunnel,AES-128,modp6144(17),On,IPv4,video_streaming,1018.1,101.3,641.6,0.72,115.9,Strong,0.9
TRN07667,Tunnel,AES-256,modp2048(14),Off,IPv6,video_streaming,970.8,72.7,777.7,0.71,175.3,Medium,5.8
TRN05392,Transport,AES-256-GCM,modp8192(21),On,IPv4,video_streaming,1449.9,96.1,300.6,0.58,182.2,Strong,3.5
TRN01433,Transport,AES-256-GCM,modp1024(2),On,IPv4,web_browsing,305.2,19.9,3.8,0.4,163.3,Medium,5.0
TRN04141,Transport,AES-256,modp1024(2),On,IPv4,dns_query,71.3,2.0,2.6,0.1,159.9,Medium,5.3
TRN04408,Tunnel,AES-256,modp3072(15),Off,IPv4,email,565.8,5.1,0.5,0.33,100.3,Strong,2.0
TRN04343,Transport,AES-192,modp3072(15),Off,IPv6,dns_query,74.1,3.0,4.3,0.12,87.8,Medium,5.5
TRN05981,Transport,AES-192,modp2048(14),On,IPv6,file_transfer,1313.1,149.8,8.3,0.58,174.2,Medium,4.1
TRN02405,Transport,3DES,modp2048(14),On,IPv6,whatsapp_msg,215.6,6.7,0.5,0.11,101.8,Medium,4.6
TRN07633,Transport,3DES,modp3072(15),Off,IPv4,email,634.7,6.1,20.9,0.15,113.6,Medium,3.7
TRN01730,Transport,3DES,modp8192(21),Off,IPv4,video_streaming,1107.4,77.0,297.7,0.7,255.3,Medium,6.0
TRN02276,Tunnel,DES,modp1024(2),On,IPv6,voip,119.3,46.6,446.4,0.27,122.9,Weak,7.9
TRN06302,Tunnel,3DES,modp1536(5),Off,IPv4,file_transfer,1334.7,132.7,0.5,0.74,204.0,Weak,7.8
TRN06473,Transport,3DES,modp2048(14),On,IPv4,file_transfer,1410.1,120.3,132.1,0.82,192.1,Weak,7.4
TRN05270,Tunnel,AES-128,modp8192(21),On,IPv6,video_streaming,1352.6,97.5,266.7,0.68,160.4,Strong,2.5
TRN02610,Tunnel,AES-128,modp8192(21),On,IPv6,email,687.9,10.0,9.4,0.23,106.3,Strong,1.1
TRN03807,Tunnel,AES-256,modp768(1),Off,IPv4,voip,108.0,35.0,80.0,0.24,89.1,Weak,8.1
TRN02472,Transport,3DES,modp768(1),Off,IPv6,icmp,67.6,2.2,0.5,0.0,146.2,Weak,8.4
TRN00219,Tunnel,AES-256,modp2048(14),On,IPv6,email,588.3,10.9,16.9,0.29,187.2,Strong,1.6
TRN05945,Transport,3DES,modp6144(17),Off,IPv4,icmp,45.3,1.2,5.1,0.03,204.7,Medium,3.2
TRN08167,Tunnel,DES,modp6144(17),Off,IPv4,web_browsing,294.5,22.8,0.5,0.37,202.1,Medium,5.4
TRN03149,Tunnel,DES,modp1024(2),On,IPv6,icmp,72.7,1.1,0.5,0.06,193.5,Weak,9.4
TRN08544,Transport,AES-256,modp3072(15),On,IPv6,whatsapp_msg,213.3,6.1,0.5,0.19,189.0,Strong,2.0
TRN01245,Transport,3DES,modp1024(2),Off,IPv4,file_transfer,1422.2,140.2,0.5,0.79,217.1,Weak,10.0
TRN03678,Transport,3DES,modp768(1),Off,IPv6,web_browsing,418.3,19.7,0.5,0.53,213.9,Weak,7.3
TRN05875,Tunnel,AES-192,modp1024(2),Off,IPv6,voip,98.7,61.7,548.9,0.25,129.4,Weak,9.4
TRN04242,Tunnel,AES-256-GCM,modp3072(15),On,IPv6,video_streaming,1118.6,111.2,283.8,0.45,131.4,Strong,0.4
TRN06286,Transport,AES-256-GCM,modp1536(5),Off,IPv4,web_browsing,511.4,9.2,25.1,0.5,139.7,Medium,3.4
TRN01644,Transport,AES-256,modp8192(21),Off,IPv6,video_streaming,1090.8,93.8,915.9,0.51,194.3,Strong,2.3
TRN07511,Tunnel,3DES,modp8192(21),Off,IPv4,email,668.1,8.5,0.5,0.33,159.4,Medium,5.8
TRN08809,Tunnel,DES,modp768(1),Off,IPv6,icmp,72.3,2.2,2.7,0.0,200.6,Weak,7.1
TRN00577,Transport,AES-256,modp8192(21),On,IPv6,icmp,71.1,2.5,9.2,0.06,168.4,Strong,0.3
TRN07782,Transport,AES-192,modp8192(21),Off,IPv4,voip,136.8,55.1,0.5,0.21,202.6,Strong,2.1
TRN01167,Transport,AES-256,modp6144(17),On,IPv4,web_browsing,350.9,10.5,8.1,0.5,194.4,Strong,1.7
TRN03911,Tunnel,AES-256,modp768(1),On,IPv6,voip,125.9,47.1,151.5,0.14,144.8,Medium,4.1
TRN07900,Transport,AES-192,modp3072(15),On,IPv6,email,348.6,12.3,0.5,0.2,191.4,Medium,6.3
TRN00416,Transport,AES-256,modp768(1),Off,IPv6,icmp,61.0,1.3,6.9,0.07,145.6,Weak,8.4
TRN05859,Transport,DES,modp2048(14),Off,IPv6,voip,146.9,52.5,604.0,0.19,72.2,Weak,9.3
TRN08245,Tunnel,AES-256-GCM,modp1536(5),Off,IPv4,email,715.5,9.5,0.5,0.22,103.8,Medium,3.5
TRN05066,Transport,AES-192,modp8192(21),On,IPv4,web_browsing,298.7,17.7,0.5,0.49,207.6,Strong,2.0
TRN00760,Tunnel,AES-128,modp2048(14),On,IPv4,email,578.5,11.0,0.5,0.23,135.1,Medium,5.3
TRN01386,Transport,AES-128,modp8192(21),Off,IPv6,icmp,64.2,3.0,0.7,0.08,178.7,Strong,0.3
TRN03579,Transport,AES-128,modp4096(16),On,IPv6,video_streaming,1214.6,93.0,0.5,0.49,194.1,Strong,0.8
TRN01202,Tunnel,AES-192,modp6144(17),Off,IPv6,whatsapp_msg,78.7,7.2,1.5,0.36,227.7,Strong,1.2
TRN03539,Tunnel,AES-256-GCM,modp4096(16),On,IPv4,video_streaming,1028.7,105.0,0.5,0.63,247.1,Strong,0.8
TRN08405,Transport,AES-192,modp2048(14),On,IPv6,web_browsing,302.9,2.5,8.1,0.31,201.2,Medium,3.5
TRN02856,Transport,AES-256,modp2048(14),Off,IPv6,whatsapp_msg,166.6,5.5,18.3,0.3,206.8,Medium,5.5
TRN04815,Transport,DES,modp4096(16),Off,IPv6,video_streaming,1320.0,88.3,751.8,0.67,223.3,Medium,5.8
TRN03329,Tunnel,3DES,modp768(1),Off,IPv6,dns_query,84.8,6.3,0.5,0.16,103.0,Weak,6.8
TRN05146,Transport,AES-256,modp6144(17),Off,IPv4,file_transfer,1403.2,117.7,0.5,0.64,206.0,Strong,2.6
TRN05897,Tunnel,AES-192,modp3072(15),On,IPv4,dns_query,92.6,3.7,2.7,0.1,138.1,Medium,4.4
TRN04340,Tunnel,AES-256,modp1536(5),Off,IPv4,video_streaming,1195.8,106.7,7.4,0.7,161.1,Medium,3.2
TRN04113,Tunnel,3DES,modp4096(16),Off,IPv4,file_transfer,1371.8,134.9,308.8,0.79,100.6,Medium,4.3
TRN00783,Tunnel,AES-192,modp6144(17),Off,IPv4,dns_query,54.8,4.3,0.5,0.1,143.9,Strong,0.9
TRN04392,Tunnel,AES-256-GCM,modp1024(2),Off,IPv4,voip,116.0,21.5,638.8,0.22,172.4,Medium,6.0
TRN00329,Tunnel,AES-192,modp4096(16),On,IPv6,icmp,59.9,1.6,9.1,0.09,67.9,Strong,0.9
TRN04871,Transport,AES-128,modp3072(15),Off,IPv6,icmp,57.2,1.9,26.3,0.05,200.7,Medium,5.3
TRN04825,Transport,AES-128,modp6144(17),Off,IPv6,dns_query,83.1,2.3,0.5,0.14,235.4,Strong,2.3
TRN07131,Tunnel,AES-128,modp1536(5),Off,IPv6,email,525.2,7.0,17.5,0.23,172.0,Weak,9.0
TRN08522,Tunnel,AES-128,modp2048(14),Off,IPv6,email,817.3,6.5,0.5,0.19,180.3,Medium,4.0
TRN03205,Tunnel,AES-128,modp6144(17),Off,IPv6,email,518.1,7.3,4.2,0.35,268.4,Strong,2.4
TRN05293,Transport,3DES,modp2048(14),On,IPv4,web_browsing,410.9,13.5,18.4,0.26,107.2,Medium,6.9
TRN01112,Tunnel,AES-128,modp1536(5),Off,IPv4,email,525.4,12.2,0.5,0.06,97.4,Weak,10.0
TRN02302,Tunnel,AES-128,modp1024(2),Off,IPv4,email,422.0,6.8,0.5,0.35,229.8,Weak,8.5
TRN06917,Transport,DES,modp768(1),Off,IPv6,voip,107.5,44.9,0.5,0.09,197.7,Weak,7.9
TRN02108,Tunnel,3DES,modp1536(5),On,IPv4,file_transfer,1402.6,131.5,0.5,0.94,53.1,Weak,9.1
TRN03376,Tunnel,DES,modp1024(2),On,IPv6,whatsapp_msg,179.4,7.5,0.5,0.16,177.2,Weak,8.6
TRN01282,Tunnel,AES-192,modp4096(16),On,IPv6,whatsapp_msg,133.1,2.5,5.6,0.34,146.0,Strong,1.2
TRN04078,Tunnel,AES-256-GCM,modp3072(15),On,IPv4,file_transfer,1451.4,141.6,131.5,0.82,106.5,Strong,1.3
TRN02246,Tunnel,AES-128,modp768(1),Off,IPv4,file_transfer,1460.0,95.5,141.7,0.72,143.5,Weak,7.2
TRN08613,Tunnel,AES-256,modp2048(14),On,IPv4,video_streaming,1306.4,92.2,36.6,0.72,119.7,Strong,1.1
TRN07473,Transport,DES,modp1536(5),Off,IPv6,dns_query,77.1,4.5,0.5,0.13,160.2,Weak,6.3
TRN04640,Transport,AES-192,modp6144(17),On,IPv4,email,726.7,11.9,4.7,0.2,164.5,Strong,1.4
TRN03821,Tunnel,AES-192,modp6144(17),Off,IPv6,email,40.0,13.5,0.5,0.31,129.7,Strong,1.9
TRN04853,Transport,AES-192,modp8192(21),Off,IPv4,icmp,63.2,2.5,12.1,0.07,126.8,Strong,3.7
TRN00971,Transport,AES-128,modp1024(2),Off,IPv4,icmp,70.0,2.0,1.1,0.07,133.8,Weak,8.9
TRN07631,Tunnel,AES-192,modp768(1),Off,IPv6,icmp,66.9,2.0,0.5,0.06,174.4,Weak,7.7
TRN05738,Transport,AES-128,modp2048(14),Off,IPv6,icmp,66.9,1.3,9.4,0.05,162.4,Medium,4.5
TRN05122,Tunnel,AES-256-GCM,modp1536(5),On,IPv6,dns_query,73.1,3.4,0.5,0.04,155.2,Medium,6.0
TRN05248,Tunnel,DES,modp6144(17),On,IPv4,icmp,72.0,2.1,8.2,0.03,213.8,Medium,6.2
TRN06142,Tunnel,AES-128,modp1536(5),Off,IPv4,voip,130.0,50.3,321.7,0.11,196.6,Weak,7.6
TRN03474,Tunnel,AES-128,modp1024(2),On,IPv6,web_browsing,428.9,12.4,45.8,0.49,160.8,Weak,8.3
TRN04039,Tunnel,DES,modp1024(2),On,IPv6,dns_query,91.2,3.9,3.5,0.06,95.5,Weak,7.1
TRN03285,Transport,AES-192,modp2048(14),On,IPv6,file_transfer,1369.6,109.3,73.7,0.95,171.1,Medium,4.9
TRN01283,Tunnel,AES-128,modp768(1),On,IPv4,voip,118.5,41.3,0.5,0.27,95.3,Weak,9.9
TRN03435,Transport,DES,modp768(1),On,IPv6,video_streaming,1344.0,104.4,0.5,0.7,201.0,Weak,8.7
TRN04116,Transport,AES-192,modp4096(16),On,IPv6,email,915.9,8.5,20.4,0.12,86.5,Strong,1.3
TRN04248,Tunnel,AES-128,modp4096(16),On,IPv4,whatsapp_msg,124.2,1.0,2.2,0.23,134.3,Strong,1.5
TRN01438,Transport,AES-256,modp2048(14),Off,IPv6,voip,96.6,51.2,0.5,0.22,247.0,Medium,4.2
TRN02190,Transport,AES-192,modp8192(21),Off,IPv6,dns_query,92.2,3.8,0.5,0.09,156.2,Strong,1.3
TRN08662,Transport,3DES,modp8192(21),Off,IPv4,web_browsing,405.8,18.6,0.5,0.52,209.5,Medium,6.5
TRN00112,Tunnel,AES-256-GCM,modp1536(5),On,IPv6,web_browsing,447.4,18.9,0.5,0.55,181.6,Medium,6.2
TRN03888,Tunnel,3DES,modp4096(16),Off,IPv6,video_streaming,1595.1,93.2,301.6,0.96,125.1,Medium,4.1
TRN08917,Transport,3DES,modp1536(5),Off,IPv4,email,430.9,6.0,24.7,0.47,187.7,Weak,8.5
TRN08884,Tunnel,AES-256,modp1024(2),Off,IPv6,video_streaming,1211.0,74.0,0.5,0.5,175.4,Weak,8.4
TRN05325,Transport,3DES,modp768(1),On,IPv6,dns_query,88.0,2.1,0.5,0.08,256.3,Weak,7.1
TRN07469,Transport,AES-256,modp1536(5),Off,IPv6,email,484.5,4.3,21.0,0.32,125.2,Medium,5.2
TRN06182,Tunnel,AES-128,modp6144(17),On,IPv4,email,561.3,4.7,8.8,0.23,123.4,Strong,1.1
TRN07898,Transport,DES,modp768(1),Off,IPv6,file_transfer,1414.4,88.1,0.5,0.67,156.5,Weak,9.7
TRN08009,Tunnel,3DES,modp768(1),Off,IPv6,email,1014.8,6.6,13.7,0.34,101.4,Weak,7.2
TRN03064,Transport,DES,modp6144(17),Off,IPv4,file_transfer,1462.6,111.6,167.0,0.77,132.0,Medium,4.5
TRN06926,Tunnel,AES-128,modp768(1),On,IPv6,icmp,73.6,2.0,0.5,0.06,215.7,Weak,6.7
TRN06522,Transport,AES-128,modp8192(21),Off,IPv4,dns_query,70.1,4.0,0.5,0.13,125.6,Strong,0.9
TRN03003,Transport,AES-128,modp6144(17),On,IPv4,video_streaming,986.1,82.3,74.9,0.5,83.9,Strong,1.0
TRN01299,Transport,DES,modp1024(2),Off,IPv6,email,643.8,6.9,14.5,0.36,186.8,Weak,6.6
TRN06318,Transport,AES-192,modp3072(15),On,IPv6,icmp,61.4,2.1,18.0,0.06,194.7,Strong,2.7
TRN00741,Tunnel,AES-192,modp3072(15),On,IPv4,video_streaming,1238.4,96.1,0.5,0.49,185.2,Medium,5.6
TRN03782,Tunnel,AES-256-GCM,modp3072(15),On,IPv4,email,736.3,6.1,29.9,0.51,192.9,Strong,2.4
TRN07851,Tunnel,3DES,modp2048(14),On,IPv6,email,610.9,8.8,0.5,0.41,228.0,Medium,4.3
TRN02964,Tunnel,DES,modp3072(15),On,IPv4,icmp,63.2,2.4,0.5,0.11,195.9,Weak,8.4
TRN06809,Tunnel,AES-256,modp2048(14),On,IPv6,file_transfer,1419.5,130.4,80.9,0.86,203.9,Medium,2.9
TRN03961,Transport,AES-192,modp8192(21),On,IPv4,whatsapp_msg,102.5,5.7,11.1,0.32,150.3,Strong,2.4
TRN05309,Tunnel,AES-192,modp3072(15),Off,IPv4,icmp,65.8,2.3,0.5,0.06,241.2,Medium,4.6
TRN03396,Tunnel,AES-128,modp4096(16),On,IPv6,voip,138.9,57.4,200.5,0.33,181.6,Medium,5.8
TRN02486,Tunnel,3DES,modp2048(14),Off,IPv4,email,512.2,5.9,12.9,0.32,224.7,Weak,9.1
TRN05034,Transport,AES-256,modp6144(17),On,IPv6,email,728.0,8.5,19.0,0.3,190.5,Strong,0.4
TRN04569,Transport,AES-256,modp1024(2),On,IPv6,whatsapp_msg,204.1,3.8,5.8,0.24,191.1,Medium,2.5
TRN04375,Tunnel,AES-256-GCM,modp6144(17),On,IPv6,email,990.2,2.6,0.5,0.42,111.3,Strong,1.7
TRN04140,Tunnel,3DES,modp4096(16),On,IPv6,dns_query,98.3,4.6,0.5,0.1,164.4,Medium,3.5
TRN02095,Transport,3DES,modp1536(5),Off,IPv6,web_browsing,499.7,18.2,56.3,0.61,160.4,Weak,7.8
TRN00436,Transport,AES-192,modp6144(17),On,IPv4,email,429.9,11.3,0.5,0.33,113.4,Strong,2.0
TRN05361,Transport,AES-256-GCM,modp4096(16),On,IPv4,icmp,68.5,1.6,0.5,0.07,136.4,Strong,1.6
TRN06000,Tunnel,AES-256,modp3072(15),Off,IPv4,email,538.1,14.5,9.3,0.28,249.3,Strong,2.5
TRN00309,Tunnel,3DES,modp2048(14),On,IPv4,icmp,63.1,1.9,0.5,0.02,89.0,Medium,6.4
TRN08830,Transport,DES,modp768(1),On,IPv6,whatsapp_msg,183.1,9.4,13.9,0.17,220.6,Weak,8.4
TRN08810,Transport,AES-256,modp3072(15),Off,IPv4,voip,106.4,43.9,196.4,0.22,196.6,Strong,1.1
TRN04127,Transport,AES-256-GCM,modp8192(21),On,IPv6,file_transfer,1410.3,133.4,126.6,0.85,197.3,Strong,2.3
TRN00088,Transport,3DES,modp768(1),Off,IPv6,web_browsing,490.5,22.2,0.5,0.7,235.3,Weak,7.6
TRN03321,Transport,AES-128,modp1024(2),Off,IPv4,email,869.7,9.1,12.4,0.32,194.2,Weak,8.2
TRN02898,Transport,AES-256-GCM,modp4096(16),Off,IPv4,email,447.2,12.5,12.5,0.3,145.6,Strong,1.3
TRN00402,Transport,DES,modp768(1),Off,IPv6,web_browsing,338.4,10.6,68.6,0.48,155.6,Weak,7.9
TRN04181,Transport,AES-256,modp2048(14),On,IPv6,dns_query,58.7,3.3,2.8,0.06,72.7,Medium,5.8
TRN01021,Tunnel,AES-256-GCM,modp768(1),Off,IPv6,web_browsing,429.4,9.6,45.6,0.43,72.0,Medium,4.9
TRN00882,Tunnel,DES,modp4096(16),On,IPv6,dns_query,58.5,5.1,1.0,0.09,150.4,Medium,4.4
TRN02593,Tunnel,AES-256-GCM,modp1024(2),Off,IPv6,voip,108.1,35.9,62.6,0.13,100.9,Medium,3.7
TRN06511,Transport,AES-256-GCM,modp1536(5),Off,IPv4,video_streaming,856.9,90.8,0.5,0.54,231.4,Medium,5.6
TRN05734,Transport,AES-256,modp8192(21),On,IPv4,email,534.9,12.7,15.9,0.45,123.4,Strong,1.6
TRN06663,Transport,DES,modp6144(17),On,IPv4,dns_query,83.6,3.8,0.5,0.09,278.9,Medium,4.9
TRN06985,Transport,DES,modp6144(17),Off,IPv4,video_streaming,1181.2,91.2,0.5,0.43,144.7,Medium,6.2
TRN06871,Transport,3DES,modp8192(21),Off,IPv4,icmp,70.2,2.5,3.5,0.05,129.1,Medium,4.3
TRN07309,Transport,AES-192,modp768(1),On,IPv4,file_transfer,1386.9,132.5,410.2,0.84,156.0,Weak,8.4
TRN06041,Tunnel,AES-192,modp6144(17),On,IPv4,file_transfer,1386.3,128.9,0.5,0.89,152.0,Strong,1.7
TRN00258,Transport,AES-256,modp2048(14),Off,IPv4,dns_query,103.9,1.1,2.5,0.1,199.9,Medium,5.7
TRN04476,Tunnel,AES-128,modp2048(14),Off,IPv4,dns_query,113.3,3.4,0.5,0.13,146.4,Medium,6.8
TRN00289,Transport,AES-256,modp768(1),Off,IPv6,dns_query,99.9,3.5,0.6,0.13,171.6,Weak,7.0
TRN08036,Tunnel,AES-256-GCM,modp768(1),On,IPv6,whatsapp_msg,106.8,8.3,2.3,0.16,194.1,Medium,5.1
TRN07793,Tunnel,AES-128,modp3072(15),On,IPv6,dns_query,78.8,3.4,1.1,0.09,164.5,Medium,5.6
TRN06436,Tunnel,DES,modp8192(21),On,IPv6,whatsapp_msg,90.1,0.3,0.5,0.16,127.1,Medium,3.9
TRN04199,Tunnel,3DES,modp8192(21),Off,IPv4,dns_query,69.7,2.0,0.5,0.11,180.8,Medium,4.7
TRN08225,Tunnel,AES-128,modp8192(21),Off,IPv4,file_transfer,1324.5,120.9,23.3,0.96,211.0,Strong,0.9
TRN05661,Tunnel,AES-192,modp1536(5),Off,IPv4,web_browsing,522.3,18.4,5.6,0.47,174.9,Weak,7.1
TRN04687,Tunnel,AES-256-GCM,modp768(1),Off,IPv6,dns_query,87.6,2.3,0.5,0.1,182.7,Weak,7.8
TRN04872,Tunnel,AES-256-GCM,modp2048(14),On,IPv4,dns_query,60.8,1.9,2.9,0.14,84.7,Strong,0.3
TRN07616,Tunnel,AES-256,modp1536(5),On,IPv6,dns_query,83.9,1.9,0.5,0.13,218.5,Medium,5.2
TRN00738,Transport,3DES,modp3072(15),On,IPv4,dns_query,93.3,2.2,1.5,0.1,108.6,Medium,4.6
TRN04697,Transport,AES-256,modp2048(14),On,IPv4,dns_query,78.6,4.9,1.6,0.09,220.6,Medium,4.5
TRN07398,Transport,AES-256-GCM,modp1024(2),Off,IPv6,icmp,69.2,1.9,2.2,0.06,189.2,Medium,4.5
TRN05275,Tunnel,AES-256,modp8192(21),On,IPv4,file_transfer,1426.8,123.5,0.5,0.77,139.5,Strong,0.7
TRN01818,Tunnel,AES-256,modp6144(17),Off,IPv4,icmp,83.1,1.9,0.5,0.08,202.6,Strong,1.7
TRN08688,Transport,AES-256,modp3072(15),On,IPv4,file_transfer,1364.8,119.6,107.8,0.8,285.1,Strong,1.8
TRN00544,Transport,AES-256,modp4096(16),On,IPv4,dns_query,86.0,2.8,0.5,0.13,166.5,Strong,1.8
TRN04930,Tunnel,3DES,modp6144(17),On,IPv6,web_browsing,310.3,18.2,0.5,0.28,146.5,Medium,4.7
TRN07979,Tunnel,3DES,modp1536(5),Off,IPv4,icmp,54.0,1.9,3.1,0.04,165.3,Weak,8.9
TRN04124,Transport,DES,modp768(1),Off,IPv6,email,719.2,12.3,21.1,0.3,88.7,Weak,9.0
TRN04416,Transport,3DES,modp4096(16),On,IPv4,voip,104.1,43.1,0.5,0.18,127.4,Medium,4.2
TRN05863,Transport,AES-256,modp4096(16),Off,IPv4,web_browsing,318.5,21.0,41.0,0.53,206.2,Strong,1.3
TRN08542,Transport,3DES,modp1536(5),Off,IPv4,video_streaming,1031.4,64.6,402.6,0.44,150.2,Weak,7.9
TRN01840,Tunnel,AES-192,modp6144(17),Off,IPv6,video_streaming,1309.5,108.5,0.5,0.64,126.4,Strong,2.3
TRN02345,Tunnel,DES,modp1536(5),On,IPv4,web_browsing,510.3,19.6,0.5,0.4,115.6,Weak,9.2
TRN04335,Transport,AES-128,modp3072(15),Off,IPv6,file_transfer,1386.9,126.8,57.6,0.67,162.2,Medium,5.3
TRN02134,Tunnel,DES,modp3072(15),Off,IPv6,email,734.9,5.1,18.9,0.47,288.0,Weak,8.7
TRN06189,Transport,DES,modp8192(21),Off,IPv4,email,286.4,11.0,0.5,0.43,231.8,Medium,6.0
TRN02030,Tunnel,3DES,modp768(1),On,IPv6,video_streaming,1120.1,109.1,465.0,0.76,215.4,Weak,8.9
TRN02949,Tunnel,AES-128,modp6144(17),Off,IPv6,web_browsing,337.0,6.9,0.5,0.52,142.6,Medium,4.0
TRN00801,Transport,DES,modp1536(5),On,IPv6,video_streaming,1078.1,89.7,0.5,0.65,155.5,Weak,9.1
TRN06232,Tunnel,AES-192,modp8192(21),Off,IPv4,dns_query,80.6,3.1,0.5,0.08,169.3,Strong,3.2
TRN01406,Tunnel,AES-256,modp1536(5),On,IPv6,voip,108.8,42.7,609.5,0.16,144.7,Medium,3.0
TRN00057,Tunnel,DES,modp2048(14),On,IPv4,whatsapp_msg,62.2,7.4,1.1,0.31,74.5,Weak,6.6
TRN00070,Transport,DES,modp6144(17),On,IPv4,dns_query,64.2,3.3,1.0,0.07,143.1,Medium,5.4
TRN08039,Transport,AES-256,modp6144(17),Off,IPv6,video_streaming,1260.4,96.7,0.5,0.7,146.2,Strong,0.6
TRN00712,Transport,AES-256-GCM,modp2048(14),On,IPv4,video_streaming,1264.5,101.9,0.5,0.72,92.2,Strong,1.1
TRN05709,Tunnel,3DES,modp8192(21),Off,IPv6,email,623.2,14.7,1.9,0.46,105.2,Medium,6.3
TRN00266,Transport,AES-192,modp3072(15),On,IPv4,file_transfer,1439.5,141.7,228.8,0.6,150.2,Medium,5.4
TRN01587,Tunnel,AES-192,modp1024(2),Off,IPv4,dns_query,99.7,2.5,1.7,0.09,134.7,Weak,9.9
TRN05152,Transport,AES-256,modp4096(16),On,IPv4,icmp,64.5,2.0,17.4,0.04,132.9,Strong,1.5
TRN02408,Tunnel,AES-256,modp3072(15),On,IPv4,email,565.5,2.2,2.4,0.15,120.0,Strong,1.6
TRN04632,Transport,AES-256-GCM,modp1024(2),On,IPv4,icmp,62.5,1.9,6.8,0.02,176.3,Medium,5.0
TRN02023,Tunnel,AES-128,modp8192(21),On,IPv4,video_streaming,1279.2,100.0,26.8,0.51,173.4,Strong,0.3
TRN01966,Tunnel,AES-128,modp8192(21),On,IPv6,voip,111.5,44.4,566.6,0.22,276.2,Strong,1.0
TRN04030,Transport,AES-256-GCM,modp2048(14),On,IPv6,email,793.7,11.2,0.5,0.32,146.2,Strong,0.3
TRN04891,Transport,3DES,modp3072(15),Off,IPv4,web_browsing,269.6,19.4,10.9,0.65,194.8,Weak,7.9
TRN05951,Transport,3DES,modp1024(2),Off,IPv6,voip,112.7,34.3,0.5,0.18,95.5,Weak,8.1
TRN08849,Transport,AES-256,modp3072(15),Off,IPv6,icmp,70.4,1.7,0.5,0.05,111.5,Strong,2.8
TRN08114,Tunnel,AES-128,modp2048(14),Off,IPv4,icmp,64.8,2.1,0.5,0.04,145.2,Medium,2.6
TRN02706,Tunnel,3DES,modp2048(14),Off,IPv4,video_streaming,1012.4,102.9,428.6,0.52,81.2,Weak,7.7
TRN04937,Tunnel,AES-192,modp6144(17),On,IPv4,dns_query,55.8,1.1,5.5,0.11,186.6,Strong,2.0
TRN03124,Tunnel,DES,modp3072(15),On,IPv6,dns_query,80.1,3.6,0.5,0.08,117.8,Medium,4.3
TRN07695,Tunnel,AES-256,modp6144(17),On,IPv6,web_browsing,503.1,21.5,0.5,0.61,190.8,Strong,0.3
TRN02026,Transport,AES-192,modp8192(21),On,IPv4,video_streaming,1284.2,119.2,752.9,0.42,190.4,Strong,0.3
TRN07711,Tunnel,AES-192,modp768(1),Off,IPv6,email,355.7,10.0,0.5,0.31,114.3,Weak,9.1
TRN02303,Tunnel,AES-128,modp3072(15),On,IPv4,file_transfer,1424.4,126.5,240.9,0.84,43.7,Medium,4.1
TRN07095,Tunnel,AES-256-GCM,modp3072(15),On,IPv4,web_browsing,424.3,10.2,13.7,0.32,228.9,Strong,0.8
TRN02084,Transport,AES-128,modp4096(16),On,IPv4,email,311.4,11.0,0.5,0.27,100.9,Strong,2.3
TRN06687,Transport,AES-256-GCM,modp1536(5),On,IPv6,video_streaming,1270.8,92.0,358.5,0.56,267.2,Medium,4.1
TRN04513,Tunnel,AES-128,modp6144(17),Off,IPv6,web_browsing,416.3,12.7,35.0,0.53,81.1,Medium,4.3
TRN05767,Transport,AES-192,modp3072(15),Off,IPv4,email,492.4,7.6,0.5,0.43,213.0,Medium,4.6
TRN04246,Tunnel,AES-128,modp2048(14),Off,IPv6,file_transfer,1471.0,101.2,210.4,0.86,206.7,Medium,5.4
TRN06093,Transport,AES-256,modp768(1),On,IPv6,voip,95.1,39.4,185.4,0.19,224.3,Weak,8.9
TRN04691,Tunnel,AES-256,modp4096(16),Off,IPv6,voip,125.4,63.9,227.1,0.21,122.4,Strong,0.5
TRN08134,Transport,AES-128,modp1536(5),Off,IPv6,file_transfer,1384.7,108.6,0.5,0.81,109.2,Weak,10.0
TRN01330,Tunnel,AES-256-GCM,modp1024(2),Off,IPv6,web_browsing,376.2,24.9,17.6,0.64,156.7,Medium,4.1
TRN08205,Tunnel,AES-256,modp1024(2),Off,IPv4,web_browsing,419.1,14.8,0.5,0.38,102.6,Weak,9.7
TRN01685,Transport,AES-192,modp768(1),Off,IPv6,icmp,62.2,1.4,0.5,0.05,96.5,Weak,8.3
TRN08676,Transport,AES-192,modp6144(17),On,IPv6,email,328.5,9.6,7.6,0.35,150.8,Strong,0.4
TRN05796,Transport,3DES,modp768(1),On,IPv4,voip,86.2,53.9,0.5,0.22,219.0,Weak,7.3
TRN01778,Tunnel,3DES,modp8192(21),Off,IPv6,whatsapp_msg,134.3,8.8,0.5,0.21,123.5,Medium,5.1
TRN02919,Tunnel,DES,modp3072(15),On,IPv4,video_streaming,1300.1,92.1,527.1,0.6,166.9,Medium,6.3
TRN00752,Transport,AES-256,modp8192(21),Off,IPv6,icmp,65.7,3.0,0.5,0.02,148.6,Strong,2.5
TRN04293,Transport,DES,modp3072(15),Off,IPv6,web_browsing,295.4,16.2,35.2,0.52,217.5,Weak,7.3
TRN03318,Transport,3DES,modp1536(5),On,IPv6,dns_query,90.8,1.2,0.5,0.05,174.0,Weak,7.7
TRN05628,Tunnel,AES-256-GCM,modp2048(14),On,IPv6,dns_query,89.7,3.2,2.8,0.08,179.7,Strong,0.7
TRN04857,Tunnel,3DES,modp1024(2),On,IPv6,icmp,60.3,2.5,0.5,0.07,141.2,Weak,7.7
TRN00477,Transport,3DES,modp3072(15),Off,IPv4,icmp,55.5,2.7,0.5,0.02,134.9,Medium,6.3
TRN06276,Transport,DES,modp1536(5),Off,IPv6,whatsapp_msg,191.0,4.5,1.2,0.28,196.1,Weak,8.2
TRN03709,Transport,3DES,modp3072(15),Off,IPv6,icmp,60.4,2.9,0.5,0.04,200.5,Medium,4.9
TRN03008,Transport,AES-192,modp3072(15),Off,IPv6,whatsapp_msg,175.0,4.7,8.3,0.13,177.3,Medium,3.2
TRN00212,Transport,AES-256-GCM,modp3072(15),Off,IPv6,icmp,70.2,2.0,0.5,0.07,156.9,Strong,2.0
TRN00469,Transport,3DES,modp2048(14),Off,IPv6,voip,134.5,40.1,424.7,0.16,127.2,Weak,8.0
TRN01546,Transport,AES-192,modp3072(15),Off,IPv4,web_browsing,348.6,16.6,0.5,0.44,139.2,Medium,6.9
TRN07330,Tunnel,AES-256-GCM,modp2048(14),On,IPv4,email,241.9,9.9,0.7,0.34,116.0,Strong,1.1
TRN06112,Transport,AES-128,modp6144(17),On,IPv4,video_streaming,1243.5,101.9,0.5,0.61,180.8,Strong,1.0
TRN08650,Transport,AES-192,modp768(1),On,IPv6,icmp,63.8,1.3,4.4,0.07,257.1,Weak,7.5
TRN06015,Transport,AES-192,modp8192(21),On,IPv6,whatsapp_msg,149.9,6.4,0.5,0.27,171.2,Strong,1.3
TRN07714,Transport,AES-128,modp3072(15),On,IPv6,whatsapp_msg,89.7,3.8,8.0,0.15,155.0,Medium,6.6
TRN03313,Tunnel,AES-128,modp768(1),Off,IPv6,web_browsing,286.7,24.4,13.7,0.4,133.6,Weak,9.3
TRN01026,Transport,AES-256-GCM,modp6144(17),On,IPv6,video_streaming,1340.7,97.6,915.2,0.57,196.4,Strong,1.8
TRN03257,Transport,AES-256-GCM,modp2048(14),Off,IPv6,email,300.5,10.0,0.5,0.38,114.3,Medium,6.0
TRN06268,Tunnel,AES-256-GCM,modp768(1),Off,IPv4,video_streaming,1030.3,95.6,948.9,0.68,99.3,Weak,8.2
TRN05717,Transport,AES-192,modp2048(14),Off,IPv6,email,809.0,7.0,8.0,0.33,88.8,Medium,4.2
TRN08543,Transport,AES-128,modp2048(14),On,IPv6,dns_query,90.7,4.0,0.5,0.13,46.8,Medium,4.1
TRN01471,Transport,3DES,modp4096(16),On,IPv6,email,723.4,9.4,25.5,0.37,134.3,Medium,5.0
TRN03685,Tunnel,AES-128,modp1536(5),On,IPv4,dns_query,99.8,1.1,0.5,0.13,175.4,Weak,9.3
TRN07071,Transport,AES-256-GCM,modp2048(14),On,IPv4,dns_query,67.3,2.1,0.5,0.08,91.3,Strong,1.6
TRN07259,Tunnel,3DES,modp6144(17),Off,IPv4,video_streaming,1092.9,86.5,398.5,0.49,84.3,Medium,4.1
TRN05787,Tunnel,DES,modp1536(5),Off,IPv6,voip,123.2,43.3,0.5,0.26,158.2,Weak,8.0
TRN00774,Transport,AES-256-GCM,modp1024(2),Off,IPv6,video_streaming,893.4,85.5,13.4,0.64,179.7,Medium,3.1
TRN01955,Tunnel,DES,modp8192(21),On,IPv6,email,776.5,7.8,0.5,0.23,169.0,Medium,4.7
TRN02884,Tunnel,AES-192,modp8192(21),On,IPv6,web_browsing,339.1,17.1,10.2,0.52,66.9,Strong,1.9
TRN02200,Tunnel,3DES,modp768(1),On,IPv6,video_streaming,1456.0,69.5,0.5,0.59,133.8,Weak,8.0
TRN05966,Transport,AES-256-GCM,modp8192(21),Off,IPv6,whatsapp_msg,168.2,6.0,6.2,0.18,156.9,Strong,0.7
TRN00642,Transport,AES-128,modp1536(5),On,IPv4,icmp,49.8,2.1,0.5,0.07,8.0,Weak,5.8
TRN03056,Tunnel,DES,modp1536(5),Off,IPv4,icmp,59.9,2.8,0.5,0.04,95.5,Weak,7.9
TRN00197,Transport,AES-192,modp3072(15),On,IPv6,file_transfer,1437.8,133.7,63.3,1.0,127.0,Medium,4.0
TRN07098,Transport,AES-192,modp2048(14),On,IPv4,web_browsing,518.3,13.0,44.9,0.43,131.0,Medium,3.6
TRN01156,Tunnel,AES-256-GCM,modp2048(14),On,IPv6,video_streaming,1112.0,74.2,311.3,0.54,96.0,Strong,3.4
TRN01145,Tunnel,DES,modp1024(2),Off,IPv6,whatsapp_msg,216.9,5.9,2.0,0.24,188.5,Weak,8.4
TRN07166,Tunnel,DES,modp1024(2),On,IPv4,email,1002.5,11.3,43.7,0.0,144.1,Weak,9.6
TRN01109,Tunnel,AES-128,modp768(1),Off,IPv6,dns_query,70.7,5.8,2.5,0.08,233.5,Weak,6.8
TRN06726,Transport,AES-256-GCM,modp1024(2),On,IPv4,dns_query,50.4,2.6,1.9,0.07,146.5,Medium,3.8
TRN07289,Transport,AES-256,modp3072(15),On,IPv4,email,878.3,9.2,21.7,0.44,151.0,Strong,0.8
TRN01421,Tunnel,AES-128,modp3072(15),Off,IPv4,voip,122.2,49.5,1050.3,0.26,173.3,Medium,5.1
TRN06533,Transport,AES-128,modp4096(16),Off,IPv4,icmp,60.0,0.7,0.5,0.07,165.8,Medium,5.2
TRN05649,Tunnel,AES-256-GCM,modp4096(16),On,IPv6,email,697.1,17.1,0.5,0.21,77.2,Strong,0.8
TRN03860,Tunnel,3DES,modp4096(16),Off,IPv4,icmp,48.6,1.6,13.1,0.04,164.5,Medium,4.3
TRN02969,Tunnel,AES-128,modp1024(2),Off,IPv4,email,377.4,12.5,6.7,0.24,194.3,Weak,7.2
TRN07030,Tunnel,3DES,modp2048(14),Off,IPv4,dns_query,79.1,3.9,0.5,0.08,176.9,Weak,7.7
TRN03858,Transport,AES-256-GCM,modp1024(2),Off,IPv6,whatsapp_msg,211.2,4.4,0.5,0.28,182.2,Medium,3.5
TRN01759,Transport,DES,modp8192(21),On,IPv6,dns_query,56.8,1.5,1.2,0.12,122.0,Medium,3.8
TRN00958,Transport,DES,modp3072(15),Off,IPv6,dns_query,69.9,4.9,0.5,0.11,173.6,Weak,8.5
TRN06886,Tunnel,DES,modp6144(17),Off,IPv6,web_browsing,271.1,19.7,28.5,0.64,110.6,Medium,3.1
TRN01681,Tunnel,AES-192,modp8192(21),On,IPv4,whatsapp_msg,58.1,6.7,11.5,0.27,32.8,Strong,2.5
TRN05415,Tunnel,AES-128,modp2048(14),On,IPv6,dns_query,73.4,3.5,2.1,0.14,139.1,Medium,5.9
TRN00634,Transport,3DES,modp4096(16),Off,IPv6,whatsapp_msg,64.0,7.5,2.5,0.25,197.7,Medium,3.7
TRN03134,Tunnel,AES-256,modp2048(14),On,IPv4,dns_query,90.5,4.2,0.9,0.06,131.0,Strong,2.4
TRN02885,Tunnel,AES-128,modp1536(5),Off,IPv4,file_transfer,1391.4,110.6,0.5,0.75,121.7,Weak,8.6
TRN04998,Tunnel,AES-128,modp2048(14),Off,IPv4,icmp,76.4,2.3,2.4,0.02,128.6,Medium,5.0
TRN01262,Tunnel,AES-192,modp1024(2),On,IPv4,whatsapp_msg,188.5,8.2,0.5,0.18,166.0,Weak,8.9
TRN00119,Transport,AES-256,modp8192(21),Off,IPv6,icmp,49.4,1.8,0.5,0.07,138.3,Strong,1.6
TRN06559,Tunnel,3DES,modp1024(2),On,IPv4,video_streaming,1007.6,90.1,0.5,0.38,117.1,Weak,9.8
TRN08351,Transport,AES-256,modp6144(17),Off,IPv6,dns_query,93.6,3.5,0.5,0.12,115.3,Strong,1.4
TRN07962,Transport,AES-256-GCM,modp1536(5),Off,IPv6,whatsapp_msg,176.2,6.1,0.5,0.35,72.5,Medium,5.9
TRN04966,Tunnel,DES,modp4096(16),On,IPv4,dns_query,84.2,3.7,0.5,0.08,167.6,Medium,4.8
TRN03091,Transport,AES-256-GCM,modp6144(17),Off,IPv4,dns_query,104.3,1.2,1.3,0.06,130.8,Strong,1.5
TRN08248,Transport,AES-256-GCM,modp8192(21),On,IPv6,file_transfer,1456.5,103.3,46.2,0.82,241.6,Strong,2.5
TRN04658,Tunnel,AES-256,modp3072(15),On,IPv4,voip,106.4,42.4,143.8,0.28,131.6,Strong,2.4
TRN05031,Tunnel,DES,modp2048(14),Off,IPv4,icmp,60.4,2.0,7.6,0.09,153.0,Weak,8.0
TRN08218,Tunnel,AES-192,modp8192(21),Off,IPv6,video_streaming,1166.6,75.1,0.5,0.52,119.8,Strong,0.9
TRN07463,Transport,AES-128,modp6144(17),On,IPv4,video_streaming,1143.7,89.4,0.5,0.68,147.8,Strong,1.1
TRN05282,Transport,AES-128,modp1536(5),Off,IPv6,whatsapp_msg,123.9,3.9,12.9,0.25,134.4,Weak,9.5
TRN02447,Transport,AES-256-GCM,modp8192(21),Off,IPv4,dns_query,92.7,3.0,0.9,0.09,100.6,Strong,2.0
TRN05317,Transport,AES-256-GCM,modp6144(17),Off,IPv6,icmp,60.3,1.4,0.5,0.07,134.7,Strong,1.9
TRN03881,Transport,DES,modp2048(14),Off,IPv6,video_streaming,1137.3,108.6,235.7,0.73,79.1,Weak,8.9
TRN07766,Tunnel,3DES,modp6144(17),On,IPv4,video_streaming,1357.9,105.5,0.5,0.61,177.8,Medium,4.1
TRN02132,Transport,AES-256,modp8192(21),Off,IPv6,icmp,71.9,1.6,5.0,0.05,65.9,Strong,0.3
TRN01173,Tunnel,AES-256-GCM,modp768(1),Off,IPv4,whatsapp_msg,110.5,7.7,5.8,0.17,145.7,Weak,6.3
TRN06740,Tunnel,AES-192,modp8192(21),Off,IPv4,video_streaming,910.2,76.6,269.3,0.84,138.9,Strong,1.4
TRN05059,Tunnel,AES-256,modp1024(2),Off,IPv6,web_browsing,464.4,13.2,0.5,0.45,170.6,Weak,9.7
TRN03659,Transport,AES-256,modp2048(14),Off,IPv4,whatsapp_msg,108.8,7.8,12.8,0.19,131.6,Medium,5.2
TRN07857,Transport,AES-256-GCM,modp2048(14),Off,IPv6,whatsapp_msg,202.0,6.9,0.5,0.34,249.7,Strong,2.7
TRN07916,Transport,3DES,modp1024(2),Off,IPv4,voip,88.1,32.8,633.4,0.27,144.5,Weak,7.9
TRN00093,Tunnel,DES,modp3072(15),Off,IPv4,dns_query,74.5,3.4,0.5,0.15,152.3,Weak,9.2
TRN03627,Tunnel,DES,modp1536(5),On,IPv4,file_transfer,1407.7,142.1,278.9,0.77,179.4,Weak,7.4
TRN05141,Tunnel,AES-192,modp4096(16),On,IPv6,voip,94.4,60.8,0.5,0.26,186.3,Strong,1.0
TRN05786,Tunnel,AES-256-GCM,modp1024(2),Off,IPv6,web_browsing,331.3,20.7,11.7,0.43,192.5,Medium,5.4
TRN05153,Tunnel,AES-128,modp2048(14),Off,IPv4,file_transfer,1365.4,115.9,16.7,0.85,174.0,Medium,7.0
TRN05217,Tunnel,DES,modp1536(5),Off,IPv6,file_transfer,1340.3,138.0,58.1,0.72,171.6,Weak,6.8
TRN02211,Tunnel,AES-256-GCM,modp3072(15),On,IPv4,file_transfer,1350.6,127.0,54.8,0.77,82.0,Strong,1.9
TRN04826,Transport,AES-256,modp6144(17),On,IPv4,video_streaming,1491.4,75.8,0.5,0.38,125.2,Strong,2.6
TRN06275,Tunnel,AES-192,modp1536(5),On,IPv6,icmp,68.7,2.0,1.6,0.03,134.0,Medium,4.5
TRN03735,Tunnel,3DES,modp1536(5),Off,IPv4,dns_query,92.7,4.2,3.7,0.05,65.1,Weak,9.0
TRN07549,Tunnel,AES-192,modp8192(21),Off,IPv6,web_browsing,294.6,19.2,0.5,0.66,140.4,Strong,1.6
TRN08915,Tunnel,3DES,modp768(1),On,IPv4,dns_query,78.8,3.4,1.5,0.12,258.9,Weak,8.0
TRN06714,Transport,DES,modp2048(14),On,IPv6,file_transfer,1407.5,126.8,216.4,0.93,223.3,Weak,8.3
TRN08541,Tunnel,AES-256-GCM,modp768(1),On,IPv6,whatsapp_msg,169.4,9.3,0.5,0.23,195.4,Medium,5.3
TRN05104,Transport,AES-256,modp768(1),Off,IPv6,web_browsing,295.3,16.5,0.5,0.62,149.5,Weak,9.1
TRN06222,Tunnel,AES-192,modp1024(2),On,IPv6,video_streaming,1025.9,106.6,688.5,0.53,184.7,Medium,3.0
TRN00816,Transport,DES,modp6144(17),Off,IPv4,file_transfer,1391.6,78.8,0.5,0.85,171.9,Medium,6.1
TRN04964,Transport,AES-128,modp2048(14),Off,IPv6,dns_query,77.0,1.4,0.5,0.12,199.4,Medium,4.3
TRN00619,Tunnel,AES-256,modp6144(17),On,IPv4,icmp,57.7,2.0,0.5,0.06,209.3,Strong,1.2
TRN04399,Tunnel,3DES,modp768(1),On,IPv4,voip,119.5,46.3,168.0,0.21,124.3,Weak,9.6
TRN04413,Tunnel,3DES,modp2048(14),On,IPv4,icmp,69.2,2.5,0.5,0.07,152.5,Weak,9.0
TRN04856,Tunnel,AES-128,modp1536(5),On,IPv6,web_browsing,369.8,12.2,44.3,0.28,147.8,Medium,4.3
TRN07024,Tunnel,AES-256,modp1536(5),On,IPv4,whatsapp_msg,139.1,8.3,0.5,0.31,172.0,Medium,3.8
TRN01043,Transport,AES-192,modp2048(14),On,IPv4,web_browsing,398.7,11.9,55.6,0.64,199.1,Medium,6.0
TRN02373,Tunnel,AES-256-GCM,modp1024(2),Off,IPv4,email,787.6,7.9,0.5,0.47,234.8,Medium,6.3
TRN02752,Transport,3DES,modp768(1),On,IPv4,web_browsing,381.2,14.4,6.0,0.65,143.8,Weak,7.6
TRN03299,Tunnel,DES,modp6144(17),On,IPv4,icmp,56.4,1.5,0.5,0.08,62.0,Medium,3.0
TRN01075,Transport,AES-192,modp1536(5),Off,IPv6,voip,126.6,51.5,224.4,0.28,85.0,Weak,8.3
TRN01397,Transport,AES-256,modp6144(17),On,IPv6,dns_query,55.5,3.8,0.5,0.12,138.4,Strong,2.1
TRN08791,Tunnel,AES-128,modp3072(15),Off,IPv6,whatsapp_msg,145.8,8.1,0.5,0.31,152.7,Medium,2.7
TRN05805,Tunnel,DES,modp768(1),On,IPv6,voip,109.6,45.8,0.5,0.16,137.0,Weak,9.0
TRN03804,Transport,AES-256-GCM,modp1024(2),On,IPv4,video_streaming,1033.7,65.9,0.5,0.72,78.9,Medium,5.9
TRN00180,Tunnel,AES-128,modp1536(5),Off,IPv6,video_streaming,1218.3,82.0,904.5,0.66,140.7,Weak,8.2
TRN08317,Transport,AES-256-GCM,modp768(1),On,IPv4,voip,132.4,43.6,29.3,0.22,109.0,Medium,3.4
TRN02648,Transport,AES-192,modp1024(2),Off,IPv4,web_browsing,504.6,13.7,22.9,0.81,120.1,Weak,9.3
TRN05573,Tunnel,AES-256-GCM,modp1536(5),Off,IPv6,icmp,59.3,2.1,0.5,0.08,150.5,Medium,4.5
TRN07347,Transport,3DES,modp8192(21),Off,IPv6,file_transfer,1386.1,151.9,152.6,0.75,134.3,Medium,3.1
TRN02457,Tunnel,AES-128,modp8192(21),Off,IPv4,whatsapp_msg,114.1,7.0,0.5,0.23,138.7,Strong,2.4
TRN08362,Transport,3DES,modp6144(17),On,IPv6,web_browsing,570.5,22.6,1.7,0.49,200.5,Medium,3.6
TRN01158,Tunnel,AES-192,modp3072(15),On,IPv4,email,941.2,5.2,24.8,0.26,73.4,Medium,6.1
TRN06483,Transport,3DES,modp8192(21),On,IPv6,icmp,64.4,2.3,7.7,0.08,109.1,Strong,2.3
TRN01533,Tunnel,AES-192,modp6144(17),On,IPv6,icmp,68.9,2.5,8.2,0.05,170.3,Strong,2.0
TRN03066,Transport,AES-256-GCM,modp6144(17),Off,IPv6,whatsapp_msg,168.8,8.4,0.5,0.36,82.3,Strong,2.2
TRN03107,Tunnel,AES-256-GCM,modp768(1),On,IPv4,file_transfer,1330.6,103.9,280.4,0.63,121.6,Medium,4.0
TRN08620,Transport,AES-128,modp1536(5),On,IPv4,dns_query,78.9,2.8,1.8,0.11,143.7,Medium,4.6
TRN03275,Tunnel,AES-128,modp1024(2),Off,IPv4,video_streaming,1248.9,92.3,209.7,0.63,123.4,Weak,9.1
TRN08184,Transport,AES-128,modp6144(17),Off,IPv4,dns_query,71.0,2.3,0.5,0.15,185.8,Medium,4.8
TRN02440,Tunnel,AES-256-GCM,modp8192(21),On,IPv6,file_transfer,1383.1,100.8,149.3,1.0,118.0,Strong,3.1
TRN01536,Transport,3DES,modp6144(17),Off,IPv6,dns_query,51.3,1.5,0.5,0.08,159.5,Medium,4.5
TRN01346,Tunnel,AES-256-GCM,modp8192(21),Off,IPv4,video_streaming,1351.3,78.9,0.5,0.51,201.8,Strong,0.8
TRN02474,Tunnel,DES,modp1024(2),Off,IPv4,web_browsing,458.7,11.2,14.4,0.27,115.5,Weak,7.8
TRN08707,Tunnel,AES-256,modp8192(21),On,IPv6,whatsapp_msg,180.3,3.0,4.5,0.33,90.2,Strong,1.7
TRN06086,Tunnel,DES,modp3072(15),Off,IPv6,file_transfer,1381.3,93.6,139.7,0.77,207.2,Weak,7.5
TRN05419,Transport,AES-128,modp8192(21),Off,IPv6,web_browsing,212.3,17.8,10.8,0.38,204.4,Strong,2.1
TRN08798,Tunnel,3DES,modp2048(14),On,IPv6,file_transfer,1400.3,99.8,0.5,0.88,163.7,Medium,3.5
TRN05674,Tunnel,AES-192,modp4096(16),Off,IPv6,voip,91.2,42.0,25.9,0.35,151.8,Medium,5.7
TRN06423,Transport,AES-192,modp1536(5),On,IPv4,whatsapp_msg,110.9,7.4,0.5,0.1,177.5,Medium,4.0
TRN02273,Tunnel,AES-256-GCM,modp3072(15),On,IPv6,email,526.5,11.6,9.7,0.26,152.4,Strong,2.8
TRN01481,Transport,AES-256-GCM,modp8192(21),Off,IPv6,file_transfer,1419.1,129.1,305.8,0.88,99.4,Strong,3.0
TRN03718,Tunnel,AES-256-GCM,modp2048(14),Off,IPv6,dns_query,73.7,3.0,1.8,0.13,122.1,Strong,1.3
TRN08800,Transport,AES-256,modp1536(5),On,IPv4,voip,129.4,37.7,435.2,0.19,154.0,Medium,4.8
TRN08940,Transport,3DES,modp1024(2),On,IPv4,video_streaming,1116.3,76.5,0.5,0.72,145.4,Weak,8.8
TRN02649,Tunnel,DES,modp6144(17),Off,IPv4,file_transfer,1394.8,99.3,289.4,0.81,126.9,Medium,3.8
TRN01953,Tunnel,AES-256,modp6144(17),Off,IPv6,icmp,59.9,2.2,0.5,0.06,265.5,Strong,2.2
TRN06640,Transport,AES-128,modp768(1),On,IPv4,voip,141.2,56.5,101.1,0.16,216.1,Weak,8.6
TRN02865,Tunnel,3DES,modp1024(2),Off,IPv4,voip,131.1,30.8,0.5,0.27,100.0,Weak,8.7
TRN01164,Transport,AES-128,modp3072(15),Off,IPv4,voip,105.3,37.6,0.5,0.12,169.3,Medium,4.1
TRN08611,Tunnel,AES-256-GCM,modp8192(21),Off,IPv4,whatsapp_msg,192.6,4.9,0.5,0.23,87.5,Strong,1.3
TRN04973,Transport,AES-128,modp6144(17),Off,IPv6,web_browsing,454.6,7.4,0.5,0.22,189.1,Medium,4.1
TRN03816,Transport,3DES,modp8192(21),Off,IPv4,file_transfer,1405.9,138.7,0.5,0.68,127.4,Medium,3.6
TRN06520,Transport,AES-128,modp6144(17),On,IPv6,voip,135.4,38.6,0.5,0.21,126.3,Strong,0.7
TRN04216,Transport,AES-256,modp1536(5),On,IPv4,dns_query,70.9,2.2,0.5,0.08,119.3,Medium,5.9
TRN03291,Tunnel,AES-128,modp1024(2),On,IPv4,file_transfer,1437.7,102.4,0.5,0.61,85.0,Weak,8.9
TRN01599,Tunnel,3DES,modp8192(21),Off,IPv4,voip,116.1,46.2,0.5,0.23,165.5,Medium,5.3
TRN08082,Tunnel,AES-256,modp1536(5),Off,IPv4,file_transfer,1366.0,137.6,0.5,0.69,185.7,Medium,5.9
TRN00301,Transport,3DES,modp1536(5),Off,IPv4,email,706.8,5.0,0.5,0.44,96.4,Weak,7.3
TRN08805,Tunnel,3DES,modp4096(16),Off,IPv4,web_browsing,477.7,19.1,59.0,0.68,165.4,Medium,4.4
TRN02479,Tunnel,AES-256,modp6144(17),On,IPv6,whatsapp_msg,108.7,5.7,7.8,0.17,201.3,Strong,1.0
TRN02076,Transport,AES-256,modp3072(15),On,IPv4,voip,121.6,40.7,567.2,0.19,150.4,Strong,2.2
TRN04462,Tunnel,AES-256,modp3072(15),On,IPv6,web_browsing,335.2,19.5,25.7,0.49,175.5,Strong,1.5
TRN07783,Tunnel,AES-192,modp1536(5),Off,IPv6,voip,93.2,41.0,0.5,0.27,110.0,Weak,9.1
TRN01360,Tunnel,AES-256-GCM,modp4096(16),On,IPv6,file_transfer,1454.6,106.5,0.5,0.93,138.7,Strong,2.7
TRN03129,Tunnel,3DES,modp3072(15),Off,IPv6,email,602.7,7.5,0.5,0.23,239.5,Medium,4.0
TRN04685,Transport,3DES,modp4096(16),Off,IPv4,voip,107.9,41.0,285.9,0.23,180.2,Medium,3.8
TRN04583,Tunnel,AES-192,modp4096(16),Off,IPv6,whatsapp_msg,172.9,3.1,10.6,0.36,135.0,Strong,1.8
TRN00487,Tunnel,AES-128,modp768(1),On,IPv4,dns_query,75.4,1.7,1.3,0.08,102.5,Weak,8.5
TRN05499,Transport,AES-128,modp1024(2),Off,IPv4,icmp,62.6,2.2,0.5,0.05,130.3,Weak,9.8
TRN07613,Tunnel,3DES,modp768(1),Off,IPv4,whatsapp_msg,149.3,5.4,0.5,0.16,149.7,Weak,7.9
TRN01153,Tunnel,AES-256-GCM,modp4096(16),On,IPv4,email,592.9,9.2,6.0,0.24,186.2,Strong,1.8
TRN03992,Transport,AES-256-GCM,modp768(1),Off,IPv4,whatsapp_msg,174.1,4.6,0.5,0.3,75.3,Medium,6.9
TRN06609,Tunnel,AES-256,modp6144(17),On,IPv4,web_browsing,369.8,23.2,26.3,0.61,123.5,Strong,3.1
TRN06319,Tunnel,AES-128,modp4096(16),Off,IPv6,icmp,62.3,2.1,0.5,0.06,191.6,Medium,5.0
TRN08732,Tunnel,AES-256,modp1536(5),Off,IPv4,whatsapp_msg,125.1,7.3,0.5,0.13,167.8,Medium,3.5
TRN06703,Tunnel,3DES,modp768(1),On,IPv6,video_streaming,1216.2,93.7,0.5,0.55,93.4,Weak,7.1
TRN05748,Transport,AES-256-GCM,modp1024(2),On,IPv4,dns_query,105.1,3.8,1.6,0.06,93.1,Medium,6.2
TRN00666,Tunnel,DES,modp2048(14),On,IPv6,video_streaming,1489.1,85.2,406.0,0.51,196.2,Weak,9.4
TRN02685,Tunnel,AES-192,modp768(1),On,IPv6,video_streaming,1215.5,81.1,0.5,0.43,164.8,Weak,7.7
TRN06625,Transport,3DES,modp3072(15),Off,IPv4,voip,131.0,39.2,108.8,0.13,188.7,Medium,5.3
TRN00643,Tunnel,3DES,modp768(1),On,IPv6,whatsapp_msg,148.6,6.6,0.5,0.16,98.9,Weak,8.4
TRN00177,Tunnel,AES-256,modp768(1),Off,IPv6,web_browsing,450.0,14.1,20.3,0.46,131.5,Weak,7.8
TRN08918,Transport,DES,modp3072(15),On,IPv4,email,663.6,5.8,23.5,0.28,196.2,Weak,10.0
TRN02234,Transport,AES-256-GCM,modp6144(17),Off,IPv6,voip,124.7,47.9,0.5,0.28,255.5,Strong,1.3
TRN00787,Tunnel,AES-192,modp6144(17),Off,IPv6,whatsapp_msg,203.1,6.9,0.5,0.2,151.7,Strong,2.1
TRN05129,Transport,AES-256-GCM,modp6144(17),Off,IPv4,video_streaming,1127.7,78.4,1452.5,0.74,148.0,Strong,0.3
TRN03662,Transport,DES,modp6144(17),Off,IPv6,email,1022.7,6.6,21.0,0.2,151.0,Medium,6.9
TRN02985,Transport,AES-256,modp8192(21),On,IPv4,video_streaming,1181.8,100.0,0.5,0.35,167.9,Strong,2.7
TRN00092,Tunnel,AES-256-GCM,modp1024(2),On,IPv4,voip,103.2,32.0,0.5,0.27,136.2,Medium,3.1
TRN05426,Tunnel,DES,modp4096(16),Off,IPv6,web_browsing,477.7,10.8,13.8,0.59,80.3,Weak,9.1
TRN06690,Transport,AES-256,modp2048(14),On,IPv4,whatsapp_msg,108.0,6.8,0.5,0.35,147.7,Strong,2.6
TRN07173,Transport,AES-128,modp6144(17),On,IPv6,whatsapp_msg,135.6,6.6,5.2,0.45,135.9,Strong,2.5
TRN01972,Tunnel,3DES,modp1536(5),On,IPv4,video_streaming,1150.6,107.3,211.9,0.58,116.0,Weak,8.9
TRN00531,Transport,AES-256-GCM,modp3072(15),On,IPv4,file_transfer,1416.6,150.7,35.7,0.83,169.0,Strong,3.3
TRN00997,Transport,DES,modp1024(2),On,IPv6,whatsapp_msg,154.3,3.8,9.9,0.25,154.3,Weak,7.8
TRN03425,Tunnel,AES-128,modp4096(16),On,IPv4,voip,112.4,46.7,160.1,0.22,230.3,Medium,5.4
TRN03308,Transport,3DES,modp1536(5),On,IPv6,video_streaming,1256.4,72.8,283.4,0.55,106.6,Weak,7.7
TRN01428,Tunnel,3DES,modp4096(16),On,IPv4,voip,130.7,35.2,0.5,0.17,209.4,Medium,5.9
TRN04520,Transport,AES-192,modp4096(16),On,IPv6,icmp,66.0,1.4,0.5,0.04,110.3,Strong,2.6
TRN02304,Transport,AES-192,modp768(1),Off,IPv4,web_browsing,373.5,18.3,1.3,0.42,216.3,Weak,9.4
TRN02841,Tunnel,DES,modp8192(21),On,IPv4,dns_query,51.5,1.3,1.7,0.11,93.5,Medium,6.3
TRN05240,Transport,DES,modp6144(17),Off,IPv6,whatsapp_msg,99.2,8.6,0.5,0.15,69.9,Medium,5.7
TRN06681,Transport,AES-256,modp6144(17),On,IPv6,file_transfer,1380.6,121.0,546.0,0.72,179.9,Strong,1.1
TRN07584,Transport,DES,modp8192(21),Off,IPv6,web_browsing,467.7,20.3,0.5,0.56,143.1,Medium,3.6
TRN03549,Transport,3DES,modp1536(5),Off,IPv6,file_transfer,1432.4,133.1,0.5,0.92,188.1,Weak,8.6
TRN02869,Transport,AES-128,modp8192(21),On,IPv4,file_transfer,1451.3,127.5,0.5,0.81,179.8,Strong,1.7
TRN06861,Transport,AES-128,modp2048(14),Off,IPv4,email,610.4,6.9,0.5,0.36,162.5,Medium,3.8
TRN03746,Tunnel,3DES,modp1536(5),Off,IPv4,email,365.7,7.7,14.3,0.16,186.9,Weak,9.4
TRN02749,Transport,AES-192,modp1536(5),Off,IPv6,video_streaming,1279.5,107.6,393.8,0.65,98.4,Medium,4.4
TRN00695,Transport,3DES,modp2048(14),Off,IPv6,voip,99.2,45.4,133.5,0.18,149.4,Weak,9.5
TRN05680,Tunnel,AES-256-GCM,modp3072(15),On,IPv4,file_transfer,1437.2,126.7,0.5,0.65,175.9,Strong,2.4
TRN01739,Tunnel,AES-256,modp768(1),On,IPv6,web_browsing,586.3,12.1,0.5,0.54,151.8,Medium,5.1
TRN00168,Transport,AES-256-GCM,modp768(1),Off,IPv4,whatsapp_msg,122.9,6.8,10.7,0.32,135.2,Medium,4.0
TRN03913,Transport,3DES,modp1024(2),On,IPv4,email,501.2,12.5,38.1,0.2,236.9,Weak,8.1
TRN07194,Transport,3DES,modp6144(17),Off,IPv6,voip,111.1,45.3,0.5,0.22,198.6,Medium,2.9
TRN08210,Transport,DES,modp3072(15),On,IPv4,dns_query,75.5,2.2,0.6,0.1,119.5,Medium,5.8
TRN05588,Tunnel,AES-192,modp6144(17),Off,IPv4,dns_query,67.3,3.8,0.5,0.05,105.3,Strong,3.2
TRN04020,Transport,AES-256-GCM,modp8192(21),Off,IPv4,dns_query,69.6,3.8,0.5,0.09,194.2,Strong,2.1
TRN02334,Transport,AES-256-GCM,modp1536(5),Off,IPv6,file_transfer,1402.4,134.2,0.5,0.68,93.7,Medium,5.7
TRN02606,Transport,AES-256,modp1024(2),Off,IPv6,file_transfer,1425.9,120.4,295.7,0.94,208.8,Weak,9.1
TRN07672,Tunnel,3DES,modp1024(2),Off,IPv4,video_streaming,1222.2,79.9,0.5,0.66,139.0,Weak,9.4
TRN05665,Tunnel,AES-128,modp4096(16),On,IPv6,file_transfer,1437.7,78.2,37.0,0.69,87.0,Medium,4.6
TRN06429,Tunnel,AES-256-GCM,modp2048(14),Off,IPv6,email,492.3,8.8,0.5,0.11,168.7,Strong,2.0
TRN02922,Tunnel,AES-256-GCM,modp1536(5),Off,IPv4,dns_query,81.3,4.9,0.9,0.09,103.7,Medium,6.3
TRN06747,Tunnel,DES,modp4096(16),On,IPv6,voip,113.0,51.4,591.2,0.14,181.0,Medium,4.3
TRN02756,Transport,AES-128,modp4096(16),On,IPv6,voip,123.7,34.4,324.7,0.15,144.8,Strong,0.8
TRN06400,Transport,AES-256-GCM,modp3072(15),Off,IPv6,video_streaming,1235.6,77.6,1239.7,0.6,94.8,Strong,2.0
TRN03647,Transport,AES-128,modp6144(17),Off,IPv6,icmp,56.6,2.4,21.6,0.09,127.8,Strong,0.9
TRN00101,Tunnel,AES-256-GCM,modp8192(21),On,IPv6,whatsapp_msg,210.3,6.0,0.5,0.19,158.4,Strong,2.3
TRN04886,Tunnel,3DES,modp1536(5),On,IPv4,web_browsing,268.7,12.2,0.5,0.35,179.1,Weak,10.0
TRN05042,Transport,AES-256,modp3072(15),Off,IPv4,dns_query,68.4,5.2,1.9,0.14,186.0,Strong,0.8
TRN06172,Transport,AES-128,modp6144(17),Off,IPv4,video_streaming,1301.1,76.0,0.5,0.63,49.6,Strong,2.0
TRN08102,Transport,DES,modp1024(2),Off,IPv4,icmp,51.2,1.8,0.5,0.1,61.8,Weak,8.4
TRN08302,Transport,AES-128,modp4096(16),Off,IPv6,whatsapp_msg,150.5,7.4,4.8,0.15,189.3,Medium,4.0
TRN02442,Tunnel,DES,modp6144(17),Off,IPv4,voip,67.3,37.1,0.5,0.28,119.7,Medium,6.2
TRN01466,Tunnel,AES-256,modp3072(15),On,IPv4,email,460.5,10.8,8.9,0.45,289.8,Strong,0.7
TRN04054,Tunnel,3DES,modp1536(5),Off,IPv4,icmp,56.2,1.9,4.4,0.02,57.8,Weak,9.1
TRN01745,Tunnel,AES-192,modp2048(14),Off,IPv4,dns_query,72.5,2.6,3.0,0.08,67.3,Medium,4.3
TRN04607,Tunnel,AES-256,modp768(1),Off,IPv6,whatsapp_msg,128.1,7.1,10.8,0.43,155.4,Weak,9.2
TRN08108,Transport,AES-256-GCM,modp3072(15),On,IPv4,file_transfer,1418.7,113.5,0.5,0.78,156.4,Strong,0.6
TRN04429,Tunnel,DES,modp1536(5),Off,IPv4,video_streaming,1391.9,123.7,0.5,0.56,181.7,Weak,7.9
TRN08996,Transport,3DES,modp6144(17),Off,IPv6,video_streaming,1008.0,92.6,0.5,0.69,163.9,Medium,3.4
TRN07929,Transport,DES,modp3072(15),On,IPv4,icmp,60.1,2.9,0.5,0.06,152.9,Weak,7.9
TRN08301,Transport,AES-256,modp768(1),On,IPv4,file_transfer,1398.3,120.1,0.5,0.98,202.1,Medium,6.1
TRN06118,Transport,3DES,modp2048(14),Off,IPv6,web_browsing,415.3,10.2,8.6,0.41,70.5,Weak,7.4
TRN05529,Transport,AES-256-GCM,modp6144(17),Off,IPv4,voip,97.5,36.9,38.5,0.17,173.8,Strong,1.5
TRN04307,Transport,3DES,modp6144(17),On,IPv4,icmp,66.2,1.3,0.5,0.04,126.2,Medium,5.7
TRN08479,Tunnel,3DES,modp8192(21),On,IPv4,video_streaming,1228.1,80.5,0.5,0.6,103.9,Medium,4.3
TRN02122,Transport,AES-256,modp3072(15),Off,IPv6,dns_query,79.4,1.0,0.5,0.05,125.3,Medium,3.0
TRN08516,Transport,AES-192,modp4096(16),Off,IPv4,whatsapp_msg,145.8,7.3,0.5,0.18,184.8,Strong,1.9
TRN07202,Tunnel,AES-192,modp768(1),Off,IPv6,icmp,63.6,2.1,11.5,0.04,206.8,Weak,7.4
TRN04193,Transport,DES,modp6144(17),Off,IPv4,dns_query,78.2,4.6,1.6,0.14,151.9,Medium,6.4
TRN07943,Transport,3DES,modp8192(21),Off,IPv6,email,521.8,8.0,0.5,0.26,140.6,Medium,4.6
TRN06220,Transport,AES-256-GCM,modp2048(14),On,IPv6,video_streaming,1110.3,70.7,0.5,0.52,212.2,Strong,4.0
TRN01204,Tunnel,AES-192,modp1536(5),Off,IPv4,whatsapp_msg,153.9,6.4,0.5,0.15,221.1,Medium,3.8
TRN08859,Transport,AES-192,modp8192(21),Off,IPv4,file_transfer,1439.3,107.2,0.5,0.99,144.5,Strong,1.9
TRN01927,Tunnel,AES-256,modp1024(2),Off,IPv4,icmp,64.8,2.8,0.5,0.01,178.2,Medium,5.3
TRN05915,Tunnel,3DES,modp3072(15),On,IPv4,web_browsing,371.7,14.5,0.5,0.42,122.9,Medium,5.3
TRN04869,Transport,AES-256,modp3072(15),Off,IPv6,icmp,68.2,2.1,5.6,0.05,150.6,Medium,3.3
TRN02338,Transport,DES,modp1536(5),Off,IPv6,web_browsing,420.4,7.3,13.3,0.64,153.1,Weak,8.8
TRN06359,Tunnel,AES-256,modp768(1),Off,IPv4,email,761.9,1.5,9.5,0.34,148.8,Weak,6.2
TRN02500,Transport,AES-256-GCM,modp1024(2),On,IPv6,voip,128.2,53.2,0.5,0.18,124.9,Medium,5.8
TRN03380,Tunnel,AES-256,modp4096(16),Off,IPv6,icmp,64.7,2.8,0.5,0.01,74.0,Strong,1.9
TRN00806,Transport,AES-256-GCM,modp8192(21),Off,IPv4,voip,118.7,36.8,434.7,0.24,143.8,Strong,2.7
TRN07107,Transport,DES,modp1536(5),On,IPv4,file_transfer,1414.5,85.5,82.1,0.93,139.1,Weak,9.8
TRN02320,Tunnel,AES-128,modp2048(14),Off,IPv6,dns_query,71.2,4.8,1.0,0.11,209.7,Medium,5.3
TRN07852,Tunnel,AES-192,modp768(1),On,IPv4,icmp,52.7,1.8,0.5,0.03,165.4,Weak,9.5
TRN07935,Transport,AES-128,modp4096(16),On,IPv6,dns_query,59.4,1.8,0.7,0.15,189.5,Medium,6.6
TRN03982,Transport,AES-256,modp2048(14),Off,IPv4,email,585.4,10.8,0.5,0.34,148.5,Medium,3.4
TRN01243,Tunnel,DES,modp4096(16),On,IPv4,video_streaming,1464.1,99.2,445.3,0.59,191.2,Medium,5.0
TRN05595,Tunnel,AES-256-GCM,modp4096(16),On,IPv6,icmp,68.8,2.2,14.9,0.02,73.9,Strong,0.8
TRN04483,Tunnel,AES-256,modp4096(16),Off,IPv6,icmp,63.1,1.6,13.9,0.08,215.0,Strong,0.3
TRN00548,Transport,AES-128,modp1024(2),On,IPv4,video_streaming,1358.9,84.2,0.5,0.81,134.5,Weak,9.5
TRN00027,Transport,3DES,modp3072(15),Off,IPv4,icmp,73.0,1.8,1.0,0.03,105.2,Medium,4.0
TRN03882,Tunnel,AES-128,modp768(1),On,IPv4,icmp,74.3,2.0,0.5,0.04,146.6,Weak,6.6
TRN02881,Tunnel,3DES,modp6144(17),On,IPv6,web_browsing,511.1,7.7,8.5,0.75,180.3,Medium,6.8
TRN04349,Tunnel,AES-256-GCM,modp8192(21),On,IPv4,dns_query,115.9,2.2,2.5,0.1,157.0,Strong,1.6
TRN01303,Tunnel,AES-256-GCM,modp2048(14),Off,IPv4,dns_query,68.6,1.9,0.8,0.07,153.1,Medium,4.3
TRN05246,Transport,AES-256-GCM,modp768(1),Off,IPv4,voip,127.5,38.9,351.2,0.1,142.8,Medium,4.0
TRN06790,Tunnel,AES-256,modp2048(14),On,IPv6,file_transfer,1340.9,119.8,0.5,0.93,72.6,Medium,3.9
TRN01222,Transport,DES,modp8192(21),Off,IPv4,voip,88.4,45.0,372.5,0.18,165.4,Medium,5.2
TRN07713,Tunnel,AES-192,modp1024(2),On,IPv6,whatsapp_msg,152.6,6.6,0.5,0.26,162.2,Medium,5.7
TRN00438,Tunnel,AES-256-GCM,modp2048(14),Off,IPv6,dns_query,84.1,4.9,0.5,0.1,93.2,Medium,4.3
TRN05850,Tunnel,DES,modp2048(14),On,IPv4,file_transfer,1361.5,101.4,268.5,0.89,192.1,Weak,7.3
TRN03103,Transport,DES,modp3072(15),On,IPv4,web_browsing,362.1,9.2,23.9,0.76,149.6,Medium,4.9
TRN06022,Tunnel,AES-128,modp8192(21),Off,IPv6,email,320.0,13.9,0.5,0.4,115.2,Strong,1.1
TRN06175,Tunnel,AES-256-GCM,modp1536(5),On,IPv4,video_streaming,1354.0,105.2,392.8,0.49,116.1,Medium,4.9
TRN03405,Tunnel,3DES,modp768(1),On,IPv4,web_browsing,316.6,20.6,34.7,0.39,134.0,Weak,8.2
TRN06171,Tunnel,AES-256-GCM,modp6144(17),On,IPv4,whatsapp_msg,139.7,7.9,12.2,0.36,168.7,Strong,0.6
TRN06999,Transport,AES-192,modp6144(17),Off,IPv4,dns_query,93.8,4.6,5.9,0.05,118.3,Strong,0.6
TRN03026,Transport,3DES,modp8192(21),On,IPv4,video_streaming,1190.4,117.3,0.5,0.56,119.0,Strong,2.8
TRN00327,Tunnel,AES-192,modp8192(21),On,IPv4,dns_query,60.1,2.6,0.5,0.09,135.2,Strong,3.3
TRN01040,Transport,AES-192,modp768(1),On,IPv4,file_transfer,1369.2,129.3,0.5,0.73,138.5,Weak,7.5
TRN04280,Transport,AES-256,modp1024(2),Off,IPv4,dns_query,70.1,5.2,0.7,0.1,154.1,Weak,8.4
TRN06756,Transport,3DES,modp1024(2),Off,IPv4,video_streaming,1029.5,88.5,597.7,0.4,177.9,Weak,7.8
TRN01871,Transport,AES-256,modp2048(14),Off,IPv4,email,446.3,6.7,9.4,0.17,112.1,Medium,5.2
TRN05689,Tunnel,AES-256,modp2048(14),On,IPv4,email,575.8,0.7,5.0,0.25,134.6,Strong,1.9
TRN00535,Transport,AES-192,modp8192(21),On,IPv4,video_streaming,1338.7,118.5,0.5,0.47,193.6,Strong,2.2
TRN08677,Transport,AES-128,modp4096(16),On,IPv4,voip,123.0,50.2,0.5,0.13,151.1,Medium,6.6
TRN00586,Tunnel,AES-256,modp6144(17),Off,IPv6,video_streaming,1302.9,90.2,0.5,0.77,166.9,Strong,2.7
TRN08922,Tunnel,AES-128,modp1024(2),Off,IPv4,email,680.5,4.9,8.9,0.38,132.9,Weak,10.0
TRN01704,Transport,3DES,modp3072(15),On,IPv4,video_streaming,1241.9,47.2,546.6,0.48,173.2,Medium,5.6
TRN06540,Transport,DES,modp4096(16),On,IPv6,whatsapp_msg,199.7,6.4,0.5,0.22,130.2,Medium,3.7
TRN04488,Transport,3DES,modp768(1),On,IPv4,email,840.6,5.8,9.7,0.33,159.3,Weak,9.4
TRN00492,Tunnel,AES-128,modp768(1),On,IPv6,video_streaming,1145.6,101.4,763.7,0.67,178.2,Weak,7.2
TRN05285,Tunnel,3DES,modp2048(14),On,IPv6,web_browsing,300.1,13.6,42.8,0.51,154.1,Medium,4.2
TRN06704,Tunnel,AES-128,modp1536(5),Off,IPv4,web_browsing,315.9,10.3,0.5,0.47,187.0,Weak,6.4
TRN03618,Tunnel,DES,modp1536(5),On,IPv4,video_streaming,1214.8,96.6,0.5,0.5,89.6,Weak,8.5
TRN03996,Tunnel,AES-256,modp1024(2),On,IPv6,dns_query,100.1,4.6,1.8,0.12,65.5,Medium,5.2
TRN03515,Transport,AES-192,modp768(1),Off,IPv6,file_transfer,1377.0,43.6,289.4,0.74,189.6,Weak,7.2
TRN06489,Transport,DES,modp3072(15),Off,IPv6,email,784.6,9.6,0.5,0.21,140.4,Weak,8.3
TRN01917,Transport,3DES,modp768(1),Off,IPv6,whatsapp_msg,235.7,7.2,4.4,0.29,174.0,Weak,6.9
TRN03890,Transport,3DES,modp1536(5),On,IPv6,email,1207.3,11.0,0.5,0.14,92.4,Weak,7.6
TRN08423,Transport,AES-128,modp4096(16),On,IPv6,file_transfer,1469.8,122.8,0.5,0.76,205.9,Medium,4.0
TRN07853,Transport,AES-256-GCM,modp4096(16),Off,IPv6,email,730.1,7.7,17.6,0.39,194.3,Strong,2.2
TRN03045,Transport,3DES,modp8192(21),On,IPv6,icmp,57.9,1.8,3.7,0.04,95.5,Medium,5.0
TRN03756,Tunnel,AES-128,modp1024(2),On,IPv4,dns_query,85.6,3.0,0.5,0.14,114.0,Weak,9.7
TRN08081,Transport,AES-256-GCM,modp1024(2),On,IPv4,icmp,61.3,2.4,3.8,0.07,105.1,Medium,5.8
TRN00398,Transport,AES-256,modp768(1),On,IPv6,voip,128.5,40.5,0.5,0.15,179.6,Medium,5.1
TRN01318,Transport,3DES,modp768(1),Off,IPv4,email,631.4,12.6,2.4,0.43,135.5,Weak,8.3
TRN05355,Transport,AES-192,modp3072(15),Off,IPv6,web_browsing,211.8,18.1,30.9,0.27,192.0,Medium,5.4
TRN00122,Transport,AES-128,modp4096(16),On,IPv6,icmp,70.9,1.5,10.7,0.08,110.2,Medium,4.0
TRN02580,Transport,AES-256,modp6144(17),On,IPv4,file_transfer,1465.8,151.0,0.5,0.89,106.6,Strong,1.1
TRN01567,Tunnel,AES-192,modp8192(21),Off,IPv4,file_transfer,1460.2,160.1,37.4,0.97,113.6,Strong,2.6
TRN01985,Transport,DES,modp8192(21),On,IPv4,dns_query,73.0,4.3,0.5,0.09,169.0,Medium,3.2
TRN04036,Tunnel,AES-256-GCM,modp4096(16),Off,IPv4,file_transfer,1355.5,128.6,0.5,0.81,152.6,Strong,2.1
TRN02174,Tunnel,AES-256-GCM,modp768(1),Off,IPv4,icmp,62.5,2.5,5.0,0.05,242.7,Medium,5.2
TRN07706,Tunnel,3DES,modp8192(21),Off,IPv6,whatsapp_msg,171.3,5.5,1.0,0.18,67.3,Medium,6.2
TRN07260,Tunnel,3DES,modp6144(17),On,IPv6,file_transfer,1431.4,109.5,0.5,1.0,175.2,Medium,5.3
TRN00574,Tunnel,AES-256,modp2048(14),Off,IPv4,dns_query,64.0,2.7,3.4,0.08,164.7,Medium,5.0
TRN08785,Transport,AES-256,modp1024(2),On,IPv4,video_streaming,1197.8,77.5,92.7,0.56,159.3,Medium,6.0
TRN08123,Tunnel,DES,modp1536(5),Off,IPv4,voip,111.9,56.7,0.5,0.16,181.5,Weak,9.6
TRN08738,Transport,AES-128,modp4096(16),Off,IPv4,email,403.4,8.7,6.0,0.52,165.9,Medium,5.3
TRN03046,Tunnel,AES-256-GCM,modp4096(16),Off,IPv4,file_transfer,1430.0,125.0,150.6,0.9,98.9,Strong,0.4
TRN01408,Tunnel,AES-256,modp2048(14),On,IPv6,web_browsing,353.0,15.4,7.0,0.63,195.8,Strong,1.2
TRN00536,Tunnel,AES-256-GCM,modp1536(5),Off,IPv4,web_browsing,308.3,11.7,0.5,0.6,116.8,Medium,4.0
TRN05556,Transport,AES-256,modp768(1),On,IPv6,whatsapp_msg,180.2,6.5,8.1,0.3,137.8,Weak,8.4
TRN05988,Tunnel,DES,modp6144(17),On,IPv4,email,375.4,9.6,0.5,0.09,227.0,Medium,5.1
TRN01435,Tunnel,AES-128,modp768(1),Off,IPv4,email,830.3,6.4,5.7,0.19,64.1,Weak,8.5
TRN07059,Transport,AES-256-GCM,modp3072(15),On,IPv4,whatsapp_msg,155.0,10.2,0.5,0.3,165.6,Strong,1.6
TRN01868,Tunnel,DES,modp3072(15),Off,IPv6,web_browsing,492.6,10.2,14.3,0.64,98.3,Weak,6.9
TRN01455,Tunnel,AES-256-GCM,modp3072(15),On,IPv4,voip,131.0,52.5,256.9,0.14,203.7,Strong,2.6
TRN08523,Tunnel,3DES,modp768(1),Off,IPv6,email,665.5,3.5,0.5,0.2,165.1,Weak,8.6
TRN08868,Transport,AES-256-GCM,modp2048(14),Off,IPv4,email,524.5,10.9,23.9,0.25,180.3,Strong,1.8
TRN01821,Tunnel,3DES,modp768(1),On,IPv6,web_browsing,433.1,17.5,16.4,0.64,118.6,Weak,8.3
TRN00052,Tunnel,AES-256-GCM,modp1024(2),Off,IPv4,icmp,50.7,1.7,16.7,0.05,141.8,Medium,4.9
TRN04604,Transport,AES-256,modp1536(5),Off,IPv4,voip,136.0,39.5,0.5,0.21,71.7,Medium,3.9
TRN06526,Transport,AES-128,modp3072(15),On,IPv4,icmp,48.7,1.6,0.5,0.05,142.4,Medium,3.1
TRN00470,Tunnel,AES-192,modp8192(21),On,IPv4,dns_query,65.9,3.4,0.5,0.14,243.5,Strong,0.3
TRN04719,Transport,AES-256,modp8192(21),Off,IPv6,whatsapp_msg,93.1,4.6,8.8,0.08,111.2,Strong,2.8
TRN03182,Transport,AES-128,modp6144(17),Off,IPv4,email,733.6,4.7,17.4,0.18,146.2,Medium,3.6
TRN05618,Transport,AES-192,modp3072(15),On,IPv6,email,348.9,8.3,0.5,0.44,207.8,Medium,4.8
TRN02863,Transport,AES-256,modp4096(16),Off,IPv4,icmp,61.4,2.6,0.5,0.04,123.1,Strong,2.0
TRN01859,Transport,AES-256,modp4096(16),On,IPv4,email,280.9,7.9,8.1,0.36,147.4,Strong,0.9
TRN07378,Tunnel,3DES,modp8192(21),On,IPv6,web_browsing,488.9,18.3,0.5,0.62,137.3,Medium,3.7
TRN00866,Transport,DES,modp4096(16),On,IPv6,email,631.9,8.7,7.6,0.17,154.9,Medium,3.3
TRN05804,Transport,AES-128,modp3072(15),On,IPv6,icmp,59.8,1.5,0.7,0.05,163.4,Medium,3.1
TRN03838,Tunnel,AES-128,modp4096(16),On,IPv4,video_streaming,1055.0,82.7,0.5,0.73,158.9,Strong,3.0
TRN02599,Tunnel,AES-192,modp3072(15),On,IPv6,web_browsing,369.4,22.7,44.1,0.4,101.6,Medium,3.8
TRN08945,Transport,AES-256,modp768(1),Off,IPv6,dns_query,70.0,3.6,0.5,0.08,142.5,Weak,10.0
TRN04374,Tunnel,DES,modp6144(17),On,IPv6,email,846.5,8.2,13.7,0.36,150.0,Medium,6.4
TRN00426,Transport,AES-256,modp1536(5),Off,IPv6,icmp,67.5,1.9,2.9,0.03,213.1,Medium,4.4
TRN00189,Transport,AES-256-GCM,modp1536(5),On,IPv6,web_browsing,278.7,13.5,0.5,0.26,275.6,Medium,4.0
TRN04535,Tunnel,3DES,modp6144(17),On,IPv4,file_transfer,1470.9,120.2,192.0,0.8,116.3,Medium,5.4
TRN04996,Transport,3DES,modp8192(21),Off,IPv4,whatsapp_msg,175.2,6.8,0.5,0.31,163.0,Medium,5.8
TRN00229,Tunnel,AES-192,modp2048(14),Off,IPv4,video_streaming,1469.0,95.7,943.6,0.53,153.5,Medium,5.2
TRN02716,Tunnel,AES-256-GCM,modp1536(5),Off,IPv4,web_browsing,398.4,27.3,0.5,0.54,182.4,Medium,3.3
TRN01042,Tunnel,DES,modp768(1),Off,IPv4,voip,115.3,55.3,83.9,0.14,121.7,Weak,8.1
TRN03551,Transport,3DES,modp6144(17),Off,IPv6,email,711.1,0.3,0.5,0.17,209.9,Medium,5.5
TRN02689,Transport,AES-256,modp4096(16),On,IPv6,file_transfer,1405.3,119.8,0.5,0.89,104.5,Strong,2.7
TRN08442,Tunnel,AES-256-GCM,modp1536(5),Off,IPv4,web_browsing,242.1,15.9,7.6,0.45,203.6,Medium,4.8
TRN01906,Transport,DES,modp6144(17),Off,IPv4,dns_query,53.7,3.5,3.6,0.05,158.3,Medium,4.7
TRN07770,Tunnel,DES,modp768(1),Off,IPv6,whatsapp_msg,162.0,5.5,0.5,0.3,195.2,Weak,10.0
TRN00802,Transport,AES-256,modp768(1),Off,IPv6,video_streaming,1315.0,75.2,0.5,0.63,135.1,Weak,9.5
TRN01488,Tunnel,AES-192,modp8192(21),On,IPv6,voip,144.4,51.2,184.5,0.2,154.8,Strong,3.5
TRN08679,Transport,DES,modp6144(17),On,IPv6,web_browsing,415.5,18.1,7.9,0.47,184.2,Medium,6.4
TRN01129,Tunnel,AES-256-GCM,modp4096(16),On,IPv4,dns_query,93.2,2.7,0.5,0.1,198.6,Strong,1.4
TRN07286,Transport,AES-256-GCM,modp768(1),On,IPv4,video_streaming,1145.8,82.5,965.9,0.56,184.9,Medium,6.5
TRN02209,Tunnel,AES-128,modp6144(17),Off,IPv4,video_streaming,1126.9,90.6,287.2,0.59,179.8,Strong,2.8
TRN04230,Transport,AES-256-GCM,modp768(1),Off,IPv4,whatsapp_msg,189.5,3.4,9.3,0.35,112.4,Weak,9.2
TRN07813,Tunnel,3DES,modp768(1),On,IPv4,email,828.5,8.6,15.6,0.44,195.9,Weak,9.7
TRN05138,Transport,DES,modp1024(2),Off,IPv4,icmp,47.9,1.3,0.5,0.06,131.0,Weak,10.0
TRN03115,Transport,3DES,modp8192(21),Off,IPv4,video_streaming,1454.2,94.0,0.5,0.7,135.4,Medium,5.0
TRN05008,Tunnel,AES-256,modp6144(17),Off,IPv6,web_browsing,374.4,12.1,14.5,0.45,197.5,Strong,3.5
TRN08636,Tunnel,AES-256-GCM,modp6144(17),On,IPv4,voip,82.4,52.5,0.5,0.26,194.4,Strong,1.6
TRN02145,Tunnel,AES-256,modp8192(21),On,IPv4,email,424.5,7.1,0.5,0.29,162.3,Strong,1.7
TRN05954,Tunnel,3DES,modp3072(15),On,IPv6,icmp,60.8,1.2,0.5,0.05,137.5,Medium,5.1
TRN01633,Transport,AES-256-GCM,modp8192(21),Off,IPv4,dns_query,108.5,4.6,1.0,0.12,255.4,Strong,1.8
TRN06670,Tunnel,DES,modp6144(17),On,IPv4,dns_query,59.5,2.4,5.7,0.12,104.9,Medium,5.1
TRN04011,Transport,AES-256-GCM,modp8192(21),Off,IPv6,web_browsing,357.4,17.2,35.7,0.42,164.7,Strong,0.3
TRN00157,Tunnel,DES,modp1024(2),On,IPv4,email,874.0,10.7,10.7,0.28,197.3,Weak,7.5
TRN02421,Tunnel,DES,modp1536(5),Off,IPv4,icmp,52.4,1.7,6.6,0.08,107.5,Weak,8.8
TRN06361,Tunnel,DES,modp2048(14),On,IPv4,voip,105.4,44.3,873.0,0.19,236.8,Weak,7.1
TRN03214,Transport,AES-192,modp6144(17),On,IPv6,web_browsing,308.7,10.5,0.5,0.79,166.4,Strong,2.7
TRN02771,Transport,AES-256,modp2048(14),Off,IPv4,dns_query,72.3,1.9,0.5,0.09,149.3,Medium,4.7
TRN04443,Tunnel,3DES,modp6144(17),On,IPv4,web_browsing,554.0,17.5,0.5,0.5,133.0,Medium,5.8
TRN05565,Transport,AES-192,modp6144(17),On,IPv6,web_browsing,373.1,16.3,10.9,0.41,142.9,Strong,1.0
TRN06278,Tunnel,AES-256-GCM,modp768(1),On,IPv4,whatsapp_msg,188.6,4.8,5.8,0.12,103.0,Medium,5.0
TRN06393,Transport,3DES,modp6144(17),On,IPv6,voip,91.4,43.8,0.5,0.16,204.9,Medium,6.3
TRN03917,Tunnel,AES-256,modp2048(14),On,IPv6,web_browsing,468.5,32.6,28.9,0.85,182.0,Medium,5.1
TRN02808,Tunnel,AES-256,modp3072(15),Off,IPv6,video_streaming,1380.1,91.4,0.5,0.58,98.7,Strong,2.5
TRN04342,Tunnel,3DES,modp2048(14),Off,IPv4,web_browsing,325.1,25.9,0.5,0.42,165.0,Weak,10.0
TRN03025,Transport,AES-128,modp768(1),On,IPv4,voip,148.7,33.9,516.2,0.21,44.3,Weak,8.7
TRN02730,Tunnel,DES,modp1536(5),On,IPv4,video_streaming,1044.0,73.1,216.0,0.68,125.9,Weak,7.4
TRN03210,Tunnel,AES-256,modp3072(15),On,IPv4,file_transfer,1458.3,108.4,55.0,0.89,232.9,Strong,1.2
TRN06607,Tunnel,AES-128,modp768(1),On,IPv6,email,322.8,6.1,16.1,0.2,127.1,Weak,9.9
TRN00848,Tunnel,AES-192,modp1536(5),On,IPv6,whatsapp_msg,182.2,7.4,0.6,0.19,131.7,Medium,4.0
TRN07518,Transport,AES-192,modp1536(5),On,IPv6,voip,101.5,59.9,0.5,0.05,242.9,Medium,3.5
TRN08749,Transport,AES-192,modp4096(16),Off,IPv4,whatsapp_msg,158.2,5.7,0.5,0.29,98.3,Medium,5.3
TRN00757,Tunnel,AES-192,modp8192(21),On,IPv4,file_transfer,1426.3,118.9,9.6,0.62,115.1,Strong,1.5
TRN08708,Tunnel,AES-256,modp768(1),Off,IPv6,email,464.0,9.3,3.8,0.26,157.2,Weak,9.7
TRN05230,Tunnel,AES-128,modp1024(2),On,IPv4,whatsapp_msg,151.6,2.8,0.5,0.16,136.6,Weak,7.1
TRN02813,Tunnel,DES,modp3072(15),Off,IPv4,icmp,58.1,1.0,6.5,0.04,168.9,Weak,8.2
TRN08913,Transport,AES-128,modp3072(15),Off,IPv4,dns_query,62.8,2.5,1.3,0.08,159.4,Medium,3.8
TRN02062,Tunnel,AES-128,modp3072(15),On,IPv6,email,440.3,9.6,0.5,0.34,242.5,Medium,5.4
TRN00550,Transport,AES-192,modp768(1),On,IPv4,email,1052.9,9.9,23.9,0.29,218.9,Weak,9.4
TRN07629,Transport,AES-256-GCM,modp4096(16),Off,IPv4,dns_query,94.9,2.6,0.5,0.12,93.5,Strong,2.3
TRN07620,Transport,AES-256-GCM,modp4096(16),Off,IPv4,whatsapp_msg,193.6,3.5,6.6,0.29,168.3,Strong,1.6
TRN07982,Transport,AES-128,modp2048(14),Off,IPv6,whatsapp_msg,148.2,3.6,7.3,0.3,124.8,Medium,5.0
TRN04059,Tunnel,3DES,modp6144(17),Off,IPv6,icmp,70.9,1.8,0.5,0.03,104.5,Medium,3.7
TRN03694,Transport,AES-128,modp1536(5),On,IPv4,icmp,64.3,1.8,0.5,0.04,111.7,Medium,5.8
TRN01260,Transport,3DES,modp768(1),Off,IPv6,web_browsing,605.5,13.2,0.5,0.75,124.0,Weak,7.5
TRN06333,Transport,3DES,modp2048(14),On,IPv4,video_streaming,1029.6,101.7,1021.2,0.7,82.5,Weak,7.0
TRN05297,Transport,DES,modp768(1),On,IPv4,file_transfer,1429.5,97.5,163.6,0.78,169.1,Weak,9.5
TRN07508,Transport,AES-128,modp6144(17),On,IPv6,email,760.3,7.4,29.0,0.36,172.0,Strong,1.5
TRN01025,Tunnel,3DES,modp4096(16),Off,IPv6,whatsapp_msg,176.9,6.0,1.1,0.13,190.3,Medium,4.1
TRN00753,Tunnel,AES-256,modp8192(21),On,IPv6,email,440.3,9.8,25.2,0.3,196.3,Strong,1.1
TRN04626,Tunnel,3DES,modp768(1),Off,IPv4,web_browsing,225.2,12.3,0.5,0.53,152.2,Weak,7.9
TRN03400,Transport,3DES,modp6144(17),On,IPv4,voip,132.1,40.6,178.2,0.21,151.1,Medium,4.3
TRN01952,Tunnel,AES-192,modp768(1),Off,IPv6,icmp,57.4,2.9,0.5,0.07,104.0,Weak,6.4
TRN07545,Tunnel,3DES,modp8192(21),Off,IPv4,voip,119.2,48.9,0.5,0.19,123.5,Medium,5.3
TRN00352,Transport,AES-256,modp2048(14),On,IPv4,icmp,67.5,1.3,15.8,0.07,201.0,Strong,1.5
TRN01512,Transport,AES-192,modp3072(15),Off,IPv4,email,676.1,7.6,0.5,0.46,116.3,Medium,4.1
TRN06608,Tunnel,3DES,modp1536(5),Off,IPv4,voip,117.6,41.4,0.5,0.14,128.4,Weak,7.1
TRN03155,Tunnel,AES-128,modp4096(16),Off,IPv6,voip,140.3,46.7,599.3,0.15,168.6,Medium,5.1
TRN03528,Transport,AES-256-GCM,modp8192(21),On,IPv4,email,695.9,3.7,2.4,0.23,246.4,Strong,2.1
TRN00702,Tunnel,3DES,modp8192(21),Off,IPv4,web_browsing,322.9,11.2,0.5,0.64,83.6,Medium,3.7
TRN02587,Tunnel,AES-256,modp6144(17),Off,IPv4,web_browsing,418.1,18.1,19.7,0.48,164.8,Strong,2.2
TRN03430,Transport,DES,modp1024(2),On,IPv4,video_streaming,981.6,97.9,0.5,0.5,75.9,Weak,8.2
TRN00562,Transport,AES-192,modp2048(14),Off,IPv4,dns_query,73.0,2.5,0.5,0.06,197.8,Medium,3.8
TRN02319,Tunnel,3DES,modp3072(15),Off,IPv6,whatsapp_msg,193.1,7.5,0.5,0.17,16.7,Medium,4.7
TRN02459,Transport,AES-256-GCM,modp6144(17),On,IPv4,voip,120.8,54.5,374.0,0.17,240.1,Strong,0.4
TRN05113,Transport,AES-256,modp8192(21),On,IPv6,file_transfer,1398.7,82.7,0.5,0.82,164.8,Strong,1.5
TRN08028,Transport,3DES,modp6144(17),On,IPv6,voip,134.2,47.3,319.0,0.15,141.0,Medium,3.7
TRN06244,Tunnel,AES-256,modp1536(5),Off,IPv4,video_streaming,1331.4,108.0,722.6,0.56,178.2,Medium,3.9
TRN02645,Transport,DES,modp1024(2),On,IPv4,icmp,61.9,2.5,0.5,0.08,203.6,Weak,10.0
TRN01048,Tunnel,3DES,modp6144(17),Off,IPv6,icmp,64.8,1.5,1.8,0.02,136.0,Medium,4.9
TRN07087,Tunnel,3DES,modp8192(21),Off,IPv6,dns_query,82.3,2.0,0.5,0.08,156.5,Medium,6.5
TRN00415,Transport,AES-256,modp3072(15),Off,IPv4,icmp,65.7,2.6,28.3,0.03,107.7,Medium,4.7
TRN03529,Transport,DES,modp1536(5),On,IPv6,whatsapp_msg,212.6,4.2,3.7,0.34,191.5,Weak,9.0
TRN08570,Tunnel,AES-128,modp8192(21),Off,IPv6,web_browsing,411.3,12.8,7.8,0.54,176.8,Strong,1.3
TRN03444,Transport,DES,modp6144(17),On,IPv4,dns_query,83.8,2.0,0.5,0.12,139.3,Medium,6.5
TRN03379,Tunnel,3DES,modp3072(15),Off,IPv4,dns_query,66.2,2.6,1.9,0.08,195.6,Medium,6.8
TRN05921,Tunnel,AES-128,modp3072(15),On,IPv4,dns_query,58.2,2.7,1.5,0.09,178.5,Medium,4.3
TRN01470,Tunnel,DES,modp8192(21),On,IPv6,dns_query,79.4,4.2,0.6,0.08,111.1,Medium,5.8
TRN07204,Transport,AES-128,modp1024(2),On,IPv4,icmp,75.5,2.5,1.3,0.02,105.9,Weak,8.9
TRN04171,Transport,3DES,modp2048(14),Off,IPv6,video_streaming,1243.1,87.0,515.3,0.72,169.3,Weak,9.7
TRN07542,Transport,3DES,modp3072(15),Off,IPv4,video_streaming,1412.5,76.5,83.3,0.63,262.9,Medium,4.0
TRN06554,Tunnel,AES-256,modp8192(21),On,IPv6,file_transfer,1375.2,151.1,220.3,0.78,149.5,Strong,1.3
TRN01584,Transport,AES-128,modp3072(15),On,IPv4,video_streaming,1185.8,110.6,0.5,0.62,142.1,Medium,4.0
TRN01413,Transport,AES-192,modp768(1),On,IPv6,file_transfer,1415.8,114.7,0.5,0.79,144.5,Weak,9.5
TRN06154,Tunnel,DES,modp6144(17),On,IPv4,web_browsing,278.8,12.1,29.5,0.83,125.1,Medium,4.8
TRN05810,Transport,AES-128,modp1024(2),On,IPv6,whatsapp_msg,162.6,5.7,1.4,0.24,133.3,Weak,6.4
TRN01723,Tunnel,AES-192,modp4096(16),Off,IPv4,whatsapp_msg,76.5,8.3,11.4,0.2,145.2,Medium,6.1
TRN02918,Transport,AES-128,modp4096(16),On,IPv4,whatsapp_msg,116.5,6.9,6.7,0.17,163.7,Strong,1.4
TRN04356,Tunnel,AES-256-GCM,modp1024(2),Off,IPv4,dns_query,58.7,4.4,0.5,0.11,77.1,Medium,3.7
TRN01508,Transport,DES,modp8192(21),Off,IPv6,video_streaming,1461.1,98.6,0.5,0.58,154.3,Medium,4.9
TRN06072,Tunnel,AES-256,modp3072(15),Off,IPv6,web_browsing,187.7,21.9,0.5,0.37,131.6,Strong,2.1
TRN08204,Tunnel,AES-192,modp2048(14),On,IPv4,file_transfer,1375.7,98.1,0.5,0.72,149.9,Medium,4.1
TRN01322,Tunnel,AES-256-GCM,modp8192(21),Off,IPv6,whatsapp_msg,103.9,4.9,10.3,0.16,175.3,Strong,0.3
TRN00843,Tunnel,DES,modp2048(14),On,IPv6,voip,129.7,34.2,219.6,0.18,62.1,Weak,8.5
TRN01147,Tunnel,AES-256-GCM,modp4096(16),On,IPv4,web_browsing,534.2,13.7,0.5,0.75,51.0,Strong,1.4
TRN05068,Tunnel,3DES,modp3072(15),On,IPv4,web_browsing,200.8,3.9,0.5,0.29,165.2,Medium,3.6
TRN08044,Tunnel,AES-128,modp1536(5),Off,IPv6,dns_query,66.3,3.9,4.3,0.14,152.0,Weak,8.0
TRN00464,Tunnel,AES-128,modp6144(17),On,IPv6,dns_query,63.1,1.5,0.5,0.12,119.3,Strong,2.1
TRN03943,Transport,AES-192,modp8192(21),Off,IPv6,voip,142.8,42.2,0.5,0.15,112.2,Strong,2.7
TRN02550,Tunnel,AES-256,modp768(1),Off,IPv4,web_browsing,375.6,14.4,32.8,0.33,148.0,Weak,9.4
TRN06030,Transport,AES-256-GCM,modp6144(17),Off,IPv6,video_streaming,1129.6,87.2,32.1,0.44,217.3,Strong,1.5
TRN08509,Tunnel,DES,modp6144(17),Off,IPv4,video_streaming,1323.4,77.2,0.5,0.64,105.9,Medium,3.6
TRN07243,Tunnel,AES-128,modp2048(14),Off,IPv6,dns_query,80.6,2.1,0.5,0.06,145.1,Medium,3.0
TRN07768,Tunnel,AES-128,modp8192(21),Off,IPv6,web_browsing,465.1,17.3,10.5,0.59,185.5,Strong,1.8
TRN04076,Tunnel,AES-256-GCM,modp4096(16),On,IPv6,web_browsing,419.8,17.8,33.2,0.57,230.0,Strong,2.0
TRN00379,Transport,DES,modp8192(21),On,IPv6,whatsapp_msg,90.0,4.7,0.5,0.3,217.3,Medium,3.6
TRN06616,Tunnel,AES-256-GCM,modp3072(15),Off,IPv6,whatsapp_msg,118.0,6.3,0.5,0.12,55.1,Strong,0.8
TRN01336,Tunnel,AES-192,modp3072(15),On,IPv4,whatsapp_msg,134.1,2.0,1.2,0.26,92.4,Medium,5.8
TRN01224,Transport,AES-256-GCM,modp1536(5),On,IPv4,voip,122.4,59.1,162.0,0.17,93.2,Strong,2.0
TRN06859,Tunnel,AES-128,modp1024(2),Off,IPv6,video_streaming,1362.7,74.9,464.6,0.64,173.7,Weak,7.4
TRN03000,Tunnel,3DES,modp3072(15),On,IPv6,whatsapp_msg,121.6,7.5,2.8,0.2,102.9,Medium,4.2
TRN04049,Tunnel,AES-192,modp3072(15),Off,IPv6,file_transfer,1465.7,148.2,129.9,0.9,97.4,Medium,4.0
TRN07063,Tunnel,DES,modp6144(17),Off,IPv6,voip,94.9,65.1,57.5,0.2,66.9,Medium,5.1
TRN01812,Transport,AES-256,modp3072(15),On,IPv6,email,625.6,6.5,0.5,0.21,64.0,Strong,1.5
TRN03334,Tunnel,3DES,modp768(1),Off,IPv4,video_streaming,1108.3,99.9,0.5,0.76,94.4,Weak,6.4
TRN03945,Transport,AES-192,modp3072(15),On,IPv6,web_browsing,532.1,14.8,25.7,0.15,149.0,Strong,0.3
TRN03333,Transport,DES,modp6144(17),Off,IPv4,voip,137.7,61.6,0.5,0.26,67.5,Medium,4.3
TRN01895,Tunnel,AES-128,modp1024(2),On,IPv4,icmp,64.9,1.5,10.6,0.06,178.1,Weak,6.7
TRN05351,Transport,3DES,modp4096(16),Off,IPv6,email,601.2,6.4,0.5,0.3,138.8,Medium,3.5
TRN03481,Transport,AES-128,modp2048(14),Off,IPv6,icmp,67.0,1.5,0.5,0.04,96.6,Medium,3.5
TRN05304,Tunnel,AES-192,modp6144(17),On,IPv6,icmp,67.0,1.9,0.5,0.03,216.0,Strong,0.3
TRN04081,Transport,3DES,modp4096(16),On,IPv6,video_streaming,1030.2,94.8,1781.9,0.42,114.5,Medium,7.2
TRN06061,Tunnel,AES-256,modp6144(17),On,IPv6,video_streaming,1279.0,107.9,0.5,0.56,174.8,Strong,0.3
TRN05460,Tunnel,AES-192,modp1024(2),Off,IPv4,email,546.3,9.7,0.5,0.48,140.9,Weak,7.3
TRN01190,Transport,AES-192,modp768(1),Off,IPv4,whatsapp_msg,171.7,5.1,0.5,0.2,131.0,Weak,7.5
TRN06612,Transport,AES-256-GCM,modp3072(15),Off,IPv6,icmp,54.8,2.0,0.5,0.07,102.9,Strong,2.8
TRN00899,Transport,AES-128,modp6144(17),Off,IPv6,video_streaming,1184.0,90.1,561.0,0.59,207.3,Medium,4.7
TRN05493,Tunnel,AES-256,modp6144(17),Off,IPv6,whatsapp_msg,174.9,8.8,0.5,0.27,130.3,Strong,2.1
TRN04249,Tunnel,AES-256-GCM,modp4096(16),Off,IPv4,whatsapp_msg,239.9,7.9,15.5,0.12,193.5,Strong,2.3
TRN02886,Transport,AES-192,modp8192(21),On,IPv6,whatsapp_msg,99.8,4.5,0.5,0.22,81.4,Strong,0.7
TRN02532,Transport,AES-128,modp2048(14),Off,IPv4,web_browsing,462.6,12.1,26.1,0.74,138.1,Medium,5.0
TRN08959,Transport,3DES,modp3072(15),On,IPv4,whatsapp_msg,153.8,3.5,0.5,0.28,132.3,Medium,3.1
TRN08346,Transport,AES-128,modp1536(5),On,IPv6,dns_query,83.4,3.3,2.5,0.09,184.6,Weak,10.0
TRN08920,Tunnel,AES-192,modp768(1),On,IPv4,file_transfer,1366.0,119.7,101.8,0.77,205.3,Weak,9.5
TRN07949,Transport,AES-192,modp8192(21),On,IPv6,whatsapp_msg,162.7,3.8,6.8,0.06,229.8,Strong,1.4
TRN05458,Transport,AES-128,modp2048(14),On,IPv6,dns_query,60.6,3.0,0.5,0.08,113.0,Medium,5.9
TRN04650,Tunnel,3DES,modp8192(21),Off,IPv4,file_transfer,1364.0,119.8,0.5,0.72,162.8,Medium,7.4
TRN01031,Transport,DES,modp4096(16),Off,IPv6,email,528.7,6.6,0.5,0.2,116.2,Medium,3.6
TRN03423,Transport,AES-256,modp3072(15),Off,IPv4,whatsapp_msg,197.1,6.1,0.5,0.1,257.5,Medium,5.9
TRN06226,Tunnel,AES-128,modp8192(21),Off,IPv6,web_browsing,478.1,8.8,43.4,0.46,149.3,Strong,3.4
TRN04954,Transport,AES-128,modp3072(15),On,IPv6,icmp,54.2,2.3,1.3,0.03,125.4,Medium,5.1
TRN07712,Transport,AES-256-GCM,modp1024(2),Off,IPv6,voip,111.5,43.7,234.0,0.15,171.0,Medium,5.2
TRN01756,Transport,AES-256-GCM,modp2048(14),Off,IPv6,voip,153.9,38.2,107.3,0.19,103.2,Strong,1.4
TRN08921,Tunnel,3DES,modp3072(15),Off,IPv4,dns_query,60.2,2.5,2.1,0.13,174.7,Medium,4.8
TRN00232,Transport,AES-128,modp4096(16),Off,IPv4,dns_query,79.5,3.8,0.5,0.14,144.3,Medium,5.7
TRN06136,Tunnel,DES,modp4096(16),Off,IPv4,web_browsing,304.5,20.6,9.8,0.49,124.3,Weak,8.0
TRN04804,Tunnel,AES-256,modp2048(14),On,IPv6,email,903.3,7.4,14.3,0.25,167.9,Strong,0.3
TRN06770,Transport,AES-128,modp768(1),On,IPv6,web_browsing,269.1,12.3,0.5,0.7,204.7,Weak,9.3
TRN04731,Transport,AES-256,modp768(1),On,IPv6,file_transfer,1388.9,91.1,62.2,0.7,78.2,Medium,5.8
TRN03536,Transport,AES-128,modp768(1),Off,IPv4,video_streaming,1193.7,95.7,0.5,0.62,66.6,Weak,7.8
TRN04902,Tunnel,AES-192,modp8192(21),Off,IPv6,video_streaming,1242.2,89.7,110.7,0.63,238.8,Strong,1.3
TRN02318,Tunnel,DES,modp4096(16),Off,IPv6,voip,133.1,46.0,0.5,0.09,136.6,Medium,4.5
TRN04776,Transport,DES,modp8192(21),Off,IPv6,file_transfer,1401.6,114.7,0.5,0.8,100.3,Medium,5.4
TRN01516,Tunnel,AES-128,modp8192(21),On,IPv4,web_browsing,303.5,17.0,7.7,0.88,24.6,Strong,2.1
TRN00217,Tunnel,AES-192,modp768(1),Off,IPv6,whatsapp_msg,189.0,7.6,9.1,0.25,185.8,Weak,7.4
TRN08096,Transport,AES-256,modp8192(21),On,IPv4,email,545.3,6.2,8.6,0.33,134.8,Strong,3.0
TRN02264,Tunnel,AES-192,modp768(1),On,IPv4,web_browsing,175.3,18.6,16.3,0.54,128.6,Weak,7.2
TRN07607,Tunnel,AES-128,modp6144(17),Off,IPv4,voip,113.9,53.2,0.5,0.19,83.6,Medium,5.5
TRN02767,Transport,3DES,modp3072(15),On,IPv4,file_transfer,1390.4,119.3,97.5,0.89,177.9,Medium,5.9
TRN04014,Tunnel,AES-128,modp3072(15),Off,IPv4,voip,140.2,37.1,437.7,0.13,171.9,Medium,4.5
TRN00894,Tunnel,DES,modp3072(15),Off,IPv6,voip,127.8,43.9,13.6,0.27,187.2,Weak,8.6
TRN02909,Tunnel,AES-128,modp2048(14),On,IPv6,icmp,58.4,1.8,0.5,0.07,166.0,Medium,5.2
TRN01851,Tunnel,AES-192,modp4096(16),On,IPv4,file_transfer,1426.7,139.5,0.5,0.76,147.5,Strong,2.8
TRN06323,Tunnel,AES-256,modp6144(17),Off,IPv6,dns_query,64.2,3.2,0.5,0.13,103.9,Strong,2.2
TRN06952,Tunnel,AES-256-GCM,modp4096(16),On,IPv4,file_transfer,1362.0,145.9,156.5,0.89,137.5,Strong,1.5
TRN00325,Transport,AES-256,modp6144(17),On,IPv4,voip,97.4,59.3,257.1,0.26,200.7,Strong,2.4
TRN01216,Transport,DES,modp2048(14),Off,IPv6,dns_query,84.0,3.2,0.5,0.09,130.1,Weak,9.8
TRN05545,Tunnel,AES-256,modp1024(2),Off,IPv6,voip,146.0,47.0,0.5,0.16,116.4,Medium,3.9
TRN04971,Transport,3DES,modp6144(17),On,IPv6,icmp,57.2,2.5,0.5,0.02,163.1,Medium,3.7
TRN01130,Tunnel,AES-192,modp2048(14),On,IPv4,icmp,53.6,2.5,0.5,0.08,155.0,Medium,3.4
TRN06320,Transport,3DES,modp2048(14),Off,IPv6,dns_query,98.0,2.5,2.8,0.13,149.1,Weak,6.6
TRN07666,Tunnel,AES-128,modp3072(15),On,IPv4,dns_query,66.6,3.2,1.1,0.05,127.7,Medium,3.0
TRN07430,Transport,AES-128,modp6144(17),On,IPv4,web_browsing,406.7,14.2,14.7,0.48,173.0,Strong,0.6
TRN00209,Transport,AES-128,modp6144(17),On,IPv4,file_transfer,1471.7,115.8,273.5,0.67,188.0,Medium,5.4
TRN04103,Tunnel,AES-256-GCM,modp2048(14),Off,IPv6,web_browsing,415.0,19.0,0.5,0.49,156.5,Strong,0.9
TRN00799,Tunnel,3DES,modp3072(15),On,IPv6,icmp,54.1,2.4,0.5,0.07,144.3,Medium,5.8
TRN08177,Transport,DES,modp2048(14),On,IPv6,whatsapp_msg,185.9,8.1,0.5,0.36,170.5,Weak,9.3
TRN00735,Transport,AES-128,modp8192(21),Off,IPv4,whatsapp_msg,126.7,6.5,2.1,0.29,113.1,Strong,3.4
TRN02754,Tunnel,3DES,modp8192(21),On,IPv4,video_streaming,1124.6,122.1,116.4,0.53,159.0,Medium,4.4
TRN02761,Transport,3DES,modp8192(21),On,IPv4,email,284.7,6.1,1.3,0.37,158.0,Strong,2.1
TRN01175,Transport,AES-256,modp1024(2),Off,IPv6,email,187.0,5.1,0.5,0.33,233.1,Medium,4.7
TRN06880,Transport,AES-256-GCM,modp1024(2),Off,IPv6,email,548.5,6.3,12.1,0.32,189.3,Medium,6.0
TRN07034,Tunnel,AES-256,modp1536(5),Off,IPv6,video_streaming,1196.9,87.6,575.2,0.56,88.0,Medium,3.5
TRN01832,Transport,AES-192,modp3072(15),On,IPv4,icmp,58.1,1.5,5.4,0.02,177.1,Medium,4.6
TRN06427,Tunnel,AES-256,modp8192(21),On,IPv6,file_transfer,1402.9,99.2,44.7,0.63,202.5,Strong,1.9
TRN07867,Transport,AES-256-GCM,modp1536(5),On,IPv6,web_browsing,346.1,16.9,14.9,0.31,80.3,Medium,3.8
TRN06348,Transport,AES-256,modp768(1),On,IPv4,video_streaming,1161.5,85.7,0.5,0.75,98.1,Weak,8.7
TRN03335,Transport,AES-192,modp1024(2),On,IPv6,video_streaming,1147.9,104.6,491.7,0.69,98.9,Medium,3.7
TRN00199,Tunnel,AES-128,modp8192(21),Off,IPv4,web_browsing,420.7,17.7,0.5,0.28,168.4,Strong,3.0
TRN03887,Tunnel,AES-256,modp3072(15),On,IPv4,dns_query,90.4,1.0,4.7,0.09,203.6,Strong,0.9
TRN04585,Tunnel,3DES,modp8192(21),Off,IPv6,whatsapp_msg,140.4,7.9,0.5,0.18,153.5,Medium,4.7
TRN01098,Transport,3DES,modp8192(21),Off,IPv4,email,554.4,11.5,21.8,0.38,144.1,Medium,5.6
TRN00549,Transport,AES-256,modp8192(21),Off,IPv6,voip,110.9,43.2,78.3,0.15,146.5,Strong,2.5
TRN02993,Transport,AES-192,modp1024(2),On,IPv6,voip,135.3,38.7,146.6,0.28,199.2,Weak,8.5
TRN02946,Tunnel,AES-128,modp3072(15),On,IPv6,file_transfer,1370.8,114.7,90.0,0.78,73.2,Medium,3.9
TRN08643,Transport,3DES,modp4096(16),On,IPv4,web_browsing,425.1,14.9,0.5,0.4,64.0,Medium,4.6
TRN06831,Transport,AES-256-GCM,modp8192(21),Off,IPv4,web_browsing,505.8,13.3,0.5,0.65,180.9,Strong,2.6
TRN02315,Tunnel,3DES,modp1024(2),Off,IPv6,video_streaming,1227.4,56.8,0.5,0.58,170.5,Weak,9.7
TRN05363,Transport,AES-256-GCM,modp6144(17),On,IPv4,web_browsing,270.1,11.1,0.5,0.5,28.7,Strong,2.3
TRN06512,Tunnel,AES-192,modp4096(16),On,IPv6,whatsapp_msg,151.8,5.6,1.1,0.06,125.8,Strong,2.0
TRN08322,Transport,AES-192,modp1536(5),Off,IPv4,web_browsing,452.9,9.6,0.5,0.43,201.5,Weak,7.7
TRN02511,Transport,3DES,modp4096(16),Off,IPv6,icmp,65.6,2.0,9.4,0.03,154.2,Medium,4.7
TRN06604,Transport,AES-256,modp768(1),Off,IPv6,email,405.6,10.1,11.6,0.32,169.6,Weak,9.1
TRN06327,Transport,AES-128,modp2048(14),Off,IPv6,file_transfer,1420.8,121.7,21.4,0.9,170.5,Medium,4.1
TRN00617,Transport,AES-128,modp768(1),On,IPv4,video_streaming,867.8,85.0,0.5,0.68,102.4,Weak,7.9
TRN01119,Transport,AES-128,modp3072(15),On,IPv6,whatsapp_msg,203.2,4.5,0.5,0.29,159.6,Medium,6.9
TRN00938,Tunnel,AES-256,modp1536(5),On,IPv6,whatsapp_msg,115.6,7.0,2.3,0.12,134.7,Medium,5.1
TRN00623,Tunnel,DES,modp3072(15),Off,IPv4,dns_query,82.7,4.7,0.5,0.06,87.3,Weak,8.3
TRN06724,Tunnel,3DES,modp6144(17),Off,IPv4,video_streaming,1365.7,54.2,366.0,0.7,205.9,Medium,3.3
TRN08186,Tunnel,AES-256-GCM,modp2048(14),Off,IPv4,icmp,53.9,2.7,6.1,0.08,174.4,Medium,5.7
TRN03946,Transport,DES,modp3072(15),Off,IPv6,icmp,67.5,2.3,13.8,0.04,120.0,Weak,9.9
TRN07751,Transport,AES-256,modp4096(16),Off,IPv4,video_streaming,1228.8,92.1,0.5,0.54,155.5,Strong,2.5
TRN05170,Transport,AES-256,modp4096(16),On,IPv4,dns_query,68.5,3.2,2.7,0.09,77.7,Strong,3.0
TRN02933,Tunnel,AES-256,modp1536(5),Off,IPv6,email,263.6,11.6,1.2,0.46,127.5,Medium,5.9
TRN05169,Transport,DES,modp1536(5),Off,IPv6,file_transfer,1424.7,117.1,149.8,0.74,144.6,Weak,9.5
TRN08412,Tunnel,AES-256-GCM,modp8192(21),On,IPv4,icmp,63.7,2.3,5.7,0.06,223.7,Strong,1.8
TRN03438,Transport,AES-256-GCM,modp768(1),Off,IPv4,whatsapp_msg,135.4,2.5,0.5,0.2,125.8,Medium,5.6
TRN02202,Transport,3DES,modp8192(21),Off,IPv6,voip,147.1,51.3,200.2,0.12,146.7,Medium,3.5
TRN01161,Transport,AES-128,modp1536(5),Off,IPv6,email,529.4,8.8,4.8,0.32,206.9,Weak,8.1
TRN06568,Tunnel,AES-256,modp3072(15),Off,IPv4,voip,110.2,36.8,118.2,0.2,174.5,Strong,0.6
TRN08722,Tunnel,AES-192,modp3072(15),Off,IPv6,web_browsing,322.1,16.9,1.5,0.5,161.7,Medium,3.7
TRN08821,Transport,3DES,modp1536(5),On,IPv6,file_transfer,1365.1,137.9,78.6,0.68,200.9,Weak,9.2
TRN07153,Transport,DES,modp2048(14),Off,IPv4,email,828.3,10.0,11.5,0.35,149.4,Weak,7.9
TRN00479,Transport,AES-128,modp4096(16),On,IPv6,email,345.4,6.1,13.8,0.18,189.2,Strong,2.5
TRN01353,Tunnel,AES-128,modp1024(2),Off,IPv4,video_streaming,1141.0,74.0,0.5,0.57,179.4,Weak,9.0
TRN08629,Transport,3DES,modp768(1),Off,IPv4,whatsapp_msg,211.1,6.1,0.5,0.19,63.3,Weak,7.6
TRN06247,Tunnel,AES-256-GCM,modp2048(14),Off,IPv4,whatsapp_msg,117.4,7.8,0.5,0.19,168.1,Medium,6.3
TRN07037,Tunnel,AES-128,modp2048(14),On,IPv4,voip,93.8,35.7,638.4,0.18,150.4,Medium,6.7
TRN07395,Transport,AES-128,modp768(1),Off,IPv4,email,643.4,8.2,0.5,0.35,171.5,Weak,10.0
TRN04128,Tunnel,DES,modp768(1),Off,IPv6,email,699.6,8.9,0.5,0.37,169.7,Weak,7.5
TRN01034,Transport,AES-256,modp768(1),On,IPv6,whatsapp_msg,115.0,7.5,4.0,0.2,95.0,Weak,9.0
TRN04005,Tunnel,AES-256,modp8192(21),Off,IPv4,whatsapp_msg,121.5,5.0,6.0,0.19,140.5,Strong,2.3
TRN03970,Tunnel,AES-128,modp6144(17),Off,IPv4,whatsapp_msg,123.0,5.1,11.5,0.4,205.3,Medium,5.7
TRN03468,Transport,AES-256,modp6144(17),On,IPv4,icmp,61.9,1.4,17.8,0.04,93.5,Strong,0.3
TRN03378,Transport,AES-192,modp768(1),Off,IPv6,voip,122.8,44.8,0.5,0.19,168.2,Weak,9.1
TRN03133,Transport,DES,modp768(1),On,IPv6,icmp,60.7,2.2,15.7,0.06,243.7,Weak,10.0
TRN07064,Transport,DES,modp2048(14),On,IPv6,email,594.6,7.1,15.2,0.28,183.5,Weak,9.6
TRN08740,Tunnel,3DES,modp8192(21),On,IPv6,video_streaming,1334.8,77.1,0.5,0.67,136.5,Medium,5.5
TRN03270,Transport,AES-256,modp8192(21),Off,IPv6,dns_query,69.8,3.7,0.5,0.08,124.9,Strong,3.2
TRN02544,Tunnel,AES-128,modp6144(17),Off,IPv4,dns_query,58.1,3.9,4.2,0.1,151.7,Strong,0.3
TRN01426,Transport,AES-256-GCM,modp3072(15),On,IPv6,file_transfer,1406.3,132.6,0.5,0.8,173.2,Strong,1.4
TRN06794,Transport,AES-256-GCM,modp2048(14),Off,IPv6,web_browsing,354.7,17.2,11.2,0.54,101.4,Strong,1.7
TRN01872,Tunnel,AES-128,modp768(1),Off,IPv6,web_browsing,585.7,18.1,0.5,0.42,64.5,Weak,7.1
TRN03950,Transport,3DES,modp2048(14),On,IPv4,whatsapp_msg,95.6,4.4,19.6,0.4,197.9,Weak,9.2
TRN08638,Transport,DES,modp768(1),Off,IPv4,voip,112.5,54.7,715.8,0.23,170.1,Weak,9.7
TRN07016,Transport,AES-256,modp1024(2),Off,IPv6,whatsapp_msg,162.4,10.6,0.5,0.29,160.2,Medium,4.7
TRN00528,Transport,3DES,modp768(1),On,IPv4,whatsapp_msg,170.4,3.7,0.5,0.37,125.9,Weak,7.1
TRN07946,Tunnel,AES-256,modp2048(14),On,IPv6,icmp,65.4,1.7,6.3,0.04,102.6,Strong,0.3
TRN07563,Transport,3DES,modp6144(17),Off,IPv6,video_streaming,1341.4,118.7,0.5,0.68,253.5,Medium,5.1
TRN03255,Transport,AES-192,modp3072(15),On,IPv6,email,733.4,6.2,0.5,0.3,145.0,Strong,1.0
TRN00221,Transport,AES-192,modp1536(5),On,IPv4,whatsapp_msg,145.6,6.1,0.5,0.28,57.8,Medium,5.1
TRN08257,Transport,3DES,modp1536(5),Off,IPv6,email,535.9,5.8,0.5,0.42,167.1,Weak,10.0
TRN07255,Tunnel,AES-256,modp6144(17),On,IPv6,dns_query,72.8,2.8,1.3,0.07,216.5,Strong,1.6
TRN04939,Transport,AES-192,modp8192(21),On,IPv6,email,665.5,5.8,0.5,0.25,217.6,Strong,2.9
TRN02603,Transport,3DES,modp768(1),On,IPv6,web_browsing,537.6,11.1,33.8,0.6,216.1,Weak,9.5
TRN02847,Tunnel,AES-256-GCM,modp6144(17),On,IPv4,video_streaming,1134.3,118.6,42.4,0.59,63.7,Strong,2.5
TRN08595,Transport,AES-256-GCM,modp1536(5),On,IPv6,video_streaming,1259.2,64.8,582.6,0.62,200.2,Medium,3.9
TRN06662,Transport,DES,modp8192(21),Off,IPv4,email,688.2,9.6,0.5,0.43,132.2,Medium,5.0
TRN04943,Transport,3DES,modp1024(2),Off,IPv6,icmp,55.3,1.8,3.8,0.04,256.1,Weak,7.5
TRN08161,Tunnel,3DES,modp1536(5),Off,IPv4,file_transfer,1377.2,108.0,0.5,0.81,163.5,Weak,9.5
TRN08977,Transport,3DES,modp3072(15),Off,IPv6,whatsapp_msg,155.1,3.1,0.5,0.32,197.5,Medium,2.5
TRN06055,Tunnel,AES-128,modp1024(2),On,IPv6,email,664.4,3.4,3.7,0.24,238.0,Weak,8.1
TRN02392,Tunnel,AES-128,modp2048(14),On,IPv6,web_browsing,258.5,23.1,22.3,0.51,129.6,Medium,4.5
TRN02956,Transport,AES-128,modp1536(5),On,IPv6,file_transfer,1391.1,166.8,297.8,0.96,123.4,Medium,4.7
TRN05197,Tunnel,AES-256,modp1024(2),On,IPv6,voip,132.7,45.1,0.5,0.11,139.4,Medium,5.1
TRN01984,Tunnel,AES-256,modp768(1),On,IPv6,whatsapp_msg,226.2,6.9,0.5,0.29,180.0,Weak,9.2
TRN06672,Tunnel,AES-128,modp8192(21),Off,IPv6,file_transfer,1388.6,115.1,0.5,0.84,140.6,Strong,0.8
TRN01555,Transport,AES-192,modp2048(14),Off,IPv4,whatsapp_msg,163.6,5.5,4.3,0.18,164.4,Medium,5.4
TRN08159,Tunnel,AES-256,modp3072(15),On,IPv6,whatsapp_msg,179.3,5.7,0.5,0.25,124.8,Strong,3.1
TRN05697,Tunnel,AES-256-GCM,modp6144(17),Off,IPv6,video_streaming,1055.0,100.7,0.5,0.71,185.1,Strong,2.6
TRN07466,Transport,AES-128,modp1536(5),On,IPv6,file_transfer,1351.1,123.6,0.5,0.77,144.5,Weak,8.2
TRN07169,Transport,AES-256-GCM,modp6144(17),On,IPv4,voip,108.7,47.2,0.5,0.26,93.1,Strong,1.7
TRN02629,Transport,AES-256-GCM,modp8192(21),On,IPv6,web_browsing,166.1,21.3,29.4,0.93,155.4,Strong,3.0
TRN01678,Transport,AES-256-GCM,modp3072(15),Off,IPv4,voip,101.7,36.2,66.2,0.24,121.7,Strong,2.8
TRN04402,Tunnel,DES,modp768(1),On,IPv4,email,804.2,10.8,0.5,0.18,241.0,Weak,8.7
TRN03035,Tunnel,AES-256-GCM,modp2048(14),Off,IPv6,video_streaming,1259.7,68.9,0.5,0.85,192.7,Medium,4.3
TRN00902,Transport,AES-128,modp4096(16),On,IPv4,dns_query,98.8,2.4,0.5,0.12,227.7,Strong,0.7
TRN02297,Transport,AES-256-GCM,modp4096(16),Off,IPv6,voip,138.3,48.1,0.5,0.14,178.7,Strong,0.9
TRN02772,Transport,DES,modp8192(21),Off,IPv6,web_browsing,530.5,20.1,0.5,0.43,64.3,Medium,4.6
TRN00297,Transport,3DES,modp8192(21),On,IPv6,dns_query,93.3,0.3,2.4,0.06,181.1,Strong,1.0
TRN07623,Transport,DES,modp8192(21),Off,IPv4,web_browsing,332.5,18.4,0.5,0.22,173.5,Medium,5.5
TRN00058,Tunnel,AES-128,modp3072(15),On,IPv6,web_browsing,418.5,17.8,0.5,0.42,188.8,Medium,3.9
TRN05830,Tunnel,AES-192,modp3072(15),On,IPv4,whatsapp_msg,131.2,4.7,0.5,0.28,165.0,Medium,5.5
TRN03036,Transport,3DES,modp2048(14),Off,IPv4,whatsapp_msg,173.5,6.6,0.5,0.19,139.3,Weak,9.4
TRN06975,Tunnel,3DES,modp1024(2),Off,IPv4,dns_query,89.0,1.8,2.0,0.1,105.7,Weak,9.2
TRN05642,Transport,DES,modp2048(14),Off,IPv6,email,764.8,3.6,0.5,0.34,178.4,Weak,10.0
TRN05286,Tunnel,AES-256,modp4096(16),On,IPv6,icmp,58.7,2.4,5.2,0.01,159.8,Strong,1.7
TRN05403,Transport,AES-192,modp1536(5),Off,IPv6,voip,131.4,49.2,237.7,0.18,225.1,Weak,8.3
TRN02604,Tunnel,DES,modp8192(21),Off,IPv4,video_streaming,1404.1,91.1,0.5,0.65,141.8,Medium,6.7
TRN06164,Transport,3DES,modp1536(5),On,IPv6,voip,167.8,45.7,0.5,0.11,192.3,Weak,7.8
TRN00296,Tunnel,DES,modp3072(15),Off,IPv6,icmp,54.8,1.7,15.0,0.07,145.3,Weak,7.8
TRN02581,Transport,AES-192,modp4096(16),Off,IPv4,icmp,69.5,1.1,17.6,0.05,157.1,Medium,4.5
TRN03284,Transport,AES-256,modp4096(16),On,IPv6,icmp,61.5,1.2,4.2,0.03,159.7,Strong,2.5
TRN03203,Transport,3DES,modp1024(2),Off,IPv6,email,858.6,11.5,0.5,0.27,165.1,Weak,7.1
TRN00649,Tunnel,3DES,modp3072(15),On,IPv4,icmp,60.7,2.6,0.5,0.05,124.5,Medium,4.9
TRN01371,Transport,DES,modp768(1),Off,IPv4,whatsapp_msg,109.3,6.2,11.2,0.35,136.6,Weak,9.5
TRN05635,Transport,AES-256-GCM,modp768(1),On,IPv4,voip,142.0,60.0,0.5,0.2,142.5,Medium,4.3
TRN04158,Transport,AES-128,modp6144(17),Off,IPv6,icmp,58.7,2.1,0.5,0.03,155.5,Strong,1.5
TRN05610,Transport,3DES,modp2048(14),On,IPv6,file_transfer,1400.0,149.4,36.6,0.89,197.9,Medium,6.4
TRN05158,Transport,DES,modp6144(17),On,IPv4,file_transfer,1348.6,132.5,197.5,0.69,137.6,Medium,6.6
TRN05611,Transport,AES-256-GCM,modp2048(14),On,IPv4,video_streaming,1401.1,78.7,463.9,0.63,226.0,Strong,2.0
TRN00682,Transport,AES-128,modp1536(5),On,IPv4,voip,141.9,37.5,0.5,0.07,178.3,Medium,4.7
TRN00435,Tunnel,AES-256-GCM,modp2048(14),Off,IPv6,dns_query,68.4,4.5,0.5,0.09,183.7,Strong,3.0
TRN04646,Tunnel,AES-256-GCM,modp768(1),On,IPv4,web_browsing,271.8,17.3,20.4,0.53,176.8,Medium,5.5
TRN03687,Tunnel,AES-256-GCM,modp4096(16),Off,IPv4,web_browsing,400.8,13.7,0.5,0.53,90.3,Strong,0.3
TRN01490,Transport,AES-256,modp1024(2),Off,IPv6,whatsapp_msg,162.8,3.3,0.5,0.4,219.3,Weak,7.1
TRN00813,Tunnel,AES-192,modp3072(15),Off,IPv4,video_streaming,1460.7,100.3,66.6,0.61,206.3,Medium,5.4
TRN01883,Tunnel,DES,modp8192(21),On,IPv6,whatsapp_msg,168.8,7.4,2.1,0.18,212.7,Medium,5.8
TRN08019,Tunnel,AES-128,modp8192(21),On,IPv4,file_transfer,1459.1,103.4,0.5,0.55,193.8,Strong,0.4
TRN06309,Tunnel,AES-256,modp768(1),Off,IPv4,video_streaming,1194.3,122.0,675.1,0.6,112.5,Weak,9.0
TRN01941,Transport,AES-256,modp6144(17),Off,IPv6,icmp,60.6,1.6,0.5,0.02,132.4,Strong,2.2
TRN03027,Transport,AES-256-GCM,modp6144(17),Off,IPv4,file_transfer,1469.1,97.5,61.1,0.78,201.3,Strong,2.8
TRN07604,Tunnel,AES-128,modp6144(17),On,IPv6,file_transfer,1382.1,116.5,115.2,0.83,190.6,Strong,0.9
TRN04534,Transport,AES-128,modp4096(16),On,IPv4,icmp,58.3,2.0,0.5,0.0,162.5,Strong,1.2
TRN01182,Transport,AES-256-GCM,modp2048(14),Off,IPv4,icmp,74.7,1.3,0.5,0.06,267.2,Strong,2.0
TRN01376,Transport,AES-128,modp1024(2),Off,IPv4,email,415.0,12.3,34.1,0.45,220.9,Weak,6.4
TRN06889,Transport,DES,modp768(1),Off,IPv4,web_browsing,300.0,13.9,12.9,0.21,108.6,Weak,6.5
TRN03287,Transport,AES-256-GCM,modp4096(16),On,IPv6,email,276.9,8.9,0.5,0.44,282.4,Strong,0.5
TRN00627,Tunnel,AES-192,modp4096(16),Off,IPv6,video_streaming,1299.8,111.8,0.5,0.61,171.7,Strong,2.8
TRN07175,Transport,3DES,modp6144(17),On,IPv4,whatsapp_msg,132.8,4.3,0.5,0.31,206.7,Medium,2.8
TRN01670,Transport,AES-256,modp2048(14),On,IPv4,voip,127.6,59.2,0.5,0.3,191.1,Medium,3.3
TRN02113,Tunnel,DES,modp4096(16),On,IPv4,dns_query,78.6,2.9,0.5,0.09,136.8,Medium,5.1
TRN03366,Tunnel,AES-256,modp6144(17),Off,IPv4,web_browsing,323.0,14.1,0.5,0.38,168.6,Strong,0.4
TRN02616,Transport,AES-256-GCM,modp8192(21),On,IPv4,voip,134.2,41.9,461.2,0.12,121.4,Strong,1.1
TRN05271,Transport,AES-192,modp1024(2),Off,IPv6,email,430.9,10.2,9.9,0.42,159.5,Weak,5.8
TRN00085,Tunnel,AES-256,modp1536(5),On,IPv6,voip,133.8,37.9,390.6,0.21,170.7,Medium,5.5
TRN05629,Transport,3DES,modp2048(14),On,IPv4,email,456.4,11.5,53.8,0.42,184.4,Weak,9.2
TRN03617,Transport,AES-256,modp1024(2),Off,IPv6,file_transfer,1374.9,89.2,116.7,1.0,164.7,Medium,6.1
TRN02284,Transport,DES,modp1536(5),Off,IPv4,email,852.8,6.6,0.5,0.13,181.0,Weak,6.9
TRN03729,Tunnel,AES-256-GCM,modp2048(14),On,IPv4,icmp,59.1,2.2,20.8,0.05,191.8,Strong,3.4
TRN07461,Transport,AES-128,modp1536(5),Off,IPv6,web_browsing,498.0,18.4,17.6,0.67,168.6,Weak,8.9
TRN00419,Tunnel,AES-128,modp1536(5),On,IPv6,dns_query,67.2,5.1,0.5,0.13,152.1,Weak,7.6
TRN07106,Transport,AES-192,modp3072(15),On,IPv6,whatsapp_msg,183.5,4.4,2.8,0.26,182.9,Medium,6.6
TRN07019,Transport,AES-192,modp6144(17),On,IPv6,video_streaming,1207.5,90.0,412.7,0.56,96.8,Strong,2.3
TRN02358,Tunnel,AES-192,modp4096(16),Off,IPv4,icmp,70.4,2.9,14.4,0.06,149.1,Medium,3.2
TRN06075,Tunnel,AES-256-GCM,modp1024(2),On,IPv6,icmp,48.4,1.8,8.0,0.02,145.5,Medium,4.0
TRN01367,Transport,3DES,modp2048(14),On,IPv4,voip,112.7,45.8,52.2,0.17,150.4,Weak,7.6
TRN00294,Tunnel,DES,modp6144(17),On,IPv6,dns_query,55.3,2.2,0.5,0.08,197.6,Medium,5.1
TRN08507,Transport,DES,modp6144(17),On,IPv4,web_browsing,492.1,9.7,12.0,0.78,76.2,Medium,3.6
TRN01507,Tunnel,AES-256,modp8192(21),Off,IPv6,video_streaming,1310.5,94.2,0.5,0.35,100.9,Strong,0.6
TRN08048,Transport,DES,modp4096(16),On,IPv4,web_browsing,366.1,5.1,0.5,0.54,138.5,Medium,3.6
TRN07744,Transport,3DES,modp1024(2),Off,IPv4,icmp,61.6,1.9,0.5,0.06,231.2,Weak,8.8
TRN01635,Tunnel,AES-256,modp6144(17),Off,IPv4,icmp,70.4,0.5,21.3,0.05,102.5,Strong,2.1
TRN05857,Transport,3DES,modp1024(2),On,IPv4,web_browsing,400.8,18.0,0.5,0.33,152.0,Weak,8.0
TRN06804,Transport,3DES,modp6144(17),On,IPv4,web_browsing,420.0,3.8,0.5,0.35,120.9,Medium,4.6
TRN02827,Transport,3DES,modp1536(5),On,IPv6,whatsapp_msg,145.3,10.0,13.7,0.22,77.9,Weak,9.4
TRN05083,Tunnel,AES-256-GCM,modp1536(5),On,IPv6,icmp,63.7,1.7,0.5,0.03,220.7,Medium,3.9
TRN01564,Tunnel,AES-128,modp768(1),Off,IPv4,video_streaming,1111.6,72.7,43.1,0.55,161.1,Weak,8.3
TRN07402,Transport,AES-256,modp1536(5),Off,IPv6,email,915.1,12.0,26.6,0.4,245.3,Medium,6.5
TRN04437,Transport,3DES,modp1024(2),Off,IPv6,voip,109.8,51.3,0.5,0.18,153.9,Weak,8.4
TRN01980,Transport,AES-128,modp6144(17),On,IPv6,voip,117.3,42.0,0.5,0.29,158.2,Strong,1.9
TRN01884,Tunnel,3DES,modp2048(14),Off,IPv6,icmp,62.2,1.2,14.9,0.04,126.7,Weak,8.0
TRN00439,Transport,3DES,modp768(1),Off,IPv6,file_transfer,1432.2,119.3,0.5,0.88,128.4,Weak,8.5
TRN07431,Tunnel,3DES,modp6144(17),On,IPv6,video_streaming,1036.9,105.7,146.5,0.56,69.0,Medium,4.2
TRN05479,Transport,AES-128,modp1536(5),On,IPv6,icmp,59.2,2.5,0.5,0.06,178.9,Weak,10.0
TRN08602,Transport,AES-192,modp4096(16),On,IPv6,voip,81.6,37.0,0.5,0.23,151.5,Strong,0.9
TRN07532,Tunnel,AES-256,modp1536(5),On,IPv4,icmp,76.2,2.5,9.5,0.06,211.9,Medium,4.2
TRN02281,Tunnel,AES-256,modp8192(21),On,IPv4,icmp,64.4,2.3,0.5,0.04,204.8,Strong,0.3
TRN03108,Tunnel,AES-256-GCM,modp768(1),On,IPv6,voip,97.5,46.6,503.4,0.27,114.6,Weak,9.2
TRN07408,Transport,3DES,modp1536(5),Off,IPv6,dns_query,51.6,3.7,1.8,0.1,161.3,Weak,9.5
TRN06495,Tunnel,AES-256,modp2048(14),Off,IPv4,web_browsing,337.7,5.7,25.3,0.6,71.3,Medium,4.4
TRN00374,Tunnel,DES,modp8192(21),Off,IPv6,voip,97.4,29.1,211.9,0.15,199.9,Medium,5.2
TRN04251,Transport,AES-256-GCM,modp768(1),On,IPv4,whatsapp_msg,143.0,4.6,9.1,0.33,133.6,Medium,5.8
TRN02586,Tunnel,AES-128,modp768(1),On,IPv4,web_browsing,326.4,18.2,8.3,0.35,171.8,Weak,9.0
TRN08012,Tunnel,3DES,modp1024(2),Off,IPv4,file_transfer,1406.6,130.9,0.5,0.7,106.2,Weak,9.1
TRN06446,Tunnel,3DES,modp1536(5),On,IPv4,dns_query,75.0,3.7,0.5,0.09,245.8,Weak,9.1
TRN06902,Transport,AES-256,modp4096(16),On,IPv4,dns_query,70.4,2.9,0.5,0.08,141.8,Strong,1.8
TRN05808,Tunnel,AES-192,modp768(1),On,IPv6,icmp,61.1,1.5,0.5,0.04,163.6,Weak,9.2
TRN01785,Transport,AES-256-GCM,modp4096(16),On,IPv4,dns_query,94.5,2.5,2.1,0.11,181.6,Strong,2.5
TRN05305,Transport,AES-256,modp2048(14),Off,IPv4,web_browsing,433.1,19.5,0.5,0.56,91.9,Medium,4.8
TRN04487,Transport,DES,modp1024(2),On,IPv4,video_streaming,986.8,84.1,588.4,0.69,248.3,Weak,7.3
TRN06342,Transport,AES-256-GCM,modp6144(17),On,IPv6,icmp,50.8,1.9,0.5,0.06,141.1,Strong,1.8
TRN06590,Tunnel,AES-192,modp1024(2),On,IPv4,dns_query,66.0,2.3,0.5,0.09,181.5,Medium,5.6
TRN03007,Tunnel,DES,modp8192(21),On,IPv6,dns_query,63.0,3.0,0.5,0.12,164.8,Medium,3.3
TRN04863,Tunnel,DES,modp1024(2),On,IPv4,whatsapp_msg,117.6,8.7,0.5,0.26,100.0,Weak,7.2
TRN02836,Tunnel,AES-128,modp3072(15),Off,IPv6,dns_query,99.8,4.1,0.5,0.08,148.8,Medium,4.8
TRN04515,Tunnel,AES-128,modp6144(17),Off,IPv4,whatsapp_msg,170.3,9.9,14.0,0.31,157.3,Strong,2.4
TRN07472,Tunnel,AES-192,modp1536(5),Off,IPv6,email,652.1,9.1,27.0,0.3,244.4,Medium,4.9
TRN05729,Tunnel,DES,modp1536(5),On,IPv6,file_transfer,1465.0,145.1,0.5,0.84,166.9,Weak,8.2
TRN08281,Tunnel,AES-256-GCM,modp2048(14),On,IPv4,web_browsing,529.3,9.8,18.1,0.64,186.1,Strong,1.3
TRN04767,Tunnel,AES-256-GCM,modp2048(14),On,IPv4,whatsapp_msg,105.3,9.7,14.2,0.16,81.4,Strong,1.2
TRN04770,Tunnel,AES-256-GCM,modp6144(17),Off,IPv4,whatsapp_msg,165.2,7.2,0.5,0.24,142.2,Strong,2.6
TRN07973,Transport,DES,modp768(1),On,IPv4,whatsapp_msg,121.0,5.8,17.6,0.26,126.1,Weak,7.4
TRN08508,Transport,AES-256,modp1024(2),On,IPv6,video_streaming,1105.1,91.9,0.5,0.72,135.1,Medium,5.9
TRN01542,Transport,AES-192,modp3072(15),On,IPv4,dns_query,88.7,5.7,0.5,0.07,151.8,Medium,4.3
TRN07482,Tunnel,3DES,modp3072(15),Off,IPv4,file_transfer,1469.0,145.3,158.7,0.9,208.5,Medium,3.8
TRN00323,Transport,DES,modp2048(14),Off,IPv4,web_browsing,296.9,15.1,49.7,0.2,103.3,Weak,7.8
TRN02032,Tunnel,AES-256,modp3072(15),On,IPv6,voip,96.7,52.1,308.4,0.19,129.2,Strong,3.0
TRN00994,Transport,AES-256,modp6144(17),Off,IPv4,video_streaming,1100.8,108.9,76.6,0.68,129.5,Strong,0.3
TRN06819,Tunnel,AES-256,modp6144(17),Off,IPv4,whatsapp_msg,231.2,3.6,0.5,0.25,131.4,Strong,2.0
TRN07564,Tunnel,AES-128,modp6144(17),On,IPv6,icmp,57.3,2.0,14.6,0.06,169.5,Strong,3.3
TRN06085,Tunnel,AES-192,modp768(1),On,IPv4,whatsapp_msg,93.5,10.4,4.4,0.35,218.4,Weak,8.5
TRN03147,Tunnel,AES-192,modp4096(16),Off,IPv6,icmp,72.6,2.3,0.5,0.04,150.5,Strong,1.2
TRN06341,Tunnel,AES-128,modp3072(15),On,IPv6,icmp,64.6,2.8,0.5,0.09,170.2,Medium,3.5
TRN02185,Tunnel,AES-192,modp6144(17),Off,IPv4,file_transfer,1422.2,96.6,4.4,0.82,88.3,Strong,1.5
TRN00111,Tunnel,AES-192,modp4096(16),Off,IPv6,dns_query,59.3,2.5,3.3,0.09,100.1,Strong,1.1
TRN08705,Transport,DES,modp8192(21),Off,IPv6,web_browsing,396.0,12.5,0.5,0.52,113.1,Medium,4.7
TRN08137,Tunnel,AES-256,modp2048(14),On,IPv6,file_transfer,1445.0,164.9,164.3,1.0,107.5,Strong,2.4
TRN01080,Tunnel,3DES,modp768(1),On,IPv6,voip,127.3,51.9,199.4,0.13,258.4,Weak,8.7
TRN02227,Transport,DES,modp2048(14),On,IPv6,file_transfer,1385.6,133.6,158.3,0.83,204.6,Weak,7.9
TRN02882,Transport,3DES,modp1024(2),On,IPv4,dns_query,55.6,2.9,0.8,0.1,60.9,Weak,7.7
TRN08212,Transport,AES-256,modp2048(14),On,IPv6,web_browsing,446.4,10.9,10.8,0.52,197.4,Strong,2.1
TRN05497,Transport,AES-256,modp3072(15),Off,IPv6,whatsapp_msg,144.4,4.0,0.5,0.31,102.4,Medium,5.1
TRN07004,Tunnel,AES-256,modp3072(15),On,IPv4,voip,134.8,60.1,0.5,0.25,80.2,Strong,1.8
TRN01165,Tunnel,AES-128,modp3072(15),On,IPv6,email,574.7,2.6,12.0,0.22,147.7,Medium,5.6
TRN06765,Transport,AES-128,modp6144(17),On,IPv4,web_browsing,557.5,13.1,0.5,0.51,172.9,Strong,2.1
TRN01451,Tunnel,AES-128,modp1024(2),Off,IPv6,voip,108.6,49.9,0.5,0.11,163.1,Weak,8.7
TRN07462,Tunnel,DES,modp6144(17),On,IPv6,voip,116.5,45.0,66.5,0.17,149.4,Medium,6.4
TRN06506,Tunnel,AES-256,modp3072(15),On,IPv4,web_browsing,382.6,9.9,29.3,0.75,118.8,Medium,5.5
TRN04928,Tunnel,DES,modp8192(21),Off,IPv6,video_streaming,1125.4,107.6,0.5,0.67,316.0,Medium,3.8
TRN07582,Transport,AES-256,modp3072(15),Off,IPv6,dns_query,56.3,2.7,0.5,0.15,46.7,Medium,5.5
TRN08485,Transport,AES-128,modp2048(14),Off,IPv4,voip,100.3,50.8,0.5,0.23,168.9,Medium,3.1
TRN06216,Transport,AES-256,modp3072(15),On,IPv6,dns_query,81.0,2.8,0.5,0.09,102.2,Strong,3.1
TRN06885,Transport,AES-256,modp4096(16),On,IPv4,web_browsing,50.8,11.9,0.5,0.42,139.1,Strong,1.9
TRN03648,Transport,DES,modp768(1),On,IPv4,email,362.9,11.3,17.8,0.26,133.5,Weak,8.5
TRN06505,Transport,AES-128,modp6144(17),On,IPv4,web_browsing,290.4,11.4,9.5,0.53,181.4,Strong,0.4
TRN08191,Tunnel,AES-256,modp6144(17),Off,IPv4,voip,117.7,44.6,412.4,0.1,143.3,Strong,0.9
TRN05157,Tunnel,AES-192,modp3072(15),On,IPv6,email,753.5,6.8,2.1,0.26,116.5,Strong,1.1
TRN08027,Transport,AES-128,modp3072(15),On,IPv6,whatsapp_msg,194.8,7.6,25.2,0.33,182.0,Medium,5.0
TRN07247,Transport,DES,modp1536(5),Off,IPv6,voip,113.9,32.4,32.9,0.17,158.9,Weak,8.6
TRN01515,Transport,AES-128,modp3072(15),Off,IPv6,dns_query,99.0,1.6,1.3,0.08,201.4,Medium,3.7
TRN02314,Transport,3DES,modp768(1),Off,IPv4,video_streaming,1149.2,74.6,0.5,0.42,137.0,Weak,8.0
TRN08228,Tunnel,DES,modp768(1),Off,IPv6,web_browsing,498.2,7.9,41.8,0.22,120.6,Weak,8.2
TRN01452,Transport,DES,modp4096(16),On,IPv6,icmp,66.0,2.1,0.5,0.03,200.4,Medium,4.0
TRN02021,Tunnel,AES-256,modp8192(21),On,IPv4,email,842.7,5.4,14.1,0.35,153.8,Strong,0.7
TRN03412,Transport,3DES,modp3072(15),Off,IPv6,web_browsing,230.4,14.5,0.5,0.6,197.3,Weak,7.0
TRN08216,Tunnel,AES-256-GCM,modp2048(14),On,IPv6,voip,131.4,41.2,835.2,0.14,179.1,Strong,0.9
TRN04086,Transport,AES-192,modp2048(14),Off,IPv4,video_streaming,1099.7,90.9,0.5,0.55,169.4,Medium,5.0
TRN04505,Transport,DES,modp2048(14),Off,IPv4,video_streaming,989.2,82.2,825.2,0.66,123.4,Weak,7.6
TRN00839,Tunnel,AES-256-GCM,modp1536(5),On,IPv6,dns_query,98.9,4.2,0.5,0.13,155.2,Medium,3.0
TRN08923,Transport,AES-256,modp4096(16),Off,IPv6,voip,86.6,59.9,111.2,0.15,172.8,Strong,2.6
TRN02375,Transport,3DES,modp6144(17),On,IPv4,email,1071.4,13.0,29.1,0.4,138.4,Medium,6.7
TRN04953,Tunnel,AES-256,modp8192(21),Off,IPv4,whatsapp_msg,83.0,7.7,0.5,0.23,129.1,Strong,0.3
TRN02907,Transport,AES-192,modp3072(15),Off,IPv6,voip,116.7,39.2,0.5,0.07,90.8,Medium,4.5
TRN08932,Tunnel,AES-256-GCM,modp2048(14),On,IPv6,dns_query,75.4,1.3,1.5,0.06,160.9,Strong,2.2
TRN03338,Transport,DES,modp1024(2),On,IPv6,voip,151.8,36.2,81.2,0.15,148.9,Weak,8.8
TRN06176,Transport,AES-128,modp2048(14),On,IPv6,video_streaming,1194.6,81.5,0.5,0.63,133.7,Medium,3.5
TRN07379,Transport,AES-128,modp1536(5),Off,IPv4,whatsapp_msg,87.7,1.7,10.4,0.26,132.0,Weak,9.4
TRN00451,Tunnel,AES-256,modp3072(15),Off,IPv4,video_streaming,1046.9,77.7,1468.2,0.74,80.1,Strong,1.8
TRN04454,Transport,DES,modp4096(16),On,IPv6,email,710.6,3.4,2.9,0.33,97.8,Medium,3.3
TRN01715,Tunnel,AES-128,modp1024(2),On,IPv4,video_streaming,976.0,116.4,522.9,0.39,130.9,Weak,8.4
TRN05260,Tunnel,AES-192,modp8192(21),On,IPv4,voip,96.3,50.8,0.5,0.17,254.7,Strong,1.1
TRN04735,Tunnel,3DES,modp768(1),Off,IPv6,dns_query,95.2,2.4,3.5,0.1,210.9,Weak,10.0
TRN00340,Transport,3DES,modp3072(15),On,IPv6,web_browsing,211.0,6.9,37.8,0.4,89.9,Medium,4.3
TRN08038,Tunnel,AES-256-GCM,modp3072(15),Off,IPv6,icmp,79.3,2.0,0.5,0.07,159.5,Strong,2.7
TRN04982,Tunnel,3DES,modp4096(16),On,IPv6,email,698.5,7.6,0.5,0.26,181.3,Medium,4.1
TRN04122,Transport,DES,modp6144(17),On,IPv6,web_browsing,595.1,19.2,0.5,0.42,133.2,Medium,3.5
TRN07364,Transport,DES,modp8192(21),Off,IPv4,video_streaming,1465.2,120.3,0.5,0.53,120.8,Medium,4.8
TRN02671,Tunnel,DES,modp1024(2),Off,IPv6,dns_query,85.7,3.8,0.5,0.15,175.8,Weak,9.5
TRN01420,Tunnel,DES,modp1536(5),Off,IPv6,web_browsing,329.7,11.8,20.9,0.65,171.7,Weak,7.8
TRN00035,Transport,DES,modp3072(15),Off,IPv4,dns_query,88.8,4.6,0.5,0.04,128.7,Weak,8.7
TRN07299,Transport,AES-256,modp3072(15),Off,IPv6,web_browsing,380.6,11.0,0.5,0.82,113.4,Strong,1.2
TRN05846,Tunnel,AES-192,modp4096(16),On,IPv6,icmp,65.4,2.2,28.0,0.05,146.6,Strong,1.3
TRN03162,Transport,AES-128,modp768(1),Off,IPv6,web_browsing,610.5,25.6,0.5,0.58,125.6,Weak,6.0
TRN08356,Transport,AES-128,modp6144(17),On,IPv6,icmp,46.4,1.8,20.0,0.05,157.1,Strong,1.6
TRN01411,Tunnel,3DES,modp2048(14),On,IPv4,voip,130.8,46.6,0.5,0.14,190.7,Medium,5.5
TRN04150,Transport,AES-128,modp8192(21),Off,IPv4,icmp,53.8,2.4,9.6,0.01,94.1,Strong,3.0
TRN02171,Transport,3DES,modp4096(16),Off,IPv4,video_streaming,1210.0,106.1,1323.0,0.65,120.2,Medium,4.5
TRN08368,Tunnel,AES-256,modp2048(14),Off,IPv6,icmp,62.4,1.8,13.9,0.02,117.2,Medium,4.5
TRN00890,Tunnel,AES-256,modp6144(17),On,IPv4,voip,105.2,47.6,225.5,0.24,207.0,Strong,2.6
TRN08454,Transport,AES-192,modp1536(5),Off,IPv4,file_transfer,1430.9,143.6,17.0,0.77,135.6,Medium,4.5
TRN03083,Tunnel,AES-128,modp768(1),On,IPv6,email,615.6,10.6,17.8,0.44,222.2,Weak,7.3
TRN08912,Tunnel,AES-128,modp6144(17),On,IPv4,whatsapp_msg,165.6,6.1,0.5,0.15,191.1,Strong,1.3
TRN02245,Tunnel,AES-256-GCM,modp1024(2),On,IPv6,icmp,70.0,1.8,3.5,0.04,138.2,Medium,4.0
TRN04265,Transport,3DES,modp1024(2),Off,IPv4,dns_query,86.5,3.8,3.0,0.09,157.4,Weak,8.3
TRN08014,Transport,AES-256-GCM,modp8192(21),On,IPv4,video_streaming,1131.7,121.1,0.5,0.67,213.6,Strong,0.3
TRN08512,Transport,AES-256-GCM,modp8192(21),Off,IPv4,dns_query,82.0,2.6,0.6,0.11,170.1,Strong,2.3
TRN05703,Transport,3DES,modp3072(15),On,IPv4,email,481.1,4.4,7.0,0.5,181.5,Medium,5.8
TRN00433,Transport,AES-256,modp3072(15),On,IPv6,voip,135.0,51.5,604.8,0.19,137.0,Strong,1.4
TRN01655,Tunnel,DES,modp1536(5),Off,IPv6,video_streaming,1095.4,73.5,1270.5,0.68,36.6,Weak,9.7
TRN00179,Transport,DES,modp3072(15),On,IPv6,web_browsing,309.3,22.6,7.5,0.65,125.0,Medium,2.9
TRN04384,Tunnel,AES-256-GCM,modp4096(16),Off,IPv4,file_transfer,1419.5,119.5,0.5,0.75,108.2,Strong,0.9
TRN06736,Transport,AES-256-GCM,modp768(1),On,IPv6,web_browsing,344.3,11.5,10.6,0.63,158.9,Medium,5.8
TRN07335,Tunnel,3DES,modp768(1),Off,IPv4,video_streaming,1175.4,73.8,1191.7,0.49,21.7,Weak,8.6
TRN02998,Tunnel,AES-256-GCM,modp3072(15),On,IPv4,icmp,62.9,1.4,0.5,0.06,176.5,Strong,0.9
TRN01887,Tunnel,AES-192,modp6144(17),On,IPv4,video_streaming,900.1,78.9,0.5,0.66,169.4,Strong,1.8
TRN08076,Tunnel,AES-256-GCM,modp6144(17),Off,IPv4,dns_query,83.9,3.9,0.5,0.15,157.0,Strong,0.9
TRN01787,Tunnel,AES-256-GCM,modp1536(5),On,IPv6,voip,114.2,45.8,0.5,0.22,188.1,Medium,6.6
TRN04395,Tunnel,AES-256,modp8192(21),Off,IPv4,icmp,56.8,2.1,14.9,0.04,216.2,Strong,3.0
TRN08037,Tunnel,3DES,modp8192(21),On,IPv6,email,562.6,8.2,3.6,0.33,146.0,Medium,5.5
TRN04490,Tunnel,AES-256-GCM,modp4096(16),On,IPv4,video_streaming,1238.0,120.7,0.5,0.73,137.0,Strong,2.1
TRN02182,Tunnel,AES-192,modp768(1),On,IPv4,file_transfer,1376.8,124.1,167.8,0.85,57.1,Weak,10.0
TRN07249,Transport,DES,modp3072(15),On,IPv6,video_streaming,1186.8,108.6,188.7,0.49,151.3,Weak,8.7
TRN06868,Transport,AES-256,modp6144(17),On,IPv6,dns_query,92.4,1.1,1.2,0.1,178.5,Strong,1.1
TRN02070,Tunnel,AES-256,modp4096(16),Off,IPv4,video_streaming,1275.7,107.1,1068.3,0.64,198.4,Strong,0.3
TRN06451,Tunnel,AES-192,modp1536(5),On,IPv6,file_transfer,1373.8,121.0,139.1,0.89,107.3,Medium,7.4
TRN04907,Transport,AES-256,modp6144(17),On,IPv4,dns_query,75.6,2.4,3.0,0.1,183.1,Strong,2.3
TRN08661,Transport,AES-192,modp8192(21),Off,IPv6,icmp,69.4,1.7,7.6,0.05,166.3,Strong,2.0
TRN00881,Transport,AES-192,modp1536(5),Off,IPv4,whatsapp_msg,96.8,6.1,0.5,0.22,130.9,Medium,4.1
TRN04713,Tunnel,AES-256-GCM,modp2048(14),Off,IPv4,email,708.6,10.8,0.5,0.29,148.3,Strong,1.0
TRN04925,Transport,AES-128,modp1024(2),On,IPv6,email,428.3,11.9,6.9,0.29,136.4,Weak,8.4
TRN08098,Transport,DES,modp6144(17),On,IPv6,voip,118.4,67.1,0.5,0.16,212.1,Medium,3.5
TRN06686,Transport,AES-128,modp1536(5),Off,IPv6,dns_query,77.6,4.1,1.2,0.1,200.7,Weak,8.7
TRN04135,Tunnel,AES-128,modp2048(14),Off,IPv6,whatsapp_msg,212.5,6.6,0.5,0.36,176.4,Medium,6.6
TRN03791,Tunnel,AES-256,modp3072(15),Off,IPv4,web_browsing,451.6,10.4,0.5,0.48,175.6,Strong,3.0
TRN04920,Transport,AES-256,modp2048(14),On,IPv4,web_browsing,557.7,12.7,0.5,0.68,115.4,Strong,0.9
TRN02888,Transport,AES-192,modp8192(21),Off,IPv4,web_browsing,503.4,9.0,0.5,0.52,177.7,Strong,1.8
TRN05838,Transport,DES,modp1536(5),Off,IPv6,video_streaming,1393.2,96.7,1707.7,0.77,227.3,Weak,9.5
TRN01707,Tunnel,DES,modp4096(16),On,IPv4,file_transfer,1360.1,83.6,290.6,0.82,162.6,Medium,5.1
TRN01159,Transport,AES-256,modp3072(15),On,IPv4,whatsapp_msg,227.5,3.7,5.1,0.21,135.8,Strong,2.3
TRN02307,Transport,AES-256,modp8192(21),Off,IPv6,file_transfer,1438.4,145.8,0.5,0.88,132.7,Strong,2.2
TRN07184,Transport,AES-256-GCM,modp1024(2),On,IPv6,voip,104.7,47.5,142.6,0.14,133.0,Medium,4.0
TRN07681,Transport,AES-192,modp6144(17),Off,IPv4,file_transfer,1369.0,106.5,113.6,0.68,163.2,Strong,2.3
TRN05354,Tunnel,3DES,modp1536(5),Off,IPv4,dns_query,83.7,2.9,4.3,0.06,191.5,Weak,7.1
TRN08965,Transport,DES,modp1024(2),Off,IPv4,video_streaming,976.4,82.3,50.2,0.38,41.8,Weak,7.9
TRN06265,Tunnel,AES-192,modp3072(15),Off,IPv4,file_transfer,1335.3,145.3,0.5,0.74,216.1,Medium,6.2
TRN07384,Tunnel,AES-256-GCM,modp3072(15),On,IPv4,file_transfer,1328.0,140.9,0.5,0.86,139.0,Strong,2.9
TRN08833,Transport,AES-256-GCM,modp768(1),On,IPv6,dns_query,75.6,3.7,0.5,0.11,102.1,Medium,3.9
TRN07031,Transport,AES-256,modp3072(15),On,IPv6,whatsapp_msg,212.9,3.8,0.5,0.3,140.9,Strong,2.7
TRN04561,Tunnel,3DES,modp1536(5),On,IPv6,voip,152.5,37.5,233.9,0.26,135.7,Weak,8.2
TRN01565,Tunnel,AES-128,modp1536(5),On,IPv4,file_transfer,1310.6,103.2,0.5,0.79,115.8,Weak,8.5
TRN01783,Transport,AES-256,modp3072(15),On,IPv6,email,730.7,7.0,0.5,0.39,115.6,Strong,1.2
TRN03800,Tunnel,3DES,modp768(1),On,IPv4,email,245.7,5.2,23.9,0.35,137.4,Weak,8.3
TRN03606,Transport,AES-192,modp3072(15),Off,IPv6,web_browsing,461.1,17.2,23.2,0.4,145.7,Medium,5.0
TRN03150,Transport,3DES,modp2048(14),Off,IPv6,voip,89.2,35.6,0.5,0.18,172.1,Weak,9.0
TRN00905,Transport,3DES,modp3072(15),On,IPv6,email,674.7,12.1,16.0,0.25,185.3,Medium,4.8
TRN08701,Transport,DES,modp1024(2),Off,IPv6,icmp,63.6,1.7,4.3,0.04,214.5,Weak,9.7
TRN04608,Tunnel,AES-256,modp6144(17),On,IPv4,icmp,76.2,2.6,0.5,0.05,119.4,Strong,0.3
TRN07362,Tunnel,AES-256-GCM,modp8192(21),On,IPv6,file_transfer,1424.6,135.4,0.5,0.9,100.2,Strong,2.4
TRN06074,Transport,3DES,modp6144(17),On,IPv6,email,538.0,7.0,14.3,0.18,163.8,Medium,3.6
TRN02081,Transport,AES-128,modp768(1),Off,IPv4,dns_query,56.0,3.0,1.6,0.15,126.3,Weak,8.6
TRN01566,Tunnel,AES-256-GCM,modp3072(15),On,IPv4,whatsapp_msg,105.6,5.9,2.4,0.2,180.0,Strong,2.5
TRN04819,Tunnel,AES-256-GCM,modp3072(15),On,IPv6,voip,129.5,45.8,185.5,0.25,87.3,Strong,2.1
TRN08255,Tunnel,AES-192,modp4096(16),On,IPv4,whatsapp_msg,212.0,3.6,2.5,0.13,170.3,Strong,1.8
TRN05205,Transport,AES-256,modp4096(16),On,IPv6,voip,97.5,64.7,99.2,0.09,126.2,Strong,1.5
TRN03545,Transport,AES-256-GCM,modp4096(16),On,IPv4,whatsapp_msg,176.1,4.4,8.8,0.26,193.1,Strong,2.1
TRN05600,Tunnel,AES-128,modp4096(16),On,IPv6,email,634.5,8.3,12.2,0.09,139.7,Medium,5.3
TRN05379,Transport,3DES,modp3072(15),Off,IPv6,icmp,67.8,1.5,0.5,0.02,143.4,Weak,8.6
TRN05994,Transport,AES-192,modp3072(15),Off,IPv6,voip,104.5,38.4,0.5,0.24,106.3,Medium,6.0
TRN05187,Transport,DES,modp768(1),On,IPv4,file_transfer,1506.4,135.2,19.3,0.79,198.5,Weak,9.7
TRN01114,Tunnel,AES-192,modp1536(5),Off,IPv6,voip,131.5,37.6,152.4,0.24,159.7,Medium,4.7
TRN02647,Transport,DES,modp8192(21),Off,IPv6,video_streaming,1590.0,86.7,1180.9,0.71,158.8,Medium,5.2
TRN04581,Tunnel,AES-128,modp6144(17),On,IPv4,dns_query,85.8,2.8,2.4,0.11,172.4,Strong,2.6
TRN05763,Tunnel,3DES,modp6144(17),Off,IPv4,icmp,55.9,3.1,7.6,0.09,139.5,Medium,3.4
TRN07090,Transport,AES-256-GCM,modp1024(2),On,IPv6,dns_query,100.7,4.0,3.6,0.09,143.8,Medium,4.7
TRN05266,Transport,AES-256-GCM,modp8192(21),Off,IPv4,video_streaming,1254.5,93.6,0.5,0.73,55.1,Strong,1.5
TRN02301,Tunnel,AES-256,modp6144(17),Off,IPv6,web_browsing,256.5,20.8,0.5,0.54,104.8,Strong,2.1
TRN08558,Transport,3DES,modp2048(14),Off,IPv4,voip,127.6,42.4,0.5,0.24,150.6,Weak,9.2
TRN00255,Transport,AES-128,modp1024(2),Off,IPv4,icmp,60.2,2.2,8.1,0.02,156.3,Weak,6.8
TRN07009,Transport,DES,modp1536(5),On,IPv6,email,954.3,10.9,0.5,0.24,121.9,Weak,10.0
TRN03353,Tunnel,AES-192,modp768(1),Off,IPv6,video_streaming,1356.5,64.7,422.5,0.59,182.0,Weak,7.5
TRN03315,Transport,AES-128,modp1536(5),Off,IPv6,file_transfer,1401.2,133.2,239.3,0.79,136.2,Weak,7.8
TRN05695,Tunnel,3DES,modp6144(17),On,IPv6,whatsapp_msg,111.4,6.0,9.5,0.31,188.7,Medium,4.3
TRN05683,Tunnel,AES-256,modp1536(5),On,IPv6,web_browsing,365.5,22.9,41.7,0.62,79.1,Medium,4.3
TRN07624,Transport,AES-128,modp8192(21),On,IPv6,file_transfer,1484.8,102.7,287.3,0.7,154.1,Strong,1.0
TRN06464,Tunnel,3DES,modp8192(21),Off,IPv6,email,449.4,10.8,11.8,0.52,97.8,Medium,3.8
TRN05412,Tunnel,AES-192,modp3072(15),On,IPv4,icmp,57.8,2.3,0.5,0.06,132.3,Strong,1.1
TRN02590,Transport,3DES,modp768(1),On,IPv6,video_streaming,1142.0,90.1,1229.6,0.7,208.1,Weak,8.9
TRN07086,Transport,AES-128,modp8192(21),Off,IPv4,voip,146.9,57.2,0.5,0.24,155.7,Strong,1.8
TRN00304,Transport,3DES,modp8192(21),Off,IPv6,web_browsing,433.0,20.9,0.5,0.73,249.3,Medium,5.7
TRN05021,Tunnel,AES-256,modp1024(2),On,IPv4,video_streaming,1161.8,110.2,770.9,0.5,223.6,Medium,5.9
TRN03151,Tunnel,3DES,modp1024(2),Off,IPv4,file_transfer,1355.2,100.1,28.2,0.84,170.4,Weak,8.2
TRN05541,Transport,AES-192,modp1536(5),Off,IPv4,email,495.8,7.2,0.5,0.27,179.1,Medium,4.9
TRN03827,Tunnel,AES-128,modp1536(5),On,IPv6,icmp,44.7,1.2,18.7,0.05,81.2,Weak,7.6
TRN03020,Tunnel,DES,modp3072(15),On,IPv6,web_browsing,346.3,18.7,0.5,0.46,172.5,Weak,9.0
TRN01437,Transport,AES-128,modp8192(21),On,IPv4,dns_query,53.0,2.7,0.5,0.11,172.9,Strong,1.3
TRN03033,Tunnel,3DES,modp3072(15),Off,IPv4,icmp,57.7,1.0,7.7,0.08,182.1,Medium,4.2
TRN06728,Tunnel,AES-256,modp768(1),Off,IPv6,icmp,62.0,3.2,19.6,0.08,83.0,Weak,7.4
TRN00377,Tunnel,AES-256,modp4096(16),On,IPv4,file_transfer,1376.8,149.7,590.0,0.73,171.3,Strong,0.9
TRN01870,Transport,AES-256,modp3072(15),Off,IPv6,voip,112.6,47.7,0.5,0.18,217.0,Medium,4.2
TRN08757,Tunnel,AES-128,modp6144(17),On,IPv6,email,770.2,10.3,0.5,0.27,102.7,Strong,2.3
TRN03144,Tunnel,3DES,modp2048(14),On,IPv4,video_streaming,1205.7,83.7,626.7,0.61,188.3,Medium,4.1
TRN08085,Transport,3DES,modp4096(16),On,IPv4,video_streaming,1265.7,92.9,641.5,0.77,128.5,Medium,7.1
TRN01659,Tunnel,AES-256-GCM,modp6144(17),On,IPv6,voip,101.4,45.5,400.1,0.22,154.6,Strong,1.7
TRN00756,Tunnel,DES,modp4096(16),On,IPv6,web_browsing,402.1,17.4,0.5,0.26,70.7,Medium,2.8
TRN06881,Transport,AES-192,modp1536(5),On,IPv6,web_browsing,467.5,2.6,0.5,0.28,155.5,Medium,4.6
TRN04368,Transport,AES-192,modp1024(2),On,IPv4,video_streaming,1314.6,102.3,414.3,0.78,191.0,Medium,4.2
TRN06499,Tunnel,AES-128,modp2048(14),On,IPv6,whatsapp_msg,144.7,3.8,0.5,0.29,61.8,Medium,5.5
TRN00291,Tunnel,AES-256,modp768(1),On,IPv6,email,717.9,12.3,0.5,0.29,87.6,Weak,8.1
TRN02237,Tunnel,AES-256-GCM,modp1536(5),On,IPv4,icmp,50.3,2.1,17.2,0.02,103.4,Medium,2.9
TRN04794,Tunnel,AES-128,modp1024(2),Off,IPv6,video_streaming,1324.2,63.8,1329.9,0.72,184.8,Weak,7.0
TRN07375,Tunnel,AES-192,modp4096(16),On,IPv4,video_streaming,1262.4,96.4,0.5,0.57,133.3,Strong,3.0
TRN02119,Transport,AES-256-GCM,modp1024(2),On,IPv4,whatsapp_msg,236.9,3.1,0.5,0.21,131.9,Medium,4.8
TRN06233,Transport,AES-192,modp768(1),Off,IPv6,dns_query,64.6,3.1,4.0,0.06,170.6,Weak,10.0
TRN08251,Transport,3DES,modp4096(16),On,IPv4,dns_query,82.8,3.0,6.4,0.09,180.3,Medium,5.0
TRN00502,Tunnel,AES-256-GCM,modp1024(2),On,IPv4,whatsapp_msg,131.5,0.4,0.5,0.33,111.3,Medium,3.6
TRN03769,Tunnel,AES-256-GCM,modp2048(14),Off,IPv6,file_transfer,1287.1,102.1,81.5,0.76,121.2,Strong,2.6
TRN05043,Transport,AES-192,modp1536(5),Off,IPv6,email,620.8,9.7,0.5,0.24,127.8,Weak,10.0
TRN08521,Transport,DES,modp6144(17),Off,IPv4,video_streaming,1012.3,98.2,194.9,0.63,147.1,Medium,6.1
TRN01540,Transport,AES-256-GCM,modp1024(2),Off,IPv4,email,595.7,2.7,11.7,0.14,165.2,Medium,4.2
TRN04950,Tunnel,DES,modp6144(17),On,IPv4,file_transfer,1429.4,135.1,0.5,0.8,180.3,Medium,2.9
TRN01212,Tunnel,3DES,modp6144(17),On,IPv4,voip,116.1,41.1,333.2,0.21,152.4,Medium,5.0
TRN07553,Transport,AES-256,modp8192(21),Off,IPv4,whatsapp_msg,211.0,8.0,0.5,0.25,203.1,Strong,0.8
TRN08199,Transport,DES,modp2048(14),On,IPv6,web_browsing,308.0,14.5,30.4,0.17,91.7,Weak,6.7
TRN00673,Tunnel,DES,modp1024(2),Off,IPv6,dns_query,74.6,3.6,3.3,0.11,126.4,Weak,7.0
TRN06420,Transport,3DES,modp8192(21),On,IPv4,file_transfer,1325.4,93.6,22.6,0.52,94.1,Strong,1.4
TRN05168,Tunnel,AES-128,modp4096(16),Off,IPv4,dns_query,69.4,2.8,0.5,0.07,210.6,Medium,2.6
TRN02955,Transport,AES-128,modp768(1),On,IPv6,whatsapp_msg,155.0,8.0,5.2,0.18,133.9,Weak,7.3
TRN05724,Tunnel,AES-192,modp3072(15),Off,IPv4,icmp,57.6,2.7,10.4,0.05,131.2,Medium,3.5
TRN05145,Transport,AES-192,modp2048(14),Off,IPv4,dns_query,94.8,1.1,0.5,0.13,191.2,Medium,4.3
TRN08939,Tunnel,AES-256,modp8192(21),On,IPv6,file_transfer,1433.7,89.6,267.8,0.87,148.0,Strong,2.3
TRN01465,Tunnel,DES,modp8192(21),Off,IPv4,dns_query,85.6,2.5,3.5,0.06,171.6,Medium,5.8
TRN05165,Tunnel,AES-192,modp8192(21),Off,IPv4,dns_query,92.6,2.0,0.5,0.14,123.1,Strong,1.1
TRN08140,Tunnel,AES-256,modp2048(14),Off,IPv6,whatsapp_msg,100.8,2.3,10.7,0.37,150.8,Medium,4.2
TRN01193,Transport,AES-256-GCM,modp3072(15),Off,IPv6,whatsapp_msg,115.8,7.6,0.5,0.27,161.9,Strong,1.4
TRN03273,Transport,AES-128,modp3072(15),Off,IPv6,icmp,77.7,2.3,0.5,0.03,178.8,Medium,4.7
TRN02265,Tunnel,DES,modp768(1),Off,IPv6,video_streaming,949.0,86.3,27.8,0.59,30.7,Weak,8.1
TRN00422,Tunnel,AES-192,modp1536(5),On,IPv6,web_browsing,300.5,21.4,0.5,0.72,247.4,Medium,4.9
TRN00506,Tunnel,DES,modp8192(21),On,IPv4,icmp,65.4,1.2,4.1,0.04,117.3,Medium,4.7
TRN06519,Transport,AES-192,modp2048(14),On,IPv6,voip,130.8,37.8,212.3,0.18,142.3,Medium,4.1
TRN02624,Tunnel,AES-256,modp2048(14),Off,IPv4,dns_query,105.1,3.5,0.5,0.12,206.7,Medium,5.0
TRN01583,Tunnel,AES-192,modp6144(17),Off,IPv4,web_browsing,356.2,19.2,9.6,0.57,167.3,Strong,1.6
TRN00507,Transport,AES-128,modp2048(14),On,IPv4,whatsapp_msg,214.6,3.4,0.5,0.26,247.4,Medium,3.4
TRN03740,Tunnel,AES-256-GCM,modp8192(21),On,IPv4,voip,131.9,44.6,0.5,0.08,148.8,Strong,0.4
TRN02406,Tunnel,AES-192,modp6144(17),Off,IPv6,file_transfer,1343.0,103.5,397.2,0.99,142.0,Strong,1.8
TRN08258,Tunnel,AES-256,modp768(1),Off,IPv6,video_streaming,1331.9,83.2,442.1,0.57,174.1,Weak,8.7
TRN05020,Transport,DES,modp4096(16),Off,IPv6,voip,84.0,28.1,0.5,0.19,136.6,Medium,5.9
TRN00622,Transport,AES-192,modp2048(14),Off,IPv6,dns_query,94.1,2.5,0.5,0.18,149.3,Medium,4.4
TRN02127,Tunnel,AES-128,modp2048(14),Off,IPv4,dns_query,74.4,2.6,0.5,0.08,78.0,Medium,5.6
TRN08366,Tunnel,3DES,modp6144(17),On,IPv4,video_streaming,1071.3,91.4,0.5,0.5,145.9,Medium,3.9
TRN04867,Transport,3DES,modp8192(21),On,IPv4,video_streaming,904.0,87.5,623.0,0.47,227.2,Strong,1.5
TRN03788,Tunnel,3DES,modp1536(5),On,IPv6,voip,133.8,40.6,162.7,0.28,188.6,Weak,7.7
TRN02934,Tunnel,DES,modp768(1),On,IPv4,file_transfer,1372.4,130.2,26.5,0.8,67.3,Weak,7.7
TRN08342,Tunnel,DES,modp768(1),Off,IPv6,video_streaming,1185.8,79.9,839.2,0.74,225.7,Weak,8.5
TRN00348,Tunnel,3DES,modp8192(21),Off,IPv4,voip,76.1,56.4,141.4,0.27,56.0,Medium,5.3
TRN00798,Tunnel,AES-128,modp3072(15),On,IPv4,voip,122.7,52.7,160.0,0.25,217.8,Medium,5.2
TRN07747,Tunnel,3DES,modp768(1),On,IPv4,email,511.9,7.8,16.0,0.4,150.6,Weak,7.7
TRN02830,Tunnel,DES,modp8192(21),Off,IPv4,whatsapp_msg,154.1,6.5,0.5,0.24,205.0,Medium,3.7
TRN04563,Tunnel,AES-192,modp1536(5),On,IPv4,file_transfer,1391.0,94.9,140.7,0.81,214.7,Medium,3.3
TRN08382,Tunnel,DES,modp768(1),On,IPv6,voip,124.2,40.6,361.2,0.21,128.6,Weak,8.3
TRN07548,Transport,DES,modp3072(15),On,IPv4,whatsapp_msg,208.8,7.9,2.9,0.23,179.0,Weak,8.3
TRN08691,Tunnel,AES-128,modp8192(21),Off,IPv4,web_browsing,340.7,21.2,29.1,0.71,175.8,Strong,3.2
TRN00313,Transport,DES,modp3072(15),Off,IPv4,voip,123.6,44.0,198.1,0.27,151.6,Weak,9.6
TRN04630,Tunnel,3DES,modp3072(15),On,IPv6,whatsapp_msg,131.9,8.0,2.0,0.22,152.9,Medium,2.7
TRN00747,Tunnel,DES,modp3072(15),On,IPv6,file_transfer,1421.0,141.8,147.4,0.81,110.1,Medium,5.8
TRN00791,Transport,AES-256-GCM,modp6144(17),On,IPv4,file_transfer,1440.4,117.5,0.5,0.86,180.3,Strong,3.6
TRN02477,Transport,AES-192,modp4096(16),On,IPv6,whatsapp_msg,132.4,5.7,0.5,0.28,182.7,Strong,2.3
TRN02025,Transport,AES-192,modp6144(17),On,IPv6,web_browsing,518.1,8.1,23.6,0.42,188.9,Strong,2.7
TRN06281,Transport,AES-192,modp3072(15),Off,IPv6,file_transfer,1431.1,110.2,0.5,0.7,97.7,Medium,3.2
TRN02571,Tunnel,3DES,modp6144(17),On,IPv6,voip,120.5,43.3,96.3,0.25,175.3,Medium,5.1
TRN03464,Transport,AES-128,modp1024(2),On,IPv4,voip,111.1,35.4,276.6,0.27,97.5,Weak,8.4
TRN04253,Tunnel,DES,modp4096(16),Off,IPv6,icmp,66.7,3.1,0.5,0.04,185.7,Medium,4.1
TRN08440,Transport,AES-256-GCM,modp4096(16),On,IPv4,web_browsing,318.1,18.9,0.5,0.74,152.3,Strong,1.9
TRN05408,Tunnel,AES-256-GCM,modp8192(21),Off,IPv6,video_streaming,1482.6,97.9,0.5,0.53,239.7,Strong,0.9
TRN04334,Tunnel,3DES,modp4096(16),On,IPv6,video_streaming,1391.7,94.2,0.5,0.56,160.8,Medium,3.5
TRN04623,Transport,DES,modp8192(21),On,IPv6,file_transfer,1334.0,142.3,0.5,1.0,135.1,Medium,3.9
TRN00260,Transport,3DES,modp8192(21),On,IPv6,whatsapp_msg,168.8,6.9,5.1,0.16,139.2,Medium,5.6
TRN02164,Tunnel,AES-256-GCM,modp4096(16),On,IPv4,voip,128.6,37.2,0.5,0.22,137.2,Strong,0.9
TRN08238,Tunnel,AES-256-GCM,modp768(1),Off,IPv4,dns_query,101.3,0.3,0.5,0.08,131.6,Medium,3.0
TRN00381,Transport,AES-128,modp1536(5),Off,IPv6,whatsapp_msg,100.0,4.7,1.4,0.21,136.9,Weak,7.2
TRN04908,Transport,AES-192,modp768(1),On,IPv6,icmp,60.0,2.1,0.5,0.05,202.6,Weak,6.8
TRN04292,Tunnel,AES-192,modp3072(15),Off,IPv4,dns_query,75.5,3.8,0.5,0.15,183.8,Medium,6.8
TRN01913,Transport,DES,modp6144(17),On,IPv4,icmp,69.6,1.7,0.5,0.04,66.0,Medium,6.0
TRN03310,Tunnel,AES-256-GCM,modp2048(14),On,IPv6,icmp,56.5,1.5,2.4,0.07,108.1,Strong,2.6
TRN00600,Tunnel,AES-256,modp2048(14),Off,IPv6,dns_query,92.9,4.5,0.5,0.12,124.8,Medium,3.2
TRN00046,Tunnel,3DES,modp3072(15),Off,IPv6,voip,122.2,49.1,103.4,0.25,157.3,Medium,2.5
TRN01445,Transport,AES-128,modp768(1),Off,IPv4,voip,154.7,49.7,0.5,0.14,122.4,Weak,5.9
TRN01653,Transport,3DES,modp6144(17),On,IPv4,file_transfer,1437.5,117.2,374.2,0.85,81.7,Medium,6.7
TRN02700,Tunnel,DES,modp768(1),On,IPv6,voip,121.3,42.1,104.1,0.16,170.8,Weak,8.0
TRN07910,Tunnel,AES-192,modp1536(5),On,IPv6,icmp,52.6,1.5,7.8,0.07,98.4,Medium,2.8
TRN01894,Tunnel,AES-192,modp4096(16),On,IPv6,video_streaming,1101.1,93.8,726.2,0.53,104.8,Strong,1.8
TRN01945,Transport,AES-256,modp3072(15),On,IPv4,web_browsing,387.2,14.1,0.5,0.63,141.5,Strong,1.7
TRN02407,Tunnel,AES-128,modp6144(17),Off,IPv6,voip,134.3,50.4,0.5,0.2,185.9,Strong,1.3
TRN05362,Transport,AES-192,modp1024(2),On,IPv4,voip,96.6,46.0,0.5,0.23,99.0,Medium,3.5
TRN08789,Transport,3DES,modp2048(14),Off,IPv4,email,530.4,11.3,0.5,0.29,106.4,Weak,7.6
TRN04993,Transport,AES-192,modp4096(16),Off,IPv6,video_streaming,1051.2,86.7,922.7,0.59,106.7,Strong,2.8
TRN01967,Transport,AES-192,modp2048(14),Off,IPv4,video_streaming,955.8,85.3,1160.8,0.59,217.5,Medium,5.0
TRN03028,Tunnel,AES-256-GCM,modp2048(14),On,IPv4,dns_query,70.5,2.6,0.5,0.09,289.0,Strong,1.5
TRN05862,Tunnel,DES,modp3072(15),Off,IPv4,whatsapp_msg,164.9,1.2,0.5,0.25,127.6,Weak,8.8
TRN05754,Tunnel,AES-256-GCM,modp1024(2),On,IPv4,web_browsing,313.7,14.7,39.0,0.33,157.9,Medium,3.8
TRN05622,Tunnel,AES-256-GCM,modp2048(14),On,IPv6,email,839.7,5.0,19.3,0.25,29.9,Strong,0.3
TRN01601,Tunnel,AES-256,modp4096(16),Off,IPv6,web_browsing,371.0,14.8,0.5,0.38,182.8,Strong,1.7
TRN06007,Transport,AES-256-GCM,modp1024(2),On,IPv4,web_browsing,182.4,23.0,20.6,0.3,153.4,Medium,4.3
TRN01393,Tunnel,AES-192,modp2048(14),On,IPv4,whatsapp_msg,164.4,8.0,3.4,0.34,128.7,Medium,3.6
TRN04523,Tunnel,AES-256,modp8192(21),On,IPv4,web_browsing,333.4,15.0,14.2,0.36,243.2,Strong,1.5
TRN05358,Transport,3DES,modp1536(5),On,IPv4,icmp,68.2,2.4,9.9,0.08,151.5,Weak,6.5
TRN04157,Tunnel,DES,modp768(1),On,IPv6,icmp,69.9,1.8,0.5,0.07,144.9,Weak,8.1
TRN04255,Tunnel,DES,modp1536(5),Off,IPv4,whatsapp_msg,109.7,6.3,2.5,0.37,96.1,Weak,9.0
TRN06496,Transport,3DES,modp4096(16),On,IPv6,file_transfer,1436.3,155.7,0.5,0.6,117.4,Medium,5.3
TRN00427,Transport,AES-128,modp768(1),Off,IPv6,whatsapp_msg,128.3,5.6,0.6,0.18,202.6,Weak,9.7
TRN06124,Tunnel,AES-192,modp1024(2),On,IPv4,web_browsing,569.5,13.3,7.6,0.4,88.3,Medium,3.9
TRN08900,Transport,3DES,modp3072(15),On,IPv4,video_streaming,1121.6,99.6,212.2,0.72,213.0,Weak,9.5
TRN00411,Tunnel,DES,modp768(1),On,IPv6,file_transfer,1412.1,103.2,17.7,0.79,130.6,Weak,7.8
TRN08178,Transport,AES-128,modp8192(21),On,IPv6,whatsapp_msg,141.6,10.9,6.7,0.27,163.6,Strong,0.6
TRN08004,Transport,3DES,modp8192(21),Off,IPv4,voip,110.5,32.2,260.8,0.17,133.1,Medium,5.5
TRN04512,Transport,AES-256-GCM,modp8192(21),On,IPv6,web_browsing,479.5,13.2,22.6,0.75,133.6,Strong,0.3
TRN02487,Transport,AES-128,modp1536(5),On,IPv6,icmp,55.4,2.2,6.4,0.05,107.6,Medium,5.1
TRN08308,Tunnel,3DES,modp8192(21),Off,IPv6,dns_query,54.2,2.5,0.5,0.06,212.2,Medium,4.6
TRN00780,Transport,AES-256-GCM,modp8192(21),Off,IPv4,web_browsing,548.5,3.8,10.9,0.26,30.1,Strong,2.3
TRN04378,Transport,AES-256,modp768(1),On,IPv6,web_browsing,386.6,15.2,67.4,0.21,214.5,Medium,3.4
TRN08300,Transport,AES-256-GCM,modp4096(16),On,IPv4,whatsapp_msg,168.2,6.1,3.3,0.39,125.1,Strong,1.9
TRN05539,Transport,AES-256-GCM,modp2048(14),Off,IPv6,email,677.1,8.8,0.5,0.35,151.6,Medium,4.8
TRN00211,Transport,DES,modp768(1),On,IPv6,voip,107.9,50.0,0.5,0.23,149.6,Weak,7.0
TRN02488,Transport,AES-256-GCM,modp4096(16),On,IPv4,whatsapp_msg,68.6,8.5,14.9,0.24,168.2,Strong,1.0
TRN06138,Transport,3DES,modp3072(15),On,IPv4,video_streaming,962.6,79.4,0.5,0.52,129.7,Medium,6.0
TRN04935,Transport,AES-256,modp6144(17),On,IPv6,file_transfer,1404.8,169.3,0.5,0.74,137.0,Strong,2.7
TRN05836,Tunnel,AES-256-GCM,modp4096(16),On,IPv4,email,764.8,13.8,0.5,0.4,86.4,Strong,1.6
TRN07854,Tunnel,AES-256,modp1024(2),Off,IPv6,dns_query,97.7,4.8,2.3,0.16,159.2,Weak,9.4
TRN01050,Tunnel,AES-128,modp6144(17),On,IPv6,voip,87.7,32.8,323.3,0.21,77.4,Strong,1.8
TRN08090,Transport,DES,modp1536(5),On,IPv6,video_streaming,1434.2,84.6,723.6,0.44,187.8,Weak,9.1
TRN04732,Transport,AES-192,modp768(1),On,IPv4,icmp,61.8,2.6,3.3,0.05,162.8,Weak,8.5
TRN08135,Transport,AES-256,modp3072(15),On,IPv6,web_browsing,360.6,24.1,0.5,0.52,115.6,Strong,3.0
TRN04210,Transport,AES-128,modp2048(14),On,IPv4,file_transfer,1421.7,129.9,354.8,0.81,168.5,Medium,3.5
TRN08589,Tunnel,3DES,modp2048(14),Off,IPv6,voip,120.7,49.7,231.8,0.19,113.1,Weak,7.9
TRN05551,Transport,AES-128,modp2048(14),On,IPv4,whatsapp_msg,190.8,5.9,0.5,0.33,217.8,Medium,3.1
TRN01973,Tunnel,3DES,modp3072(15),Off,IPv6,whatsapp_msg,211.7,5.4,16.7,0.26,79.9,Weak,8.5
TRN08506,Tunnel,AES-192,modp4096(16),On,IPv4,email,774.5,11.1,5.0,0.26,136.9,Strong,1.1
TRN02100,Transport,3DES,modp3072(15),Off,IPv4,web_browsing,378.5,13.0,0.5,0.3,162.9,Weak,8.4
TRN01500,Tunnel,3DES,modp3072(15),On,IPv6,web_browsing,622.3,8.7,0.5,0.44,84.2,Medium,3.9
TRN01110,Transport,DES,modp1024(2),Off,IPv6,video_streaming,1286.5,83.1,397.8,0.53,168.1,Weak,7.9
TRN05567,Tunnel,AES-256-GCM,modp4096(16),On,IPv6,voip,113.0,42.5,0.5,0.19,155.8,Strong,2.8
TRN05752,Transport,AES-256,modp8192(21),On,IPv4,file_transfer,1400.6,115.4,179.8,0.84,108.3,Strong,2.2
TRN00653,Transport,AES-128,modp6144(17),On,IPv6,whatsapp_msg,104.7,4.5,0.5,0.23,177.9,Strong,1.9
TRN06401,Tunnel,3DES,modp4096(16),On,IPv4,voip,108.3,40.7,0.5,0.28,125.3,Medium,6.6
TRN02733,Transport,AES-192,modp6144(17),Off,IPv6,email,802.6,7.7,20.2,0.42,154.5,Strong,0.8
TRN00243,Tunnel,AES-256-GCM,modp768(1),Off,IPv6,dns_query,58.8,2.4,0.5,0.08,121.7,Weak,6.5
TRN01796,Tunnel,AES-192,modp1024(2),On,IPv4,video_streaming,1370.4,93.2,0.5,0.48,121.8,Medium,3.7
TRN01703,Tunnel,AES-128,modp1024(2),Off,IPv6,whatsapp_msg,210.3,5.1,0.5,0.31,156.2,Weak,10.0
TRN03956,Transport,AES-256,modp768(1),Off,IPv4,file_transfer,1434.0,142.1,0.5,0.79,132.3,Weak,8.6
TRN05616,Transport,AES-256-GCM,modp8192(21),On,IPv6,dns_query,73.2,1.7,0.7,0.14,141.5,Strong,1.6
TRN04149,Transport,AES-192,modp4096(16),Off,IPv6,video_streaming,1269.6,86.5,85.7,0.65,201.5,Strong,3.4
TRN01499,Tunnel,AES-192,modp1536(5),Off,IPv4,dns_query,79.2,3.6,0.5,0.12,229.0,Medium,5.7
TRN02757,Transport,AES-256,modp1536(5),On,IPv4,email,653.3,6.3,0.5,0.36,196.8,Medium,6.4
TRN03535,Transport,3DES,modp3072(15),Off,IPv4,video_streaming,1122.3,92.2,574.8,0.69,81.9,Weak,8.9
TRN05061,Tunnel,AES-128,modp2048(14),Off,IPv6,video_streaming,1100.9,88.4,0.5,0.54,144.9,Medium,5.6
TRN02179,Tunnel,DES,modp768(1),On,IPv4,dns_query,91.7,2.6,0.5,0.1,119.1,Weak,8.0
TRN07534,Tunnel,AES-128,modp6144(17),Off,IPv4,video_streaming,1302.1,89.0,303.8,0.59,247.1,Strong,0.3
TRN04363,Transport,3DES,modp4096(16),Off,IPv6,dns_query,71.2,3.0,4.0,0.1,105.9,Medium,5.3
TRN08061,Tunnel,3DES,modp4096(16),On,IPv4,dns_query,84.3,5.1,1.5,0.12,96.3,Medium,5.9
TRN05199,Transport,AES-256,modp3072(15),Off,IPv6,file_transfer,1372.0,165.4,72.2,0.71,154.2,Strong,2.0
TRN06872,Transport,AES-256,modp6144(17),Off,IPv6,voip,160.5,31.3,0.5,0.24,177.4,Strong,4.0
TRN00706,Tunnel,AES-256-GCM,modp2048(14),On,IPv6,dns_query,75.0,3.9,0.5,0.1,161.1,Strong,0.7
TRN01873,Transport,3DES,modp3072(15),On,IPv4,file_transfer,1446.0,138.2,0.5,0.77,195.5,Medium,5.4
TRN03721,Transport,DES,modp768(1),Off,IPv6,whatsapp_msg,167.6,5.7,9.4,0.28,134.2,Weak,9.5
TRN04061,Transport,AES-256-GCM,modp1536(5),On,IPv4,dns_query,62.2,4.3,1.3,0.01,174.5,Medium,6.6
TRN04710,Transport,AES-256-GCM,modp4096(16),On,IPv4,dns_query,68.6,3.0,0.5,0.09,233.0,Strong,1.7
TRN05073,Tunnel,DES,modp2048(14),On,IPv6,file_transfer,1386.5,122.1,0.5,0.57,160.7,Weak,9.5
TRN08433,Tunnel,AES-192,modp6144(17),Off,IPv4,voip,113.6,53.9,316.1,0.22,190.1,Strong,1.4
TRN07992,Transport,AES-192,modp6144(17),Off,IPv6,video_streaming,1106.1,92.0,0.5,0.46,118.7,Strong,2.2
TRN04303,Transport,AES-128,modp1024(2),On,IPv6,icmp,69.1,1.6,0.5,0.05,226.2,Weak,7.3
TRN06532,Tunnel,3DES,modp1024(2),On,IPv4,email,625.5,12.2,10.2,0.34,147.7,Weak,7.4
TRN04661,Transport,AES-256,modp768(1),Off,IPv6,whatsapp_msg,164.9,5.2,1.8,0.24,141.9,Weak,8.1
TRN06812,Transport,DES,modp1024(2),On,IPv4,icmp,63.1,1.9,0.5,0.06,278.8,Weak,8.4
TRN00566,Transport,AES-192,modp4096(16),On,IPv6,email,413.2,12.0,8.4,0.52,161.1,Strong,0.4
TRN05772,Transport,3DES,modp1024(2),On,IPv6,video_streaming,1442.4,72.5,0.5,0.63,200.9,Weak,9.7
TRN07822,Transport,AES-256,modp6144(17),On,IPv4,voip,85.4,46.1,494.3,0.26,182.7,Strong,2.6
TRN08452,Tunnel,AES-256-GCM,modp1536(5),Off,IPv4,icmp,58.1,1.7,9.8,0.03,107.9,Medium,5.3
TRN02988,Transport,AES-256,modp6144(17),On,IPv4,file_transfer,1401.2,104.0,0.5,0.79,203.7,Strong,0.8
TRN00641,Transport,DES,modp1024(2),On,IPv4,icmp,70.4,1.6,2.7,0.07,131.1,Weak,9.3
TRN04792,Transport,3DES,modp2048(14),Off,IPv4,email,287.1,6.2,11.1,0.4,104.2,Weak,9.8
TRN07365,Tunnel,AES-256,modp2048(14),On,IPv4,voip,93.3,44.5,0.5,0.31,84.1,Medium,4.4
TRN02779,Transport,AES-256-GCM,modp4096(16),Off,IPv6,dns_query,77.6,3.4,2.2,0.06,190.3,Strong,2.3
TRN00508,Tunnel,DES,modp2048(14),On,IPv4,file_transfer,1382.1,116.4,47.3,0.79,254.0,Weak,6.1
TRN06056,Transport,AES-192,modp1024(2),Off,IPv6,web_browsing,375.9,11.8,25.2,0.65,124.4,Weak,7.4
TRN01965,Transport,DES,modp768(1),On,IPv6,video_streaming,832.9,97.4,0.5,0.42,224.1,Weak,8.3
TRN06493,Tunnel,AES-128,modp8192(21),Off,IPv4,voip,150.4,46.7,0.5,0.23,219.1,Strong,2.3
TRN01535,Tunnel,AES-256-GCM,modp3072(15),On,IPv4,whatsapp_msg,206.6,6.2,4.5,0.27,252.4,Strong,1.6
TRN00326,Transport,AES-256,modp3072(15),Off,IPv4,whatsapp_msg,144.1,2.8,4.0,0.29,115.8,Medium,5.1
TRN06316,Tunnel,AES-192,modp6144(17),Off,IPv4,file_transfer,1385.0,120.6,0.5,0.79,148.5,Strong,0.6
TRN02339,Tunnel,AES-256,modp2048(14),Off,IPv4,video_streaming,1295.8,69.1,290.2,0.62,102.8,Medium,5.5
TRN03411,Transport,AES-128,modp6144(17),Off,IPv6,file_transfer,1391.3,131.6,0.5,0.72,216.7,Strong,3.3
TRN04077,Transport,AES-256-GCM,modp1024(2),Off,IPv4,dns_query,95.1,3.9,2.5,0.13,206.4,Medium,5.0
TRN03650,Tunnel,AES-256-GCM,modp8192(21),On,IPv4,email,808.7,6.5,9.7,0.51,175.1,Strong,2.1
TRN02238,Transport,AES-256-GCM,modp1024(2),On,IPv4,voip,120.6,55.1,70.8,0.12,195.8,Medium,4.7
TRN06486,Transport,DES,modp1536(5),Off,IPv6,file_transfer,1359.5,130.7,0.5,0.82,164.0,Weak,9.6
TRN04602,Tunnel,AES-128,modp1536(5),Off,IPv4,icmp,73.9,1.6,0.5,0.05,147.6,Weak,7.0
TRN07339,Transport,3DES,modp1536(5),Off,IPv4,voip,130.4,48.4,844.1,0.22,260.2,Weak,8.8
TRN08699,Transport,3DES,modp6144(17),On,IPv4,file_transfer,1481.7,153.8,0.5,0.75,174.9,Medium,6.5
TRN07188,Transport,DES,modp2048(14),Off,IPv6,email,483.4,6.8,2.0,0.34,186.5,Weak,9.6
TRN03575,Tunnel,AES-192,modp8192(21),Off,IPv4,whatsapp_msg,102.6,6.1,0.5,0.22,162.1,Strong,3.5
TRN00865,Tunnel,AES-192,modp2048(14),Off,IPv4,web_browsing,271.2,17.6,0.5,0.66,56.3,Medium,5.4
TRN04723,Transport,3DES,modp768(1),On,IPv4,file_transfer,1333.6,86.8,0.5,0.87,157.6,Weak,9.1
TRN08234,Transport,AES-192,modp2048(14),Off,IPv6,dns_query,65.5,2.6,0.9,0.11,123.0,Medium,4.0
TRN03096,Tunnel,DES,modp6144(17),On,IPv4,file_transfer,1427.5,149.1,0.5,0.96,142.9,Medium,5.7
TRN04757,Tunnel,AES-128,modp1536(5),Off,IPv6,icmp,65.0,2.3,5.0,0.05,221.6,Weak,7.5
TRN02816,Transport,DES,modp6144(17),Off,IPv4,web_browsing,370.7,7.6,18.8,0.67,179.5,Medium,5.5
TRN06203,Transport,AES-192,modp8192(21),Off,IPv4,icmp,70.4,1.3,0.5,0.08,129.8,Strong,2.2
TRN05283,Transport,AES-128,modp768(1),Off,IPv4,voip,121.7,50.3,0.5,0.28,63.6,Weak,8.5
TRN00372,Tunnel,AES-256-GCM,modp8192(21),Off,IPv6,icmp,62.4,2.1,8.0,0.09,106.1,Strong,1.4
TRN04473,Tunnel,AES-256,modp1536(5),On,IPv6,icmp,65.7,3.1,0.5,0.06,106.5,Medium,5.1
TRN04610,Transport,AES-256,modp2048(14),Off,IPv6,file_transfer,1339.6,146.6,0.5,0.91,134.3,Medium,6.5
TRN05822,Tunnel,DES,modp2048(14),On,IPv6,email,172.0,5.8,0.5,0.46,171.2,Weak,9.8
TRN02543,Transport,AES-256-GCM,modp768(1),Off,IPv6,file_transfer,1498.8,116.3,161.1,0.94,136.1,Weak,9.0
TRN08588,Transport,AES-192,modp3072(15),On,IPv6,file_transfer,1352.9,127.5,8.9,0.79,84.5,Strong,2.7
TRN04748,Transport,DES,modp2048(14),Off,IPv6,whatsapp_msg,157.7,4.5,15.1,0.28,157.2,Weak,8.9
TRN06933,Transport,3DES,modp768(1),On,IPv4,email,461.3,7.6,6.9,0.43,116.1,Weak,8.3
TRN06798,Tunnel,AES-192,modp3072(15),Off,IPv4,email,739.9,0.3,14.5,0.31,120.8,Medium,6.2
TRN08804,Transport,DES,modp1024(2),On,IPv4,voip,122.7,56.2,505.6,0.19,219.5,Weak,8.9
TRN02365,Tunnel,AES-256,modp1536(5),On,IPv6,video_streaming,1293.5,90.2,1026.7,0.59,134.7,Medium,5.8
TRN05555,Tunnel,AES-192,modp8192(21),Off,IPv4,file_transfer,1393.7,124.7,77.3,0.85,94.9,Strong,1.6
TRN01361,Transport,AES-128,modp8192(21),On,IPv4,voip,118.6,57.1,587.5,0.16,85.8,Strong,1.8
TRN00912,Tunnel,AES-192,modp6144(17),Off,IPv4,video_streaming,1125.2,89.7,0.5,0.53,91.4,Strong,2.6
TRN08069,Transport,AES-192,modp1024(2),On,IPv4,web_browsing,316.1,8.5,0.5,0.81,94.3,Weak,7.8
TRN07619,Tunnel,AES-256-GCM,modp8192(21),On,IPv4,icmp,62.8,1.8,0.5,0.07,134.9,Strong,1.2
TRN05256,Tunnel,AES-128,modp2048(14),On,IPv4,file_transfer,1479.8,126.7,234.1,0.82,241.0,Medium,4.2
TRN07842,Transport,AES-192,modp6144(17),Off,IPv6,whatsapp_msg,128.6,6.1,0.5,0.35,135.9,Strong,0.8
TRN03734,Tunnel,AES-128,modp3072(15),On,IPv6,whatsapp_msg,107.5,4.3,1.9,0.36,187.5,Medium,6.3
TRN07914,Transport,AES-128,modp1536(5),Off,IPv4,voip,86.2,44.5,688.9,0.2,103.0,Weak,8.9
TRN00965,Tunnel,AES-256-GCM,modp6144(17),Off,IPv6,file_transfer,1481.0,135.3,0.5,0.77,172.4,Strong,1.3
TRN03934,Tunnel,AES-256-GCM,modp4096(16),Off,IPv6,dns_query,92.6,3.9,1.5,0.07,186.8,Strong,3.0
TRN01424,Transport,DES,modp6144(17),On,IPv6,voip,100.0,43.9,182.1,0.24,114.0,Medium,3.0
TRN00123,Tunnel,AES-256,modp1536(5),On,IPv6,icmp,64.6,1.9,22.0,0.07,126.7,Medium,3.3
TRN00480,Transport,AES-256-GCM,modp2048(14),Off,IPv6,dns_query,83.9,2.7,1.6,0.09,183.7,Strong,2.8
TRN00663,Transport,AES-256-GCM,modp4096(16),On,IPv4,icmp,68.4,2.1,1.3,0.07,152.4,Strong,1.4
TRN07376,Transport,DES,modp2048(14),Off,IPv4,icmp,59.0,0.6,0.5,0.02,140.3,Weak,6.6
TRN03705,Tunnel,AES-192,modp8192(21),On,IPv6,whatsapp_msg,141.7,5.1,0.7,0.2,88.6,Strong,2.2
TRN03249,Transport,AES-256,modp4096(16),Off,IPv6,voip,107.4,58.6,184.6,0.13,222.1,Strong,1.2
TRN06384,Tunnel,3DES,modp6144(17),On,IPv4,file_transfer,1296.9,124.7,0.5,0.99,205.3,Medium,3.4
TRN02989,Transport,DES,modp1536(5),Off,IPv4,video_streaming,1336.7,58.2,1277.0,0.73,99.5,Weak,9.1
TRN05156,Transport,DES,modp768(1),On,IPv4,icmp,61.1,1.9,0.5,0.04,194.3,Weak,9.2
TRN02777,Transport,AES-128,modp4096(16),On,IPv4,dns_query,86.5,2.4,0.5,0.12,149.8,Strong,2.4
TRN00440,Tunnel,AES-256,modp768(1),Off,IPv6,dns_query,78.2,2.7,0.5,0.1,243.5,Weak,8.0
TRN01380,Tunnel,3DES,modp4096(16),On,IPv4,email,605.9,7.9,0.5,0.17,142.8,Medium,6.7
TRN08223,Transport,AES-256,modp768(1),Off,IPv4,whatsapp_msg,147.2,3.9,2.3,0.39,155.7,Weak,7.3
TRN03383,Tunnel,AES-192,modp1024(2),On,IPv6,voip,104.1,50.6,195.5,0.23,113.0,Weak,9.2
TRN06852,Transport,AES-256,modp1536(5),On,IPv6,voip,135.8,42.0,96.7,0.16,178.2,Medium,3.6
TRN04694,Transport,AES-192,modp2048(14),Off,IPv6,voip,134.8,51.9,0.5,0.22,109.3,Medium,6.8
TRN01444,Transport,AES-192,modp4096(16),On,IPv6,icmp,71.7,2.2,0.5,0.03,190.7,Strong,2.0
TRN05360,Transport,AES-256,modp8192(21),Off,IPv4,web_browsing,416.6,13.5,41.4,0.4,230.1,Strong,2.3
TRN06707,Transport,AES-128,modp2048(14),On,IPv4,icmp,54.4,1.0,0.5,0.04,122.3,Medium,6.3
TRN01478,Tunnel,AES-256,modp6144(17),On,IPv6,web_browsing,309.0,11.1,20.0,0.48,130.8,Strong,1.6
TRN02040,Transport,3DES,modp8192(21),Off,IPv4,file_transfer,1507.2,154.0,165.0,0.85,160.2,Medium,5.6
TRN01174,Tunnel,3DES,modp768(1),Off,IPv6,icmp,57.9,1.4,20.4,0.04,159.2,Weak,9.5
TRN05538,Transport,DES,modp1024(2),On,IPv6,dns_query,61.0,4.0,1.3,0.06,176.0,Weak,7.9
TRN08239,Tunnel,AES-192,modp6144(17),On,IPv6,dns_query,80.7,3.6,3.0,0.16,134.7,Strong,1.1
TRN08349,Tunnel,DES,modp6144(17),Off,IPv4,web_browsing,454.4,17.6,0.5,0.35,80.4,Medium,4.2
TRN04897,Transport,DES,modp4096(16),On,IPv6,email,532.7,9.0,0.5,0.38,145.5,Medium,4.3
TRN05121,Transport,DES,modp1024(2),Off,IPv6,email,606.6,6.1,33.4,0.41,129.8,Weak,9.7
TRN07149,Transport,DES,modp1024(2),Off,IPv4,web_browsing,340.9,14.3,26.0,0.62,148.0,Weak,8.2
TRN02894,Transport,AES-128,modp768(1),Off,IPv6,web_browsing,306.1,17.9,29.0,0.29,55.6,Weak,8.5
TRN02670,Transport,DES,modp4096(16),On,IPv4,dns_query,75.7,3.3,2.7,0.04,147.7,Medium,4.2
TRN04232,Tunnel,AES-128,modp3072(15),On,IPv6,dns_query,44.3,4.1,0.5,0.04,202.1,Medium,4.1
TRN00280,Transport,AES-256,modp4096(16),On,IPv6,dns_query,83.0,3.5,0.5,0.06,142.9,Strong,3.3
TRN07068,Tunnel,AES-256-GCM,modp3072(15),On,IPv4,whatsapp_msg,61.9,7.7,1.2,0.25,178.4,Strong,1.4
TRN05423,Tunnel,AES-256,modp3072(15),On,IPv4,voip,85.5,38.7,544.9,0.28,137.1,Strong,0.9
TRN04921,Transport,AES-256,modp2048(14),On,IPv6,whatsapp_msg,180.3,4.8,11.9,0.19,141.1,Strong,2.1
TRN02572,Tunnel,DES,modp4096(16),On,IPv6,dns_query,94.9,2.8,1.9,0.09,109.8,Medium,3.9
TRN08310,Transport,DES,modp8192(21),Off,IPv6,icmp,67.4,1.8,8.5,0.02,180.4,Medium,3.3
TRN01102,Transport,3DES,modp6144(17),Off,IPv6,video_streaming,1253.6,73.5,694.5,0.67,237.3,Medium,3.6
TRN00569,Transport,3DES,modp3072(15),On,IPv6,file_transfer,1465.1,132.0,0.5,0.97,202.6,Medium,4.1
TRN01695,Transport,AES-192,modp4096(16),Off,IPv6,file_transfer,1372.4,115.4,14.2,0.78,172.8,Strong,1.1
TRN03183,Transport,AES-256-GCM,modp3072(15),On,IPv4,whatsapp_msg,209.2,8.2,7.8,0.25,147.7,Strong,2.2
TRN03772,Tunnel,AES-192,modp1024(2),Off,IPv6,video_streaming,1294.5,86.3,729.9,0.57,213.8,Weak,7.3
TRN03594,Transport,DES,modp768(1),Off,IPv4,whatsapp_msg,210.3,7.8,15.0,0.38,185.9,Weak,8.2
TRN08358,Tunnel,DES,modp4096(16),On,IPv4,voip,97.1,32.4,424.7,0.23,112.2,Medium,6.1
TRN03297,Transport,AES-256-GCM,modp3072(15),Off,IPv4,icmp,62.1,2.7,0.5,0.04,197.0,Strong,2.6
TRN00578,Transport,DES,modp3072(15),On,IPv4,video_streaming,1385.3,99.9,0.5,0.83,195.3,Weak,7.7
TRN00060,Tunnel,3DES,modp1536(5),Off,IPv4,icmp,69.2,2.3,12.5,0.02,112.0,Weak,9.6
TRN08150,Tunnel,AES-256-GCM,modp1536(5),Off,IPv6,email,648.3,4.9,9.8,0.29,156.1,Medium,4.4
TRN00788,Transport,AES-192,modp768(1),On,IPv6,whatsapp_msg,78.2,2.9,6.6,0.23,196.2,Weak,8.6
TRN03724,Transport,DES,modp2048(14),On,IPv6,video_streaming,1246.8,67.1,0.5,0.67,120.6,Weak,8.4
TRN04285,Transport,3DES,modp768(1),Off,IPv4,icmp,67.7,1.4,0.5,0.03,173.6,Weak,8.3
TRN03207,Transport,AES-256,modp1536(5),Off,IPv4,icmp,84.2,1.0,18.6,0.04,146.0,Medium,4.1
TRN06256,Transport,3DES,modp1024(2),On,IPv6,icmp,72.9,2.4,0.5,0.02,87.9,Weak,7.6
TRN05268,Tunnel,AES-256,modp6144(17),Off,IPv6,web_browsing,359.2,15.6,0.5,0.82,119.8,Strong,1.4
TRN05946,Tunnel,AES-256-GCM,modp1024(2),Off,IPv6,whatsapp_msg,155.0,7.7,3.8,0.19,119.9,Medium,4.7
TRN07225,Tunnel,AES-128,modp3072(15),Off,IPv4,file_transfer,1382.2,139.5,0.5,0.73,118.0,Medium,5.3
TRN03470,Tunnel,AES-192,modp6144(17),Off,IPv6,video_streaming,1092.0,87.0,0.5,0.5,144.2,Strong,2.5
TRN03323,Transport,DES,modp8192(21),On,IPv6,dns_query,55.6,3.0,0.9,0.08,148.3,Medium,3.7
TRN07189,Transport,AES-192,modp1024(2),On,IPv6,icmp,61.4,1.9,0.5,0.05,65.9,Weak,8.4
TRN04699,Transport,AES-256,modp1024(2),Off,IPv6,file_transfer,1408.3,122.2,194.9,0.66,180.0,Weak,8.2
TRN00336,Tunnel,DES,modp1024(2),Off,IPv4,icmp,66.2,1.9,0.5,0.04,180.3,Weak,9.4
TRN07163,Transport,AES-192,modp1536(5),Off,IPv6,voip,125.3,46.8,814.3,0.19,120.7,Medium,3.8
TRN04627,Tunnel,AES-256,modp1024(2),On,IPv6,video_streaming,1006.5,120.8,676.5,0.48,152.0,Medium,4.1
TRN03525,Tunnel,AES-256-GCM,modp768(1),On,IPv6,dns_query,90.2,2.2,0.6,0.08,98.8,Medium,4.2
TRN04938,Transport,3DES,modp768(1),On,IPv4,whatsapp_msg,155.7,5.9,2.9,0.28,89.0,Weak,9.7
TRN00468,Transport,AES-256-GCM,modp1024(2),On,IPv6,icmp,75.6,2.4,5.1,0.08,177.9,Medium,4.7
TRN00185,Tunnel,AES-192,modp3072(15),On,IPv4,icmp,55.5,2.1,13.1,0.05,200.5,Strong,1.5
TRN03657,Tunnel,AES-128,modp1024(2),On,IPv4,web_browsing,449.5,11.5,33.9,0.83,132.5,Weak,9.0
TRN04373,Tunnel,3DES,modp1536(5),Off,IPv6,whatsapp_msg,173.8,8.8,0.5,0.27,181.7,Weak,8.4
TRN00421,Transport,3DES,modp8192(21),On,IPv4,voip,141.5,31.0,0.5,0.21,136.8,Medium,5.5
TRN02351,Tunnel,AES-128,modp6144(17),On,IPv4,dns_query,65.7,3.4,0.5,0.07,213.8,Strong,1.3
TRN00554,Tunnel,3DES,modp6144(17),On,IPv4,voip,97.8,42.5,0.5,0.29,157.1,Medium,4.2
TRN01398,Tunnel,3DES,modp2048(14),Off,IPv4,file_transfer,1377.9,149.1,154.8,0.85,187.1,Weak,9.3
TRN01385,Tunnel,AES-256-GCM,modp1024(2),On,IPv4,icmp,65.6,1.6,23.2,0.04,165.8,Medium,4.9
TRN03574,Transport,DES,modp1536(5),Off,IPv6,whatsapp_msg,126.3,5.6,0.5,0.41,126.7,Weak,6.4
TRN04058,Transport,AES-192,modp8192(21),Off,IPv4,whatsapp_msg,146.6,6.2,4.8,0.2,167.3,Strong,2.2
TRN01761,Tunnel,AES-256,modp4096(16),Off,IPv6,dns_query,65.9,3.0,0.6,0.17,172.8,Strong,0.7
TRN03510,Transport,DES,modp1024(2),Off,IPv6,voip,125.3,49.9,262.6,0.21,127.8,Weak,7.1
TRN00298,Tunnel,AES-128,modp2048(14),On,IPv4,dns_query,70.6,2.5,1.5,0.09,89.6,Medium,5.9
TRN00444,Tunnel,AES-256,modp3072(15),On,IPv4,voip,144.7,38.6,287.2,0.23,99.0,Strong,1.7
TRN00778,Transport,AES-256-GCM,modp1536(5),On,IPv6,whatsapp_msg,189.5,0.3,12.9,0.13,185.0,Medium,3.6
TRN01120,Tunnel,AES-256-GCM,modp4096(16),Off,IPv4,icmp,56.4,2.5,3.5,0.03,172.0,Strong,2.8
TRN05228,Transport,AES-192,modp6144(17),Off,IPv4,dns_query,106.9,2.9,2.0,0.09,136.4,Strong,2.2
TRN07740,Tunnel,AES-256-GCM,modp1024(2),Off,IPv4,web_browsing,451.6,11.5,8.6,0.32,165.8,Medium,4.1
TRN06089,Transport,AES-256,modp2048(14),On,IPv4,whatsapp_msg,83.5,7.3,0.5,0.15,179.9,Strong,1.9
TRN01922,Transport,AES-256,modp8192(21),Off,IPv4,voip,130.4,45.3,554.3,0.22,186.0,Strong,1.7
TRN00656,Transport,AES-128,modp3072(15),Off,IPv4,file_transfer,1394.7,127.6,0.5,0.83,163.1,Medium,3.5
TRN08229,Transport,AES-256,modp2048(14),Off,IPv4,whatsapp_msg,99.5,9.6,0.5,0.18,295.5,Medium,5.6
TRN02230,Tunnel,AES-256,modp3072(15),On,IPv6,file_transfer,1424.7,113.0,0.5,0.61,174.4,Strong,1.6
TRN07489,Transport,DES,modp2048(14),Off,IPv4,icmp,48.7,2.8,12.3,0.07,162.9,Weak,8.2
TRN02843,Transport,3DES,modp6144(17),Off,IPv6,voip,124.3,43.6,895.3,0.3,160.0,Medium,3.7
TRN02538,Transport,3DES,modp6144(17),Off,IPv6,video_streaming,1000.3,102.8,461.3,0.66,58.1,Medium,4.2
TRN06119,Transport,AES-256-GCM,modp1536(5),On,IPv4,file_transfer,1426.0,76.0,0.5,0.88,63.0,Medium,5.5
TRN06772,Transport,DES,modp2048(14),Off,IPv6,email,611.9,7.4,0.5,0.17,127.8,Weak,7.6
TRN02541,Tunnel,DES,modp4096(16),Off,IPv6,whatsapp_msg,103.1,5.9,0.5,0.21,159.9,Weak,6.0
TRN03910,Tunnel,AES-192,modp4096(16),Off,IPv6,voip,112.6,50.2,622.9,0.19,120.7,Medium,5.9
TRN05188,Tunnel,AES-256-GCM,modp4096(16),On,IPv4,web_browsing,436.9,13.2,16.7,0.57,173.0,Strong,1.2
TRN02458,Tunnel,AES-256-GCM,modp3072(15),Off,IPv6,file_transfer,1348.0,123.3,0.5,1.0,201.9,Strong,2.2
TRN02579,Transport,AES-256,modp768(1),On,IPv6,whatsapp_msg,189.9,5.0,12.6,0.37,115.3,Weak,8.1
TRN07581,Tunnel,AES-192,modp8192(21),Off,IPv6,dns_query,107.9,3.7,0.8,0.12,214.1,Strong,0.3
TRN03456,Transport,AES-192,modp4096(16),On,IPv6,video_streaming,1284.2,74.0,53.4,0.55,193.3,Strong,1.0
TRN07838,Transport,DES,modp4096(16),On,IPv6,email,417.1,5.8,1.7,0.33,111.8,Medium,3.3
TRN02759,Transport,DES,modp8192(21),Off,IPv6,dns_query,95.2,3.0,0.5,0.13,225.9,Medium,3.8
TRN06578,Transport,DES,modp768(1),On,IPv6,icmp,57.1,2.2,0.5,0.04,175.9,Weak,9.9
TRN05930,Transport,AES-256-GCM,modp6144(17),On,IPv6,email,242.2,8.2,0.5,0.46,189.0,Strong,2.0
TRN00559,Tunnel,DES,modp3072(15),Off,IPv4,voip,91.9,50.1,357.2,0.22,180.2,Weak,9.1
TRN00321,Transport,3DES,modp6144(17),On,IPv4,web_browsing,334.9,10.1,6.5,0.67,113.1,Medium,3.4
TRN03040,Tunnel,AES-256,modp4096(16),On,IPv4,icmp,80.5,1.9,3.8,0.04,165.4,Strong,1.3
TRN01372,Tunnel,AES-192,modp2048(14),Off,IPv4,voip,94.3,47.9,145.6,0.3,130.6,Medium,2.8
TRN08656,Tunnel,AES-256-GCM,modp2048(14),On,IPv4,file_transfer,1374.7,123.7,0.5,0.64,192.6,Strong,0.6
TRN00908,Tunnel,AES-256,modp768(1),Off,IPv6,email,857.2,14.5,0.5,0.32,165.9,Weak,8.2
TRN05332,Transport,DES,modp1536(5),On,IPv6,email,788.0,5.5,0.5,0.34,178.8,Weak,7.1
TRN01434,Tunnel,3DES,modp1024(2),Off,IPv6,icmp,61.2,1.8,6.5,0.05,151.8,Weak,8.7
TRN07794,Tunnel,DES,modp4096(16),Off,IPv4,email,773.4,10.3,0.5,0.17,120.0,Medium,5.0
TRN05397,Tunnel,3DES,modp1536(5),On,IPv6,email,699.7,10.5,0.5,0.39,105.1,Weak,9.4
TRN08415,Tunnel,AES-192,modp8192(21),Off,IPv6,icmp,61.6,2.7,13.0,0.07,115.0,Strong,0.3
TRN07298,Tunnel,AES-192,modp768(1),On,IPv6,whatsapp_msg,148.1,6.5,2.7,0.08,195.0,Weak,6.9
TRN06851,Transport,AES-128,modp6144(17),Off,IPv4,file_transfer,1359.4,140.5,179.1,0.8,211.8,Medium,5.4
TRN03160,Tunnel,AES-128,modp768(1),Off,IPv4,voip,147.6,35.1,223.6,0.22,55.1,Weak,7.2
TRN06941,Tunnel,AES-192,modp768(1),Off,IPv4,whatsapp_msg,210.4,8.6,0.5,0.46,162.0,Weak,9.4
TRN00927,Transport,AES-192,modp3072(15),On,IPv4,dns_query,98.2,4.4,0.5,0.07,133.8,Medium,5.4
TRN04952,Tunnel,AES-256-GCM,modp6144(17),On,IPv6,web_browsing,312.0,16.3,12.6,0.83,157.5,Strong,0.9
TRN02471,Transport,AES-256-GCM,modp768(1),On,IPv6,web_browsing,275.3,9.1,119.3,0.42,153.6,Medium,5.4
TRN00016,Tunnel,DES,modp768(1),Off,IPv6,web_browsing,370.5,19.9,3.9,0.42,105.0,Weak,7.8
TRN00144,Tunnel,DES,modp1536(5),On,IPv4,file_transfer,1451.3,116.8,0.5,0.69,98.8,Weak,7.7
TRN07815,Transport,DES,modp8192(21),On,IPv6,voip,105.4,44.1,270.9,0.25,96.7,Medium,6.4
TRN02364,Tunnel,AES-128,modp6144(17),On,IPv4,web_browsing,559.6,18.9,0.5,0.48,47.3,Strong,1.2
TRN05263,Transport,DES,modp4096(16),On,IPv6,icmp,60.1,2.1,0.5,0.05,141.1,Medium,4.0
TRN07785,Tunnel,AES-192,modp1024(2),On,IPv6,file_transfer,1378.0,154.7,221.7,0.69,148.4,Medium,3.0
TRN01162,Transport,AES-256,modp4096(16),Off,IPv6,web_browsing,445.9,8.0,71.0,0.31,176.8,Strong,1.7
TRN04722,Tunnel,AES-256-GCM,modp3072(15),Off,IPv6,dns_query,62.2,2.5,3.6,0.08,149.3,Strong,2.3
TRN03350,Transport,AES-256,modp1536(5),Off,IPv6,whatsapp_msg,170.3,9.0,1.9,0.19,182.1,Medium,5.1
TRN04412,Transport,DES,modp4096(16),Off,IPv6,whatsapp_msg,124.3,8.1,0.5,0.37,177.2,Medium,4.8
TRN05387,Transport,AES-128,modp8192(21),Off,IPv6,whatsapp_msg,188.5,9.7,0.5,0.22,128.6,Strong,2.6
TRN01205,Transport,AES-256,modp1024(2),Off,IPv4,voip,122.7,47.1,0.5,0.14,166.1,Medium,4.9
TRN06828,Tunnel,DES,modp8192(21),Off,IPv6,video_streaming,1361.5,79.8,0.5,0.63,203.8,Medium,3.3
TRN01363,Tunnel,3DES,modp3072(15),Off,IPv6,whatsapp_msg,215.2,2.2,10.0,0.16,176.4,Medium,4.6
TRN04281,Tunnel,AES-256,modp1536(5),On,IPv6,whatsapp_msg,169.6,7.8,12.6,0.3,202.9,Medium,6.5
TRN01213,Transport,3DES,modp1536(5),Off,IPv6,file_transfer,1341.4,133.6,0.5,0.74,124.9,Weak,7.5
TRN01877,Tunnel,DES,modp3072(15),Off,IPv6,file_transfer,1395.6,106.3,289.2,0.85,174.4,Weak,8.6
TRN07928,Tunnel,AES-256,modp2048(14),Off,IPv6,email,338.8,13.0,3.0,0.19,159.1,Medium,4.9
TRN07221,Tunnel,AES-256,modp6144(17),On,IPv4,icmp,52.5,2.5,0.5,0.06,166.6,Strong,0.3
TRN07385,Tunnel,3DES,modp8192(21),Off,IPv6,file_transfer,1473.6,155.1,0.5,0.69,162.5,Medium,5.1
TRN07608,Transport,AES-128,modp6144(17),Off,IPv6,video_streaming,1013.9,118.2,718.9,0.64,147.6,Medium,5.8
TRN07966,Tunnel,AES-192,modp6144(17),On,IPv4,icmp,74.7,2.0,0.5,0.02,142.1,Strong,2.0
TRN07400,Transport,AES-192,modp1024(2),On,IPv6,web_browsing,378.4,10.1,19.3,0.4,51.9,Weak,8.8
TRN01171,Tunnel,AES-128,modp8192(21),On,IPv4,email,621.3,8.3,22.3,0.25,138.4,Strong,2.5
TRN00580,Tunnel,AES-256-GCM,modp6144(17),Off,IPv4,voip,105.9,38.7,485.8,0.27,131.0,Strong,2.0
TRN02183,Tunnel,AES-256-GCM,modp1536(5),Off,IPv4,dns_query,79.7,1.4,4.5,0.1,144.2,Medium,3.7
TRN04023,Tunnel,3DES,modp4096(16),Off,IPv4,voip,147.4,57.7,119.6,0.22,113.5,Medium,5.4
TRN03625,Tunnel,AES-128,modp768(1),Off,IPv6,file_transfer,1334.6,114.9,102.7,0.86,81.4,Weak,9.6
TRN03886,Tunnel,AES-256,modp8192(21),Off,IPv6,dns_query,73.7,3.9,4.2,0.08,115.7,Strong,1.5
TRN01834,Tunnel,3DES,modp1536(5),On,IPv4,video_streaming,1011.1,89.4,0.5,0.58,107.3,Weak,7.4
TRN06721,Transport,DES,modp768(1),On,IPv4,web_browsing,388.9,22.1,41.6,0.38,40.8,Weak,7.3
TRN01826,Tunnel,AES-128,modp1024(2),Off,IPv6,dns_query,83.3,1.9,0.5,0.14,135.6,Weak,9.0
TRN06463,Transport,DES,modp3072(15),Off,IPv6,icmp,61.0,1.8,8.4,0.04,144.5,Weak,9.4
TRN01860,Tunnel,AES-128,modp6144(17),Off,IPv4,web_browsing,471.8,4.0,0.5,0.29,208.0,Strong,2.9
TRN03743,Tunnel,AES-192,modp768(1),On,IPv6,file_transfer,1425.6,89.2,131.0,0.89,133.4,Weak,9.4
TRN03616,Transport,3DES,modp8192(21),Off,IPv6,icmp,51.8,1.7,10.4,0.06,183.1,Medium,4.0
TRN02686,Transport,3DES,modp6144(17),On,IPv6,voip,132.1,39.9,54.1,0.21,100.6,Medium,6.6
TRN05126,Transport,AES-128,modp2048(14),On,IPv4,email,608.7,7.8,12.4,0.31,109.5,Medium,4.1
TRN03750,Tunnel,3DES,modp1536(5),Off,IPv6,file_transfer,1390.4,108.1,97.0,0.71,106.2,Weak,7.9
TRN04529,Tunnel,DES,modp8192(21),On,IPv4,email,540.3,11.1,0.5,0.41,162.1,Medium,4.8
TRN03122,Tunnel,DES,modp4096(16),On,IPv4,voip,121.4,47.2,0.5,0.18,112.2,Medium,5.5
TRN00388,Tunnel,AES-256-GCM,modp4096(16),Off,IPv4,icmp,41.0,1.2,0.5,0.02,162.5,Strong,1.3
TRN07140,Tunnel,AES-192,modp8192(21),On,IPv6,file_transfer,1332.3,97.2,0.5,0.81,149.0,Strong,1.6
TRN01033,Transport,AES-256-GCM,modp2048(14),Off,IPv6,dns_query,79.8,3.6,1.8,0.12,134.2,Medium,3.6
TRN06315,Tunnel,DES,modp4096(16),On,IPv4,email,667.0,5.9,0.5,0.11,146.1,Medium,4.0
TRN02489,Tunnel,AES-256,modp1024(2),Off,IPv6,email,754.3,8.2,0.5,0.23,110.4,Medium,5.9
TRN02287,Transport,AES-192,modp6144(17),On,IPv4,voip,116.2,44.2,0.5,0.21,78.8,Strong,1.2
TRN03188,Tunnel,AES-256,modp6144(17),Off,IPv4,dns_query,70.2,5.2,0.5,0.09,150.5,Strong,1.4
TRN02630,Transport,AES-256,modp1024(2),Off,IPv4,whatsapp_msg,176.1,5.9,2.3,0.22,102.3,Medium,4.7
TRN03814,Tunnel,DES,modp768(1),Off,IPv6,dns_query,85.6,2.3,0.5,0.09,169.5,Weak,7.9
TRN06212,Tunnel,AES-256-GCM,modp8192(21),Off,IPv4,whatsapp_msg,173.0,5.6,0.5,0.27,172.8,Strong,1.3
TRN03059,Transport,DES,modp8192(21),Off,IPv6,email,541.0,6.2,0.5,0.34,101.5,Medium,5.4
TRN04880,Transport,AES-128,modp1536(5),Off,IPv4,icmp,70.4,2.0,0.5,0.05,137.7,Weak,7.0
TRN00932,Tunnel,3DES,modp2048(14),On,IPv4,email,472.6,5.9,0.5,0.29,122.1,Medium,7.1
TRN06587,Transport,AES-256,modp8192(21),Off,IPv4,file_transfer,1433.1,120.1,39.4,0.72,166.8,Strong,1.9
TRN00692,Tunnel,AES-192,modp1536(5),On,IPv6,web_browsing,400.6,20.3,0.5,0.58,156.0,Medium,5.7
TRN07763,Transport,DES,modp3072(15),On,IPv6,video_streaming,1516.6,84.9,374.0,0.55,166.1,Weak,7.4
TRN01892,Tunnel,DES,modp4096(16),Off,IPv6,dns_query,101.0,4.2,2.3,0.15,213.4,Medium,5.4
TRN02269,Tunnel,AES-256-GCM,modp3072(15),Off,IPv6,email,826.4,12.9,13.5,0.36,107.8,Strong,2.6
TRN05367,Tunnel,AES-256-GCM,modp4096(16),On,IPv4,voip,133.6,23.5,363.6,0.16,137.3,Strong,2.4
TRN00830,Tunnel,3DES,modp3072(15),On,IPv4,dns_query,86.4,2.7,0.5,0.11,131.0,Medium,5.6
TRN05181,Tunnel,DES,modp4096(16),On,IPv4,icmp,48.9,1.7,0.5,0.04,123.6,Medium,4.3
TRN07883,Transport,3DES,modp3072(15),On,IPv6,voip,122.4,60.3,223.2,0.21,96.3,Medium,2.2
TRN03686,Tunnel,DES,modp1536(5),Off,IPv6,web_browsing,602.0,17.9,39.8,0.14,125.1,Weak,6.8
TRN08493,Transport,AES-256,modp6144(17),Off,IPv4,icmp,70.7,1.6,0.5,0.06,109.2,Strong,1.5
TRN00045,Tunnel,DES,modp3072(15),On,IPv6,icmp,55.1,2.5,0.5,0.07,156.1,Weak,6.3
TRN03102,Tunnel,DES,modp768(1),On,IPv4,video_streaming,1092.2,91.8,540.5,0.69,177.1,Weak,8.7
TRN04231,Tunnel,DES,modp4096(16),On,IPv6,dns_query,84.3,2.1,0.5,0.14,143.1,Medium,3.2
TRN03013,Tunnel,3DES,modp3072(15),Off,IPv4,video_streaming,1080.7,80.6,427.0,0.54,149.1,Medium,4.2
TRN03455,Tunnel,AES-256-GCM,modp3072(15),On,IPv6,email,584.8,4.8,11.6,0.36,147.6,Strong,1.0
TRN03356,Transport,AES-256-GCM,modp1536(5),Off,IPv6,dns_query,98.5,2.5,0.5,0.16,201.1,Medium,3.6
TRN00224,Tunnel,DES,modp3072(15),Off,IPv4,video_streaming,1069.8,88.2,0.5,0.76,196.0,Weak,9.1
TRN02966,Transport,AES-256,modp1536(5),Off,IPv4,icmp,56.4,2.0,16.1,0.03,169.9,Medium,4.9
TRN01188,Transport,AES-256,modp2048(14),On,IPv6,whatsapp_msg,259.7,8.7,2.1,0.23,134.9,Strong,1.0
TRN07123,Tunnel,DES,modp3072(15),Off,IPv6,web_browsing,432.6,26.8,55.2,0.34,208.7,Weak,6.5
TRN00838,Transport,AES-192,modp2048(14),Off,IPv6,whatsapp_msg,174.2,5.2,5.9,0.18,263.5,Medium,3.2
TRN03397,Tunnel,AES-256-GCM,modp768(1),On,IPv6,file_transfer,1385.7,112.7,81.2,0.7,139.0,Medium,5.5
TRN01684,Tunnel,3DES,modp6144(17),On,IPv6,email,658.5,3.7,14.6,0.31,223.3,Medium,6.4
TRN07524,Tunnel,3DES,modp6144(17),On,IPv4,email,646.0,15.1,0.5,0.14,132.4,Medium,4.9
TRN03060,Transport,DES,modp6144(17),Off,IPv4,voip,132.0,44.3,147.4,0.2,264.0,Medium,6.4
TRN07767,Tunnel,AES-256,modp768(1),Off,IPv6,dns_query,67.3,3.0,0.5,0.1,151.6,Weak,7.6
TRN06937,Tunnel,AES-256,modp6144(17),On,IPv6,icmp,58.7,2.6,0.5,0.01,151.7,Strong,1.2
TRN00064,Transport,DES,modp3072(15),On,IPv4,web_browsing,396.4,15.8,0.5,0.24,93.6,Weak,8.7
TRN03093,Tunnel,AES-192,modp4096(16),Off,IPv6,email,788.1,9.9,18.2,0.33,170.9,Medium,5.3
TRN00618,Tunnel,AES-256-GCM,modp6144(17),Off,IPv6,web_browsing,265.7,16.1,0.5,0.39,122.3,Strong,1.0
TRN05016,Transport,AES-128,modp6144(17),On,IPv4,video_streaming,1266.4,92.2,0.5,0.55,105.5,Strong,1.6
TRN06362,Transport,3DES,modp1536(5),On,IPv6,whatsapp_msg,198.9,3.4,6.4,0.14,200.6,Weak,9.0
TRN00228,Transport,AES-256-GCM,modp4096(16),On,IPv4,icmp,67.9,1.9,3.7,0.05,218.8,Strong,3.0
TRN05041,Tunnel,AES-192,modp1536(5),Off,IPv6,web_browsing,432.3,12.9,36.4,0.53,76.7,Medium,5.9
TRN06916,Tunnel,3DES,modp1024(2),Off,IPv6,icmp,64.0,2.1,0.5,0.07,142.4,Weak,9.2
TRN08056,Transport,DES,modp4096(16),On,IPv6,video_streaming,1386.3,100.4,484.9,0.59,118.7,Medium,3.0
TRN03196,Transport,3DES,modp768(1),On,IPv6,voip,122.9,43.1,420.6,0.16,132.9,Weak,7.1
TRN07595,Tunnel,AES-192,modp1536(5),Off,IPv6,email,800.7,5.6,0.5,0.36,89.3,Weak,8.1
TRN05340,Tunnel,DES,modp1536(5),Off,IPv6,icmp,70.4,1.7,0.5,0.03,138.4,Weak,7.4
TRN04514,Tunnel,AES-256,modp4096(16),On,IPv4,file_transfer,1466.8,135.0,0.5,0.84,124.8,Strong,1.4
TRN00970,Transport,3DES,modp768(1),Off,IPv6,video_streaming,1033.3,103.9,0.5,0.7,136.2,Weak,7.8
TRN01806,Transport,AES-256,modp1536(5),On,IPv4,voip,124.9,54.7,191.1,0.24,146.6,Medium,3.7
TRN02448,Transport,AES-192,modp4096(16),Off,IPv4,file_transfer,1447.3,121.9,0.5,0.74,181.6,Strong,2.2
TRN00926,Tunnel,AES-256,modp2048(14),On,IPv6,file_transfer,1397.1,141.2,68.7,0.86,159.1,Medium,4.4
TRN06789,Transport,AES-128,modp768(1),Off,IPv6,file_transfer,1399.6,153.1,144.9,0.84,90.3,Weak,10.0
TRN05815,Transport,AES-192,modp768(1),Off,IPv4,voip,122.3,60.7,0.5,0.15,153.0,Weak,9.3
TRN05194,Transport,AES-192,modp2048(14),Off,IPv4,file_transfer,1467.2,116.2,214.4,0.73,194.8,Medium,4.8
TRN08834,Transport,AES-256-GCM,modp4096(16),Off,IPv4,web_browsing,440.0,15.5,5.5,0.71,155.3,Strong,1.6
TRN04533,Transport,AES-256,modp3072(15),Off,IPv6,whatsapp_msg,143.9,5.1,7.7,0.23,87.0,Medium,4.4
TRN02852,Tunnel,3DES,modp8192(21),Off,IPv4,web_browsing,382.3,14.5,6.4,0.47,162.3,Medium,3.7
TRN07294,Transport,DES,modp6144(17),On,IPv6,icmp,68.1,1.2,6.3,0.05,113.1,Medium,5.5
TRN04170,Transport,AES-192,modp4096(16),Off,IPv6,email,945.1,12.4,0.5,0.43,189.3,Medium,3.9
TRN01861,Tunnel,AES-128,modp1024(2),Off,IPv6,dns_query,86.9,3.9,0.5,0.09,98.7,Weak,8.1
TRN05936,Transport,AES-128,modp3072(15),On,IPv4,icmp,70.3,2.2,0.5,0.06,119.6,Medium,3.4
TRN04809,Transport,AES-256-GCM,modp8192(21),On,IPv4,whatsapp_msg,186.6,2.2,10.4,0.2,105.5,Strong,2.2
TRN06280,Transport,AES-128,modp3072(15),Off,IPv6,email,479.8,11.8,34.1,0.42,186.2,Medium,4.5
TRN07539,Transport,AES-128,modp4096(16),Off,IPv6,video_streaming,1298.8,87.0,0.5,0.62,207.3,Medium,4.9
TRN06675,Tunnel,AES-192,modp768(1),Off,IPv4,video_streaming,1269.4,93.1,198.7,0.66,69.5,Weak,9.7
TRN00253,Transport,3DES,modp4096(16),Off,IPv4,voip,117.0,50.3,0.5,0.25,181.7,Medium,5.6
TRN08104,Transport,DES,modp1536(5),On,IPv6,icmp,42.0,2.1,8.9,0.06,186.2,Weak,8.1
TRN06353,Tunnel,AES-256-GCM,modp6144(17),On,IPv6,video_streaming,1329.3,81.6,0.5,0.73,122.9,Strong,2.6
TRN01790,Tunnel,AES-128,modp768(1),Off,IPv6,voip,133.4,49.0,0.5,0.07,135.7,Weak,7.5
TRN06741,Transport,AES-256,modp768(1),On,IPv4,icmp,59.7,2.4,3.9,0.07,193.5,Medium,4.7
TRN02060,Tunnel,AES-192,modp6144(17),On,IPv6,whatsapp_msg,144.5,7.1,0.9,0.22,239.2,Strong,2.7
TRN07155,Tunnel,AES-192,modp768(1),Off,IPv6,icmp,76.0,1.7,14.4,0.05,167.0,Weak,8.2
TRN03048,Transport,3DES,modp8192(21),Off,IPv6,icmp,71.9,2.0,0.5,0.04,94.0,Medium,6.4
TRN03544,Tunnel,DES,modp768(1),Off,IPv4,file_transfer,1434.6,111.6,50.6,0.66,194.6,Weak,8.9
TRN05842,Tunnel,3DES,modp6144(17),On,IPv6,whatsapp_msg,230.3,1.7,0.5,0.31,200.7,Medium,4.4
TRN01903,Transport,AES-256,modp1024(2),On,IPv4,video_streaming,1185.4,114.4,22.9,0.55,92.1,Medium,3.8
TRN02751,Tunnel,AES-256-GCM,modp6144(17),Off,IPv6,whatsapp_msg,59.9,5.2,0.5,0.35,146.1,Strong,2.2
TRN02120,Tunnel,AES-128,modp1536(5),On,IPv6,whatsapp_msg,155.0,5.6,12.9,0.24,182.0,Weak,9.7
TRN07227,Transport,AES-256,modp2048(14),On,IPv4,voip,93.8,54.1,0.5,0.17,186.7,Strong,0.8
TRN08006,Tunnel,AES-128,modp2048(14),Off,IPv6,dns_query,83.4,3.6,0.5,0.06,132.0,Medium,4.9
TRN03980,Transport,DES,modp3072(15),Off,IPv6,voip,111.9,37.0,18.4,0.21,223.9,Weak,7.7
TRN02690,Transport,AES-256-GCM,modp3072(15),On,IPv6,dns_query,90.2,2.0,1.6,0.13,173.7,Strong,1.7
TRN05849,Tunnel,AES-128,modp2048(14),Off,IPv6,file_transfer,1441.1,150.3,186.1,0.77,64.5,Medium,5.7
TRN04276,Tunnel,DES,modp2048(14),On,IPv4,file_transfer,1412.7,111.7,120.7,0.82,182.4,Weak,8.6
TRN01924,Transport,AES-256,modp6144(17),Off,IPv4,voip,103.6,49.9,0.5,0.18,136.1,Strong,1.4
TRN05578,Transport,AES-256,modp1536(5),On,IPv4,web_browsing,312.3,16.5,0.5,0.37,162.3,Medium,4.9
TRN00076,Tunnel,AES-256,modp1024(2),On,IPv4,whatsapp_msg,170.2,6.2,10.0,0.12,181.7,Medium,3.9
TRN02346,Transport,AES-256-GCM,modp8192(21),On,IPv6,file_transfer,1413.8,120.1,0.5,0.7,119.0,Strong,0.3
TRN02352,Tunnel,AES-128,modp1024(2),On,IPv6,video_streaming,1054.2,82.8,0.5,0.53,165.4,Weak,8.5
TRN06743,Tunnel,AES-256-GCM,modp3072(15),Off,IPv4,dns_query,83.5,5.0,0.5,0.11,151.9,Strong,1.0
TRN00431,Tunnel,AES-192,modp4096(16),On,IPv4,web_browsing,219.9,19.1,16.7,0.39,116.4,Strong,2.7
TRN06671,Tunnel,AES-256,modp6144(17),Off,IPv4,voip,113.7,54.5,194.4,0.13,101.3,Strong,1.0
TRN08823,Tunnel,AES-128,modp6144(17),Off,IPv4,video_streaming,1065.6,100.3,7.9,0.63,97.5,Strong,0.3
TRN05533,Tunnel,DES,modp8192(21),Off,IPv6,web_browsing,290.6,16.9,0.5,0.41,70.1,Medium,6.0
TRN05429,Transport,AES-256,modp6144(17),On,IPv4,voip,127.6,37.9,75.2,0.35,158.9,Strong,1.8
TRN08457,Tunnel,AES-256,modp1024(2),On,IPv4,dns_query,107.5,3.8,0.5,0.15,132.2,Medium,5.2
TRN04025,Tunnel,AES-192,modp2048(14),On,IPv6,icmp,57.3,1.2,3.6,0.05,135.9,Medium,5.6
TRN07371,Transport,AES-256-GCM,modp1536(5),On,IPv4,icmp,64.1,2.8,1.1,0.04,77.6,Medium,3.3
TRN06548,Tunnel,AES-256,modp6144(17),Off,IPv4,video_streaming,1181.8,92.2,818.9,0.72,122.5,Strong,1.3
TRN06665,Transport,DES,modp1024(2),On,IPv6,file_transfer,1341.9,99.7,229.2,0.85,153.3,Weak,10.0
TRN03413,Tunnel,AES-256-GCM,modp768(1),Off,IPv6,whatsapp_msg,72.7,8.2,3.8,0.24,90.0,Weak,8.8
TRN06147,Transport,DES,modp8192(21),On,IPv4,icmp,60.7,1.0,19.0,0.05,135.4,Medium,3.5
TRN00241,Tunnel,AES-256-GCM,modp2048(14),Off,IPv6,video_streaming,1290.8,59.0,0.5,0.61,159.5,Medium,5.9
TRN00784,Transport,DES,modp8192(21),Off,IPv4,email,536.3,9.1,14.0,0.32,182.5,Medium,2.6
TRN01355,Transport,AES-192,modp768(1),On,IPv6,file_transfer,1399.7,139.9,196.2,0.88,118.6,Weak,9.2
TRN03067,Transport,DES,modp1024(2),On,IPv4,email,919.6,3.8,35.5,0.28,111.2,Weak,6.6
TRN06381,Transport,DES,modp1024(2),On,IPv6,file_transfer,1410.8,129.6,369.5,0.89,189.7,Weak,6.9
TRN00978,Tunnel,AES-256-GCM,modp8192(21),On,IPv6,whatsapp_msg,135.3,5.0,11.2,0.16,121.3,Strong,1.1
TRN00810,Transport,3DES,modp4096(16),On,IPv6,icmp,71.8,2.3,0.5,0.02,176.3,Medium,4.9
TRN02169,Tunnel,AES-128,modp6144(17),Off,IPv4,icmp,56.9,2.0,0.5,0.08,156.8,Strong,0.3
TRN04813,Transport,3DES,modp768(1),Off,IPv4,whatsapp_msg,80.0,3.9,7.2,0.25,181.1,Weak,8.2
TRN04705,Tunnel,AES-256,modp768(1),Off,IPv6,file_transfer,1383.5,126.3,93.2,0.81,205.2,Weak,7.1
TRN01600,Transport,AES-128,modp6144(17),On,IPv6,voip,102.9,52.3,587.2,0.2,221.0,Strong,1.5
TRN02942,Transport,DES,modp3072(15),On,IPv4,voip,107.6,56.2,0.5,0.16,146.8,Weak,7.8
TRN03965,Tunnel,AES-256,modp6144(17),On,IPv4,icmp,78.9,2.1,26.8,0.06,202.8,Strong,2.2
TRN03669,Tunnel,AES-256,modp4096(16),Off,IPv4,file_transfer,1360.2,125.5,0.5,0.88,189.4,Strong,1.9
TRN07679,Tunnel,AES-256-GCM,modp3072(15),On,IPv6,email,742.3,5.9,0.5,0.28,147.0,Strong,1.3
TRN00685,Tunnel,AES-128,modp768(1),On,IPv4,icmp,59.2,1.7,0.5,0.03,114.2,Weak,7.0
TRN06503,Transport,AES-256,modp1024(2),Off,IPv4,email,231.7,8.1,0.5,0.35,192.5,Medium,5.1
TRN06129,Transport,AES-128,modp6144(17),Off,IPv6,icmp,59.5,2.2,15.2,0.06,97.3,Medium,3.4
TRN01621,Tunnel,3DES,modp1024(2),Off,IPv4,voip,137.4,37.0,0.5,0.18,190.1,Weak,8.3
TRN07158,Tunnel,AES-192,modp2048(14),On,IPv4,icmp,62.3,2.1,0.5,0.04,190.0,Medium,4.5
TRN01483,Tunnel,AES-128,modp6144(17),On,IPv4,whatsapp_msg,191.1,6.6,9.1,0.19,152.5,Strong,1.9
TRN02147,Tunnel,AES-256,modp8192(21),On,IPv6,dns_query,87.6,2.4,0.5,0.08,202.1,Strong,0.3
TRN01802,Transport,AES-256-GCM,modp8192(21),On,IPv6,voip,127.0,35.9,0.5,0.19,210.3,Strong,1.9
TRN02096,Tunnel,AES-192,modp768(1),On,IPv6,icmp,51.5,0.6,2.6,0.05,158.0,Weak,9.3
TRN04892,Tunnel,AES-128,modp768(1),On,IPv4,dns_query,55.9,3.3,2.2,0.11,33.4,Weak,7.8
TRN01358,Tunnel,3DES,modp8192(21),Off,IPv4,email,781.8,12.8,0.5,0.28,99.6,Medium,3.5
TRN06479,Transport,3DES,modp6144(17),Off,IPv4,video_streaming,1355.0,94.0,380.1,0.59,178.5,Medium,4.1
TRN04129,Tunnel,3DES,modp768(1),Off,IPv4,video_streaming,1127.1,108.2,1280.8,0.52,199.9,Weak,9.3
TRN06241,Tunnel,AES-128,modp3072(15),On,IPv6,dns_query,64.8,2.6,0.8,0.15,232.2,Medium,7.3
TRN08467,Transport,AES-192,modp1536(5),Off,IPv4,web_browsing,520.6,15.2,67.9,0.58,193.0,Medium,4.4
TRN04439,Tunnel,AES-256-GCM,modp4096(16),Off,IPv4,video_streaming,1139.5,74.8,0.5,0.69,185.6,Strong,1.6
TRN04562,Tunnel,AES-192,modp1024(2),Off,IPv6,web_browsing,395.6,17.8,38.8,0.64,101.8,Weak,9.4
TRN03870,Transport,3DES,modp1024(2),Off,IPv4,whatsapp_msg,173.8,9.2,18.0,0.34,151.3,Weak,8.8
TRN04387,Tunnel,3DES,modp2048(14),Off,IPv4,whatsapp_msg,130.2,5.4,0.5,0.27,186.8,Weak,9.3
TRN01610,Transport,AES-256,modp4096(16),Off,IPv6,file_transfer,1325.1,127.3,0.5,0.79,120.5,Strong,0.7
TRN04899,Transport,AES-256,modp768(1),Off,IPv6,file_transfer,1377.8,140.4,0.5,0.69,122.4,Weak,8.9
TRN00495,Tunnel,AES-256,modp2048(14),Off,IPv4,whatsapp_msg,130.9,6.2,0.5,0.21,194.3,Medium,5.4
TRN03722,Transport,AES-256,modp6144(17),Off,IPv4,file_transfer,1384.0,143.4,0.5,0.87,186.2,Strong,0.7
TRN03320,Tunnel,AES-192,modp3072(15),Off,IPv6,icmp,67.7,1.8,11.9,0.06,127.8,Medium,4.3
TRN03663,Tunnel,3DES,modp8192(21),Off,IPv6,video_streaming,1034.9,89.0,211.9,0.59,212.6,Medium,3.8
TRN02018,Tunnel,AES-256,modp2048(14),On,IPv6,web_browsing,375.6,10.0,35.2,0.4,166.1,Medium,5.8
TRN04846,Transport,AES-192,modp1024(2),Off,IPv4,web_browsing,399.7,16.9,0.5,0.53,167.3,Weak,9.7
TRN02329,Transport,DES,modp3072(15),On,IPv6,voip,100.6,39.0,185.8,0.24,160.2,Medium,4.0
TRN00030,Transport,AES-128,modp8192(21),On,IPv6,file_transfer,1309.6,122.3,47.9,0.88,139.6,Strong,1.1
TRN07568,Tunnel,AES-256-GCM,modp1536(5),On,IPv6,voip,105.8,45.5,480.7,0.1,137.2,Medium,4.2
TRN04344,Tunnel,DES,modp2048(14),On,IPv4,web_browsing,410.3,8.9,23.7,0.45,125.7,Weak,7.4
TRN08820,Transport,AES-256-GCM,modp8192(21),Off,IPv4,icmp,59.6,2.0,0.5,0.04,130.7,Strong,3.0
TRN03119,Tunnel,3DES,modp8192(21),On,IPv6,email,661.5,8.6,0.5,0.23,192.2,Medium,6.5
TRN01093,Transport,3DES,modp1024(2),Off,IPv4,email,940.1,7.4,0.5,0.37,188.1,Weak,8.0
TRN03247,Transport,AES-256,modp1536(5),On,IPv6,web_browsing,348.8,12.2,2.3,0.62,118.8,Medium,4.4
TRN00125,Tunnel,AES-256-GCM,modp2048(14),Off,IPv6,web_browsing,469.5,6.2,46.8,0.45,163.7,Medium,2.8
TRN08645,Tunnel,3DES,modp6144(17),Off,IPv6,icmp,63.1,1.4,0.5,0.05,134.8,Medium,3.6
TRN08459,Tunnel,AES-128,modp8192(21),On,IPv6,whatsapp_msg,132.0,9.2,0.5,0.24,154.1,Strong,1.7
TRN04272,Tunnel,AES-256,modp3072(15),Off,IPv6,dns_query,51.7,0.7,2.6,0.11,218.3,Medium,6.8
TRN05992,Tunnel,AES-128,modp768(1),Off,IPv6,email,638.8,2.5,1.1,0.4,152.8,Weak,9.4
TRN08850,Transport,AES-128,modp768(1),Off,IPv6,dns_query,76.8,3.5,5.4,0.11,147.9,Weak,8.9
TRN02299,Tunnel,DES,modp1024(2),Off,IPv6,icmp,47.1,1.6,0.5,0.05,132.1,Weak,7.8
TRN08510,Transport,3DES,modp1536(5),On,IPv4,video_streaming,1375.8,81.3,0.5,0.63,143.9,Weak,6.0
TRN01554,Tunnel,3DES,modp4096(16),On,IPv4,whatsapp_msg,163.0,6.1,5.8,0.11,161.0,Medium,5.1
TRN08231,Tunnel,AES-256,modp6144(17),On,IPv4,icmp,65.1,2.6,0.5,0.02,176.3,Strong,2.2
TRN03342,Tunnel,AES-192,modp2048(14),Off,IPv6,whatsapp_msg,185.2,7.5,0.5,0.22,232.7,Medium,5.0
TRN00599,Tunnel,3DES,modp8192(21),Off,IPv4,email,827.5,9.1,2.1,0.31,137.5,Medium,4.7
TRN02124,Tunnel,AES-256,modp8192(21),Off,IPv4,whatsapp_msg,129.6,9.4,0.5,0.36,120.2,Strong,1.9
TRN07425,Tunnel,AES-128,modp3072(15),On,IPv4,voip,136.9,34.9,0.5,0.18,74.0,Medium,6.6
TRN01417,Tunnel,AES-256-GCM,modp8192(21),Off,IPv4,file_transfer,1419.0,135.7,0.5,0.78,197.6,Strong,0.6
TRN04740,Tunnel,AES-256,modp6144(17),Off,IPv6,email,1010.6,10.5,0.5,0.29,172.7,Strong,2.0
TRN06346,Transport,AES-256,modp1536(5),On,IPv4,voip,125.6,32.6,559.4,0.24,186.7,Medium,4.6
TRN05716,Tunnel,AES-256,modp6144(17),Off,IPv6,dns_query,78.7,2.7,1.0,0.09,141.5,Strong,2.3
TRN08268,Transport,DES,modp1024(2),Off,IPv6,video_streaming,1102.1,93.3,0.5,0.58,126.2,Weak,7.9
TRN05681,Tunnel,DES,modp8192(21),Off,IPv4,email,326.8,11.7,1.5,0.18,136.3,Medium,3.8
TRN07896,Transport,AES-192,modp768(1),On,IPv4,icmp,60.8,2.7,0.5,0.03,164.5,Weak,8.4
TRN08753,Transport,AES-256,modp1536(5),On,IPv4,web_browsing,522.8,14.3,0.5,0.36,213.3,Medium,5.0
TRN02198,Transport,AES-256,modp3072(15),On,IPv6,whatsapp_msg,124.2,3.4,11.2,0.35,188.7,Strong,0.8
TRN04878,Transport,3DES,modp768(1),Off,IPv4,whatsapp_msg,163.2,5.5,23.8,0.12,130.0,Weak,8.6
TRN03363,Tunnel,DES,modp6144(17),Off,IPv4,email,699.2,11.0,2.1,0.34,186.0,Medium,6.8
TRN05519,Transport,AES-256-GCM,modp4096(16),On,IPv6,web_browsing,390.0,25.5,0.5,0.28,56.9,Strong,2.3
TRN00726,Transport,AES-128,modp4096(16),Off,IPv6,whatsapp_msg,214.1,8.1,4.4,0.3,83.2,Medium,4.1
TRN06448,Tunnel,3DES,modp768(1),Off,IPv6,icmp,62.7,1.1,0.5,0.07,185.6,Weak,10.0
TRN04029,Tunnel,AES-192,modp8192(21),Off,IPv4,video_streaming,1513.8,83.5,0.5,0.55,71.3,Strong,1.3
TRN00809,Tunnel,DES,modp6144(17),On,IPv6,dns_query,84.5,2.2,0.5,0.11,166.1,Medium,5.9
TRN03904,Tunnel,AES-256,modp768(1),Off,IPv6,email,565.3,7.9,14.0,0.28,131.6,Weak,6.5
TRN07955,Transport,AES-192,modp6144(17),Off,IPv6,web_browsing,405.0,25.3,21.3,0.47,177.2,Strong,1.8
TRN00959,Transport,3DES,modp768(1),On,IPv4,whatsapp_msg,108.9,7.3,13.2,0.14,159.6,Weak,7.8
TRN06659,Tunnel,AES-128,modp1536(5),Off,IPv4,file_transfer,1384.8,132.3,0.5,0.74,245.4,Weak,9.8
TRN08997,Transport,AES-256-GCM,modp1024(2),On,IPv6,email,734.3,9.8,2.3,0.43,125.5,Medium,3.2
TRN08836,Transport,AES-256,modp8192(21),Off,IPv4,icmp,73.1,1.7,12.9,0.05,105.3,Strong,2.7
TRN00811,Tunnel,3DES,modp8192(21),Off,IPv6,web_browsing,431.7,19.9,0.5,0.53,174.1,Medium,6.2
TRN08047,Tunnel,AES-256,modp3072(15),On,IPv4,whatsapp_msg,148.5,8.6,11.2,0.21,167.4,Strong,0.8
TRN00835,Tunnel,DES,modp3072(15),Off,IPv4,icmp,64.4,1.9,0.5,0.08,62.1,Weak,8.2
TRN04055,Transport,DES,modp2048(14),Off,IPv6,whatsapp_msg,171.1,7.5,5.4,0.24,181.3,Weak,8.3
TRN02424,Tunnel,3DES,modp768(1),On,IPv4,file_transfer,1255.3,123.1,143.4,1.0,95.1,Weak,9.8
TRN06115,Transport,AES-128,modp6144(17),Off,IPv6,whatsapp_msg,203.3,3.9,13.0,0.14,143.9,Medium,3.6
TRN03818,Transport,AES-192,modp4096(16),Off,IPv6,whatsapp_msg,225.1,7.1,7.9,0.32,247.7,Strong,0.4
TRN01236,Tunnel,AES-128,modp6144(17),Off,IPv6,icmp,67.2,2.6,16.3,0.05,220.9,Strong,2.6
TRN01226,Tunnel,DES,modp768(1),Off,IPv4,whatsapp_msg,40.0,11.5,0.5,0.22,115.1,Weak,8.2
TRN06452,Transport,AES-192,modp768(1),Off,IPv6,email,165.4,3.5,2.0,0.27,92.3,Weak,8.5
TRN06709,Transport,AES-192,modp3072(15),Off,IPv4,dns_query,87.2,3.7,0.5,0.1,106.4,Medium,4.0
TRN08364,Transport,3DES,modp6144(17),Off,IPv4,dns_query,115.8,3.7,0.9,0.02,223.3,Medium,3.7
TRN04701,Transport,DES,modp768(1),Off,IPv6,voip,131.1,43.8,311.6,0.21,158.3,Weak,8.5
TRN04101,Tunnel,AES-256,modp2048(14),Off,IPv6,email,485.6,4.9,0.5,0.4,174.7,Medium,4.4
TRN03218,Transport,AES-256-GCM,modp8192(21),Off,IPv6,email,779.7,9.9,2.0,0.23,197.0,Strong,1.4
TRN06181,Tunnel,AES-192,modp4096(16),On,IPv4,dns_query,59.3,4.4,0.5,0.16,130.6,Strong,0.3
TRN00288,Transport,AES-128,modp1024(2),On,IPv6,email,663.0,7.8,12.9,0.33,160.6,Weak,7.2
TRN03990,Transport,AES-192,modp8192(21),On,IPv4,email,542.3,5.1,0.5,0.21,65.2,Strong,0.4
TRN02967,Tunnel,AES-128,modp1536(5),Off,IPv6,voip,108.7,49.7,88.9,0.19,137.0,Weak,7.8
TRN03165,Transport,AES-128,modp6144(17),Off,IPv4,video_streaming,1024.8,94.9,318.4,0.82,109.0,Strong,1.7
TRN04833,Tunnel,3DES,modp2048(14),On,IPv4,file_transfer,1437.8,132.2,0.5,0.67,88.6,Medium,3.4
TRN08876,Tunnel,AES-256-GCM,modp768(1),Off,IPv4,file_transfer,1366.5,125.9,102.5,0.73,106.5,Medium,3.6
TRN07161,Tunnel,AES-256-GCM,modp8192(21),On,IPv6,icmp,48.8,1.8,0.5,0.02,130.4,Strong,2.0
TRN01658,Tunnel,AES-256,modp768(1),On,IPv4,icmp,71.3,2.0,7.6,0.02,99.4,Weak,8.0
TRN01976,Transport,AES-256-GCM,modp2048(14),On,IPv6,icmp,68.6,2.2,2.7,0.07,105.2,Strong,2.6
TRN02398,Tunnel,3DES,modp4096(16),Off,IPv6,voip,102.0,49.2,0.5,0.28,149.8,Medium,4.4
TRN00453,Tunnel,AES-192,modp8192(21),Off,IPv4,web_browsing,360.1,17.3,0.5,0.55,188.0,Strong,2.5
TRN06453,Transport,AES-128,modp4096(16),On,IPv6,dns_query,87.8,4.0,0.9,0.07,282.4,Strong,0.3
TRN05718,Tunnel,3DES,modp768(1),Off,IPv6,dns_query,76.3,2.1,2.7,0.07,156.5,Weak,7.7
TRN07546,Tunnel,AES-128,modp2048(14),Off,IPv4,file_transfer,1408.9,109.6,381.2,0.6,206.8,Medium,4.0
TRN05174,Transport,AES-256-GCM,modp4096(16),Off,IPv4,web_browsing,341.3,11.0,0.5,0.54,116.2,Strong,1.8
TRN02620,Transport,AES-128,modp4096(16),On,IPv4,icmp,50.3,2.8,0.5,0.02,115.4,Medium,4.2
TRN00423,Transport,AES-256-GCM,modp4096(16),Off,IPv6,icmp,55.9,3.0,6.1,0.03,68.7,Strong,2.7
TRN07639,Transport,AES-128,modp1536(5),Off,IPv4,icmp,58.9,1.7,0.5,0.05,218.4,Weak,7.9
TRN01221,Transport,3DES,modp2048(14),Off,IPv4,web_browsing,502.4,22.8,0.5,0.72,112.3,Weak,7.9
TRN02930,Tunnel,AES-256,modp1536(5),Off,IPv4,video_streaming,1318.7,92.2,0.5,0.66,124.2,Medium,5.9
TRN00658,Transport,AES-192,modp6144(17),Off,IPv6,icmp,64.3,1.9,4.4,0.02,168.9,Strong,0.7
TRN03302,Transport,AES-256,modp1536(5),On,IPv6,voip,153.7,52.9,0.5,0.25,188.1,Medium,3.5
TRN05326,Tunnel,AES-256,modp1536(5),On,IPv6,web_browsing,393.5,15.1,22.4,0.45,52.1,Medium,5.3
TRN02846,Transport,AES-128,modp768(1),Off,IPv6,voip,126.4,53.4,184.6,0.24,238.0,Weak,9.5
TRN03024,Tunnel,AES-128,modp3072(15),Off,IPv4,email,670.3,8.5,8.0,0.48,127.8,Medium,4.9
TRN06224,Transport,AES-256,modp1536(5),Off,IPv4,whatsapp_msg,152.0,6.0,0.5,0.21,141.4,Medium,4.4
TRN08672,Tunnel,AES-192,modp1536(5),On,IPv6,dns_query,78.3,3.1,1.1,0.1,169.7,Medium,4.6
TRN01002,Tunnel,AES-192,modp6144(17),On,IPv6,email,686.6,5.4,22.6,0.32,228.9,Strong,2.7
TRN00103,Transport,AES-128,modp6144(17),Off,IPv6,icmp,62.2,2.9,0.5,0.03,160.3,Medium,4.9
TRN02419,Transport,AES-256-GCM,modp3072(15),Off,IPv6,dns_query,65.5,2.4,2.0,0.16,204.1,Medium,4.8
TRN07566,Transport,DES,modp6144(17),Off,IPv6,whatsapp_msg,199.9,5.7,0.5,0.36,178.7,Medium,3.6
TRN06121,Transport,AES-192,modp4096(16),Off,IPv4,email,476.9,8.5,0.5,0.42,146.7,Medium,4.8
TRN06786,Tunnel,DES,modp4096(16),On,IPv4,web_browsing,397.9,19.6,0.5,0.17,107.4,Medium,3.7
TRN01581,Transport,AES-256,modp3072(15),On,IPv4,video_streaming,1009.3,92.8,0.5,0.62,105.1,Strong,2.2
TRN04056,Transport,AES-256,modp2048(14),On,IPv4,web_browsing,458.2,19.2,0.5,0.18,92.2,Medium,2.6
TRN02207,Tunnel,3DES,modp1536(5),On,IPv4,icmp,64.0,2.2,0.5,0.04,89.8,Weak,7.9
TRN00171,Tunnel,AES-128,modp8192(21),Off,IPv6,icmp,82.2,2.2,2.7,0.05,109.9,Strong,2.5
TRN08314,Transport,AES-256-GCM,modp6144(17),On,IPv6,voip,113.9,52.1,0.5,0.29,134.2,Strong,1.9
TRN00136,Transport,AES-192,modp3072(15),On,IPv4,icmp,63.2,2.0,6.0,0.04,149.5,Strong,2.3
TRN00758,Transport,AES-256,modp1536(5),Off,IPv6,dns_query,99.1,2.9,0.5,0.08,171.7,Medium,4.6
TRN05521,Transport,AES-128,modp8192(21),Off,IPv6,dns_query,57.5,2.3,1.9,0.12,195.7,Strong,1.2
TRN01311,Transport,AES-256-GCM,modp2048(14),Off,IPv6,voip,143.5,34.7,17.2,0.16,107.5,Strong,1.8
TRN01218,Transport,AES-256-GCM,modp1536(5),On,IPv4,email,528.3,3.5,5.8,0.26,93.4,Medium,3.4
TRN02285,Tunnel,AES-128,modp1024(2),On,IPv6,icmp,74.1,1.6,13.3,0.02,45.3,Weak,8.8
TRN08089,Tunnel,AES-192,modp3072(15),On,IPv4,dns_query,78.6,2.3,1.6,0.13,167.5,Medium,3.3
TRN02906,Transport,AES-192,modp4096(16),Off,IPv4,icmp,54.3,2.2,11.8,0.05,187.5,Strong,2.1
TRN05516,Transport,AES-256-GCM,modp3072(15),On,IPv6,dns_query,40.0,3.0,0.5,0.1,182.2,Strong,2.2
TRN03556,Tunnel,AES-128,modp1024(2),Off,IPv4,web_browsing,522.4,16.0,31.6,0.69,172.0,Weak,8.2
TRN05604,Transport,3DES,modp6144(17),On,IPv6,dns_query,62.2,4.6,0.5,0.12,188.9,Medium,4.0
TRN01936,Tunnel,3DES,modp1024(2),On,IPv4,file_transfer,1360.8,102.1,49.4,0.84,184.2,Weak,8.5
TRN06347,Transport,AES-256,modp2048(14),Off,IPv6,icmp,64.6,3.0,18.6,0.04,90.2,Medium,3.6
TRN04057,Tunnel,AES-256-GCM,modp6144(17),Off,IPv4,dns_query,81.5,1.9,0.5,0.1,146.9,Strong,2.5
TRN04040,Transport,AES-192,modp8192(21),On,IPv4,dns_query,40.0,3.9,0.5,0.12,218.4,Strong,2.3
TRN00808,Transport,AES-128,modp1024(2),On,IPv4,video_streaming,1407.1,88.5,1257.0,0.59,159.2,Weak,8.8
TRN02046,Transport,AES-192,modp3072(15),On,IPv4,whatsapp_msg,126.2,4.4,4.5,0.26,173.5,Strong,1.7
TRN05613,Tunnel,AES-256,modp3072(15),Off,IPv6,whatsapp_msg,178.8,2.5,11.0,0.22,199.4,Strong,0.3
TRN00463,Tunnel,AES-128,modp6144(17),On,IPv6,web_browsing,465.2,17.0,25.6,0.4,162.9,Strong,1.3
TRN02928,Tunnel,AES-128,modp1536(5),Off,IPv6,whatsapp_msg,146.2,5.2,0.5,0.25,128.5,Weak,7.5
TRN01957,Transport,AES-256-GCM,modp4096(16),Off,IPv6,whatsapp_msg,160.3,8.3,0.5,0.3,149.2,Strong,1.7
TRN02446,Tunnel,AES-256,modp4096(16),On,IPv4,icmp,61.9,3.2,0.5,0.02,125.8,Strong,2.2
TRN05517,Tunnel,3DES,modp1536(5),On,IPv4,web_browsing,550.2,17.4,5.5,0.56,232.2,Weak,9.3
TRN04718,Tunnel,DES,modp768(1),Off,IPv6,email,575.6,8.1,0.5,0.32,142.4,Weak,9.3
TRN04948,Tunnel,AES-192,modp768(1),On,IPv6,file_transfer,1436.8,129.6,310.8,0.8,154.0,Weak,8.0
TRN03236,Transport,AES-256-GCM,modp1536(5),Off,IPv6,dns_query,75.6,2.8,0.5,0.09,114.8,Medium,6.6
TRN00800,Tunnel,AES-256-GCM,modp2048(14),Off,IPv6,file_transfer,1396.1,139.4,64.3,0.84,134.3,Medium,2.8
TRN02403,Transport,DES,modp6144(17),On,IPv6,dns_query,85.7,1.8,0.6,0.08,211.9,Medium,5.3
TRN04619,Transport,DES,modp3072(15),Off,IPv4,file_transfer,1346.0,131.8,0.5,0.86,129.7,Weak,8.1
TRN01074,Tunnel,AES-192,modp768(1),On,IPv6,icmp,62.9,1.9,13.1,0.08,182.3,Weak,8.8
TRN04435,Tunnel,3DES,modp4096(16),Off,IPv4,voip,99.2,42.9,0.5,0.24,45.8,Medium,4.2
TRN06549,Transport,DES,modp2048(14),Off,IPv6,voip,118.5,45.2,0.5,0.27,125.3,Weak,10.0
TRN00145,Transport,AES-192,modp2048(14),Off,IPv6,dns_query,81.9,5.8,3.0,0.08,139.9,Medium,4.8
TRN06602,Tunnel,AES-192,modp6144(17),Off,IPv4,icmp,59.3,2.0,0.5,0.02,182.3,Strong,0.6
TRN01341,Transport,AES-192,modp1024(2),On,IPv4,dns_query,109.2,2.2,2.5,0.14,122.9,Medium,4.0
TRN04099,Tunnel,3DES,modp1024(2),On,IPv4,voip,84.6,30.6,0.5,0.11,185.9,Weak,6.9
TRN07589,Transport,AES-256,modp3072(15),On,IPv6,dns_query,86.1,4.7,0.9,0.08,119.4,Strong,2.8
TRN02092,Transport,AES-256,modp1536(5),On,IPv4,web_browsing,237.6,13.9,25.7,0.29,177.9,Medium,4.5
TRN06862,Transport,AES-192,modp8192(21),On,IPv4,web_browsing,363.5,15.8,52.6,0.67,154.4,Strong,2.8
TRN05675,Transport,DES,modp6144(17),On,IPv6,video_streaming,1411.7,84.5,663.5,0.63,92.7,Medium,5.5
TRN05795,Transport,AES-192,modp4096(16),Off,IPv6,email,627.9,4.4,0.5,0.29,118.1,Strong,2.8
TRN05472,Tunnel,AES-128,modp6144(17),On,IPv4,email,540.9,9.6,0.5,0.39,99.3,Strong,0.3
TRN05826,Tunnel,AES-192,modp768(1),On,IPv4,whatsapp_msg,217.3,5.0,2.5,0.25,96.3,Weak,9.6
TRN05961,Tunnel,AES-128,modp1536(5),On,IPv6,email,740.1,11.8,8.7,0.39,238.2,Weak,8.1
TRN03541,Tunnel,AES-128,modp8192(21),Off,IPv4,email,629.0,7.2,7.6,0.17,182.5,Strong,1.8
TRN04739,Tunnel,DES,modp6144(17),On,IPv6,email,588.8,7.3,13.7,0.49,146.8,Medium,5.9
TRN05508,Transport,AES-256,modp2048(14),Off,IPv6,file_transfer,1397.4,94.0,157.3,0.83,82.4,Medium,3.9
TRN01004,Tunnel,AES-256,modp768(1),Off,IPv6,dns_query,108.8,2.3,0.5,0.15,143.4,Weak,8.8
TRN04369,Transport,3DES,modp8192(21),On,IPv6,file_transfer,1395.7,123.2,0.5,0.75,221.3,Medium,3.3
TRN05843,Transport,AES-256-GCM,modp8192(21),On,IPv6,email,792.1,1.8,0.5,0.28,119.5,Strong,2.0
TRN05108,Transport,AES-192,modp768(1),Off,IPv4,file_transfer,1461.0,153.2,0.5,0.88,84.6,Weak,9.2
TRN03471,Transport,AES-128,modp1024(2),On,IPv4,dns_query,103.2,5.3,0.5,0.12,174.5,Weak,8.6
TRN04271,Tunnel,AES-256-GCM,modp768(1),On,IPv6,video_streaming,1261.0,103.1,274.5,0.59,72.7,Medium,7.0
TRN00556,Transport,3DES,modp1024(2),Off,IPv6,web_browsing,448.2,16.1,0.5,0.53,212.3,Weak,8.8
TRN03892,Transport,AES-128,modp1536(5),On,IPv4,whatsapp_msg,89.0,6.5,0.5,0.13,214.6,Medium,3.8
TRN04824,Transport,DES,modp6144(17),On,IPv6,email,777.9,2.2,13.4,0.3,111.7,Medium,4.7
TRN08215,Transport,DES,modp6144(17),Off,IPv4,whatsapp_msg,161.1,7.4,0.5,0.4,162.4,Medium,4.7
TRN01486,Transport,3DES,modp1536(5),Off,IPv6,web_browsing,523.2,9.6,0.5,0.61,78.4,Weak,7.0
TRN07001,Transport,AES-192,modp8192(21),On,IPv6,whatsapp_msg,202.7,6.2,0.7,0.36,90.0,Strong,1.6
TRN01273,Transport,DES,modp6144(17),Off,IPv4,video_streaming,1298.7,89.9,43.7,0.66,146.6,Medium,5.3
TRN07346,Tunnel,AES-256-GCM,modp8192(21),On,IPv6,icmp,63.7,2.4,2.1,0.06,117.3,Strong,1.8
TRN01412,Transport,AES-256-GCM,modp1536(5),On,IPv6,file_transfer,1401.0,113.0,245.9,0.88,93.5,Medium,3.8
TRN08419,Transport,AES-192,modp3072(15),Off,IPv6,icmp,59.6,1.8,14.1,0.05,178.1,Medium,3.5
TRN00754,Transport,AES-128,modp8192(21),On,IPv4,email,431.1,4.2,1.8,0.41,125.5,Strong,2.1
TRN01472,Tunnel,DES,modp4096(16),Off,IPv6,dns_query,66.6,3.9,1.5,0.1,121.6,Weak,9.9
TRN04327,Tunnel,3DES,modp1024(2),Off,IPv6,video_streaming,1356.8,96.5,144.4,0.52,116.4,Weak,7.0
TRN07651,Transport,AES-128,modp3072(15),Off,IPv6,email,244.4,11.3,0.5,0.29,177.9,Medium,6.5
TRN08946,Transport,DES,modp1024(2),On,IPv6,whatsapp_msg,109.3,9.4,5.6,0.29,145.8,Weak,8.7
TRN06948,Transport,3DES,modp6144(17),Off,IPv4,icmp,67.9,1.7,6.1,0.05,146.9,Medium,5.4
TRN03077,Tunnel,AES-192,modp8192(21),Off,IPv6,email,384.8,8.4,6.8,0.36,66.2,Strong,0.6
TRN05654,Transport,AES-128,modp8192(21),On,IPv6,dns_query,85.6,1.5,2.0,0.1,133.4,Strong,2.6
TRN06450,Transport,3DES,modp1536(5),Off,IPv6,file_transfer,1460.7,103.2,23.7,0.71,19.6,Weak,8.0
TRN03289,Transport,AES-128,modp2048(14),On,IPv4,voip,108.1,61.5,77.3,0.12,69.9,Medium,5.9
TRN04754,Tunnel,DES,modp1536(5),On,IPv4,dns_query,69.8,3.8,0.5,0.17,202.2,Weak,8.2
TRN07434,Transport,DES,modp2048(14),On,IPv6,icmp,57.5,2.1,0.5,0.06,164.9,Weak,8.9
TRN00982,Transport,AES-256,modp1024(2),On,IPv4,web_browsing,461.5,17.7,0.5,0.48,119.2,Medium,4.3
TRN08242,Transport,AES-128,modp1536(5),Off,IPv4,web_browsing,544.4,22.5,1.3,0.62,176.2,Weak,7.6
TRN04120,Transport,AES-192,modp8192(21),Off,IPv6,whatsapp_msg,153.4,5.2,1.5,0.39,173.3,Strong,1.0
TRN02723,Transport,AES-128,modp8192(21),On,IPv4,voip,119.1,55.8,241.4,0.24,174.8,Strong,0.9
TRN08420,Transport,3DES,modp4096(16),On,IPv4,whatsapp_msg,124.1,8.5,2.1,0.43,187.9,Medium,4.0
TRN01269,Transport,AES-128,modp6144(17),Off,IPv6,web_browsing,476.4,11.6,0.5,0.63,8.0,Strong,1.0
TRN02463,Tunnel,AES-128,modp8192(21),On,IPv6,voip,96.3,57.7,0.5,0.23,126.7,Strong,0.4
TRN04406,Transport,DES,modp1024(2),Off,IPv6,whatsapp_msg,183.8,7.3,5.5,0.3,176.6,Weak,8.6
TRN00269,Tunnel,AES-256,modp1024(2),On,IPv4,web_browsing,363.8,12.5,14.9,0.49,185.9,Medium,4.2
TRN00655,Transport,AES-256,modp8192(21),Off,IPv4,voip,105.4,61.6,0.5,0.12,139.9,Strong,2.3
TRN05524,Transport,3DES,modp1024(2),On,IPv6,email,603.6,5.7,0.5,0.18,197.7,Weak,7.5
TRN05071,Transport,AES-192,modp1536(5),On,IPv4,web_browsing,217.2,17.6,36.0,0.4,188.7,Medium,4.2
TRN08214,Transport,3DES,modp1536(5),On,IPv4,video_streaming,1213.1,80.1,17.3,0.67,142.9,Weak,9.0
TRN02414,Transport,AES-128,modp6144(17),Off,IPv4,dns_query,81.0,2.2,0.5,0.11,183.0,Strong,1.3
TRN06005,Tunnel,AES-256-GCM,modp6144(17),On,IPv6,email,624.7,8.4,5.7,0.34,155.7,Strong,1.2
TRN02822,Tunnel,3DES,modp768(1),Off,IPv6,web_browsing,362.7,21.9,3.8,0.61,186.4,Weak,8.7
TRN00429,Transport,AES-128,modp3072(15),Off,IPv6,dns_query,73.0,2.3,1.0,0.14,174.9,Medium,6.9
TRN00590,Tunnel,AES-192,modp8192(21),On,IPv4,icmp,67.6,2.0,1.6,0.05,81.7,Strong,0.8
TRN00496,Transport,3DES,modp768(1),Off,IPv6,voip,100.3,40.0,388.4,0.17,195.8,Weak,8.6
TRN04033,Tunnel,AES-192,modp4096(16),Off,IPv4,whatsapp_msg,165.6,7.3,0.5,0.25,122.4,Medium,2.8
TRN04229,Tunnel,DES,modp4096(16),On,IPv6,file_transfer,1403.8,97.2,59.2,0.68,195.0,Medium,4.9
TRN05370,Tunnel,AES-256,modp1024(2),On,IPv6,whatsapp_msg,168.4,0.3,0.5,0.23,110.0,Medium,4.1
TRN05404,Tunnel,3DES,modp1536(5),Off,IPv6,file_transfer,1401.1,114.3,0.5,0.72,181.2,Weak,8.6
TRN06158,Tunnel,AES-128,modp4096(16),On,IPv4,web_browsing,382.9,16.5,0.5,0.46,184.2,Strong,3.4
TRN06411,Transport,3DES,modp6144(17),On,IPv4,web_browsing,125.2,16.3,0.5,0.39,171.7,Medium,4.3
TRN00529,Transport,3DES,modp768(1),Off,IPv6,email,554.1,8.1,6.5,0.46,122.6,Weak,6.8
TRN01809,Transport,AES-256-GCM,modp1024(2),On,IPv4,web_browsing,306.0,18.8,32.7,0.49,166.4,Medium,6.8
TRN07750,Tunnel,DES,modp1024(2),Off,IPv6,whatsapp_msg,237.9,7.7,17.4,0.24,163.2,Weak,9.6
TRN02056,Tunnel,AES-192,modp4096(16),Off,IPv6,icmp,68.5,2.1,0.5,0.04,166.1,Strong,1.8
TRN01232,Tunnel,AES-256,modp1536(5),Off,IPv4,dns_query,82.8,3.0,0.7,0.14,89.4,Medium,3.7
TRN02029,Tunnel,AES-128,modp8192(21),On,IPv6,voip,103.6,40.0,0.6,0.2,95.4,Strong,3.1
TRN05494,Transport,AES-192,modp6144(17),Off,IPv4,whatsapp_msg,146.3,5.8,10.3,0.35,184.3,Strong,1.4
TRN00678,Transport,3DES,modp6144(17),Off,IPv4,video_streaming,1384.2,79.8,0.5,0.55,111.6,Medium,4.7
TRN07096,Transport,AES-128,modp4096(16),Off,IPv6,icmp,80.2,1.9,10.9,0.05,163.9,Medium,2.5
TRN06594,Tunnel,3DES,modp1024(2),Off,IPv4,icmp,79.9,2.7,14.1,0.02,115.2,Weak,9.8
TRN06417,Tunnel,AES-192,modp2048(14),Off,IPv4,email,282.9,8.0,0.5,0.46,121.2,Medium,3.3
TRN08407,Tunnel,AES-192,modp1536(5),Off,IPv4,whatsapp_msg,192.0,6.3,3.6,0.24,198.4,Medium,6.7
TRN07441,Transport,DES,modp6144(17),Off,IPv6,icmp,81.3,1.7,12.7,0.09,198.1,Medium,3.5
TRN02742,Transport,AES-256-GCM,modp1024(2),Off,IPv4,voip,119.3,32.1,182.4,0.29,70.2,Medium,7.0
TRN04092,Transport,AES-128,modp1024(2),On,IPv6,whatsapp_msg,140.6,5.5,0.5,0.31,194.2,Weak,8.1
TRN04012,Tunnel,AES-128,modp6144(17),On,IPv6,whatsapp_msg,236.1,8.4,0.5,0.12,163.2,Strong,1.0
TRN08806,Tunnel,AES-128,modp768(1),On,IPv4,voip,99.9,51.8,7.4,0.23,160.5,Weak,7.7
TRN02433,Tunnel,DES,modp1024(2),Off,IPv4,voip,90.7,48.0,0.5,0.28,186.1,Weak,8.8
TRN05093,Transport,AES-192,modp6144(17),On,IPv6,dns_query,67.1,3.2,0.5,0.13,119.5,Strong,1.4
TRN05389,Transport,AES-256,modp768(1),On,IPv6,icmp,46.8,1.5,11.2,0.05,145.0,Medium,5.6
TRN00552,Tunnel,AES-192,modp1024(2),On,IPv4,web_browsing,518.7,14.2,14.5,0.58,73.7,Weak,6.5
TRN05023,Transport,AES-256,modp3072(15),On,IPv6,video_streaming,1599.3,79.3,955.7,0.59,221.5,Strong,2.9
TRN04043,Transport,AES-192,modp1024(2),On,IPv6,file_transfer,1329.5,103.2,185.0,0.71,161.2,Weak,9.1
TRN03784,Tunnel,AES-256,modp768(1),Off,IPv4,dns_query,103.9,3.6,0.5,0.06,160.1,Weak,7.4
TRN01612,Transport,DES,modp4096(16),On,IPv4,file_transfer,1420.0,100.9,290.2,0.62,191.8,Medium,4.1
TRN04422,Transport,AES-128,modp2048(14),On,IPv6,email,292.2,10.0,1.3,0.33,129.4,Medium,4.5
TRN05212,Transport,3DES,modp3072(15),Off,IPv4,voip,139.5,49.6,0.5,0.28,147.7,Medium,5.1
TRN08246,Tunnel,3DES,modp2048(14),Off,IPv4,voip,113.7,53.7,0.5,0.14,181.1,Weak,6.9
TRN03795,Tunnel,AES-256,modp3072(15),On,IPv4,file_transfer,1372.3,89.5,0.5,0.73,150.2,Strong,1.6
TRN00674,Tunnel,DES,modp8192(21),On,IPv4,dns_query,79.6,1.1,0.5,0.13,101.4,Medium,6.5
TRN07179,Transport,AES-256-GCM,modp3072(15),Off,IPv4,icmp,64.7,1.4,12.3,0.02,165.2,Strong,0.9
TRN04882,Transport,3DES,modp4096(16),On,IPv4,email,799.0,6.5,2.6,0.46,127.8,Medium,5.6
TRN07021,Transport,3DES,modp1536(5),Off,IPv4,file_transfer,1538.4,118.3,108.4,0.76,160.9,Weak,7.5
TRN05072,Transport,AES-192,modp1024(2),Off,IPv4,whatsapp_msg,169.6,4.7,0.5,0.22,155.3,Weak,7.8
TRN08515,Tunnel,AES-256-GCM,modp6144(17),Off,IPv6,whatsapp_msg,246.3,6.5,0.8,0.18,185.0,Strong,2.7
TRN04589,Tunnel,AES-256,modp2048(14),Off,IPv4,web_browsing,325.8,12.2,0.5,0.28,158.7,Medium,4.6
TRN00606,Transport,3DES,modp1024(2),Off,IPv4,web_browsing,345.8,14.1,11.6,0.63,193.2,Weak,8.6
TRN05730,Tunnel,3DES,modp8192(21),On,IPv4,file_transfer,1504.7,113.7,0.5,0.74,154.6,Strong,2.5
TRN07052,Tunnel,3DES,modp2048(14),Off,IPv6,web_browsing,490.0,17.0,9.9,0.46,202.1,Weak,7.4
TRN05779,Transport,AES-192,modp768(1),On,IPv6,email,821.4,12.7,3.6,0.39,177.3,Weak,8.3
TRN01469,Transport,3DES,modp4096(16),On,IPv4,dns_query,86.6,4.0,1.3,0.1,114.4,Medium,4.9
TRN07884,Tunnel,3DES,modp4096(16),On,IPv4,file_transfer,1397.2,110.0,0.5,0.63,171.0,Medium,5.5
TRN01983,Transport,DES,modp1536(5),Off,IPv4,whatsapp_msg,98.3,8.6,10.2,0.25,200.1,Weak,8.5
TRN04786,Transport,AES-256-GCM,modp4096(16),On,IPv6,whatsapp_msg,98.5,7.1,0.5,0.3,71.0,Strong,2.8
TRN00891,Transport,AES-256-GCM,modp1024(2),On,IPv4,video_streaming,1023.5,110.6,152.0,0.58,117.5,Medium,4.6
TRN06833,Tunnel,AES-128,modp6144(17),On,IPv6,video_streaming,1150.0,98.3,902.0,0.67,75.0,Strong,1.5
TRN08016,Tunnel,3DES,modp1024(2),On,IPv6,file_transfer,1441.4,81.6,129.4,0.73,103.0,Weak,8.1
TRN00844,Tunnel,AES-128,modp4096(16),On,IPv4,video_streaming,1402.5,110.9,0.5,0.46,70.0,Medium,4.8
TRN02156,Tunnel,AES-128,modp1536(5),On,IPv6,dns_query,88.0,2.6,0.5,0.1,86.1,Medium,5.8
TRN04774,Tunnel,AES-256,modp1536(5),Off,IPv4,web_browsing,540.3,12.9,0.5,0.76,111.4,Medium,4.1
TRN08795,Transport,AES-256,modp1536(5),Off,IPv6,video_streaming,1475.4,99.2,0.5,0.85,176.3,Medium,4.1
TRN02078,Transport,AES-256,modp768(1),On,IPv4,icmp,52.5,2.4,0.5,0.04,198.0,Weak,7.9
TRN05585,Transport,AES-192,modp3072(15),Off,IPv4,file_transfer,1340.7,100.5,115.3,0.77,166.4,Medium,6.0
TRN05007,Tunnel,AES-192,modp3072(15),Off,IPv6,web_browsing,469.8,22.9,24.3,0.52,205.3,Medium,3.2
TRN05475,Transport,DES,modp8192(21),Off,IPv6,email,736.5,9.5,0.5,0.21,91.3,Medium,5.0
TRN03521,Transport,DES,modp1536(5),On,IPv4,icmp,73.2,1.3,8.5,0.05,201.0,Weak,9.6
TRN04695,Tunnel,DES,modp4096(16),On,IPv4,whatsapp_msg,205.4,7.1,0.5,0.24,197.9,Medium,4.7
TRN02800,Tunnel,3DES,modp1024(2),Off,IPv6,email,180.2,12.6,0.5,0.11,131.5,Weak,7.5
TRN05833,Tunnel,AES-128,modp2048(14),Off,IPv6,icmp,49.8,2.3,0.5,0.03,167.5,Medium,5.4
TRN00585,Tunnel,AES-192,modp768(1),Off,IPv4,whatsapp_msg,146.5,5.3,8.0,0.14,203.6,Weak,7.5
TRN03269,Transport,AES-256-GCM,modp1536(5),Off,IPv4,dns_query,83.0,1.4,1.6,0.12,114.0,Medium,4.2
TRN08389,Tunnel,AES-256,modp768(1),On,IPv6,web_browsing,341.8,15.1,0.5,0.4,62.0,Medium,5.4
TRN04003,Tunnel,AES-192,modp768(1),Off,IPv4,video_streaming,1413.0,103.7,0.5,0.53,62.0,Weak,7.4
TRN05437,Transport,AES-192,modp1024(2),Off,IPv4,video_streaming,1098.0,76.0,679.2,0.62,155.7,Weak,10.0
TRN04126,Transport,3DES,modp6144(17),Off,IPv4,email,651.4,8.0,2.8,0.33,221.6,Medium,4.6
TRN05825,Tunnel,AES-256-GCM,modp2048(14),Off,IPv4,dns_query,94.8,4.0,0.5,0.03,241.2,Strong,1.5
TRN08183,Tunnel,AES-256-GCM,modp4096(16),On,IPv4,whatsapp_msg,165.2,6.7,0.5,0.4,183.6,Strong,1.3
TRN06262,Tunnel,AES-256,modp2048(14),On,IPv6,email,686.4,4.2,0.5,0.35,157.1,Medium,3.6
TRN04163,Tunnel,DES,modp768(1),On,IPv6,video_streaming,1077.5,93.4,666.7,0.64,89.7,Weak,8.1
TRN04536,Transport,AES-256,modp4096(16),Off,IPv4,file_transfer,1351.1,89.3,140.4,0.83,76.9,Strong,2.8
TRN06006,Tunnel,DES,modp8192(21),Off,IPv6,whatsapp_msg,101.9,8.5,0.6,0.22,253.5,Medium,4.3
TRN04587,Tunnel,3DES,modp1024(2),On,IPv6,file_transfer,1490.3,105.5,0.5,0.8,229.0,Weak,8.4
TRN04211,Transport,AES-256,modp4096(16),On,IPv4,voip,106.3,35.9,51.8,0.23,181.7,Strong,1.7
TRN08825,Transport,AES-256,modp4096(16),Off,IPv4,email,735.3,6.2,0.5,0.29,55.5,Strong,2.0
TRN02551,Transport,DES,modp6144(17),Off,IPv4,icmp,73.8,1.7,2.6,0.04,182.3,Medium,2.6
TRN06908,Tunnel,AES-128,modp1536(5),On,IPv4,voip,123.9,45.6,0.5,0.29,108.5,Weak,7.8
TRN06313,Transport,AES-128,modp6144(17),Off,IPv6,video_streaming,1184.7,100.7,0.5,0.57,169.1,Strong,0.9
TRN00345,Transport,DES,modp768(1),Off,IPv4,file_transfer,1413.2,144.5,37.9,0.82,181.8,Weak,7.3
TRN02186,Transport,AES-192,modp1024(2),On,IPv4,email,655.0,9.3,0.5,0.18,204.5,Medium,5.4
TRN05166,Tunnel,AES-192,modp1536(5),On,IPv4,whatsapp_msg,150.6,6.8,0.5,0.34,130.6,Medium,4.5
TRN07013,Tunnel,AES-256,modp768(1),Off,IPv6,icmp,57.1,1.8,0.5,0.08,173.8,Weak,6.4
TRN06426,Tunnel,DES,modp768(1),On,IPv4,whatsapp_msg,160.0,1.5,3.9,0.31,86.8,Weak,8.2
TRN03839,Transport,AES-192,modp2048(14),Off,IPv6,video_streaming,1163.6,112.7,951.3,0.66,150.7,Medium,5.6
TRN08704,Transport,AES-192,modp3072(15),On,IPv4,file_transfer,1404.3,152.8,371.6,0.8,279.7,Medium,5.7
TRN00872,Transport,AES-128,modp6144(17),Off,IPv4,video_streaming,1177.8,76.9,138.9,0.56,149.4,Medium,5.3
TRN04464,Transport,DES,modp4096(16),Off,IPv4,icmp,75.3,2.0,0.5,0.06,158.5,Weak,7.0
TRN08477,Transport,AES-256-GCM,modp2048(14),Off,IPv4,whatsapp_msg,146.3,7.7,8.1,0.02,156.0,Strong,1.7
TRN05890,Transport,AES-128,modp3072(15),Off,IPv6,file_transfer,1301.8,65.3,225.7,0.77,118.0,Medium,3.9
TRN08693,Tunnel,AES-256-GCM,modp2048(14),On,IPv6,email,601.8,10.5,24.7,0.32,175.6,Strong,1.0
TRN00091,Transport,3DES,modp8192(21),Off,IPv6,voip,109.4,44.1,0.5,0.25,188.3,Medium,5.9
TRN08399,Tunnel,AES-256,modp1024(2),On,IPv4,web_browsing,593.9,14.3,0.5,0.14,221.4,Medium,4.2
TRN05172,Transport,AES-128,modp768(1),On,IPv6,icmp,56.0,1.2,11.5,0.09,99.8,Weak,7.3
TRN06077,Tunnel,DES,modp1024(2),On,IPv6,icmp,70.0,2.4,0.5,0.06,108.7,Weak,7.1
TRN06144,Transport,AES-256,modp1536(5),Off,IPv6,web_browsing,454.7,21.6,41.7,0.6,154.2,Medium,4.0
TRN07885,Transport,3DES,modp1536(5),Off,IPv4,file_transfer,1456.5,77.1,15.9,1.0,150.6,Weak,9.9
TRN08166,Transport,AES-256-GCM,modp3072(15),Off,IPv4,email,822.0,11.2,14.0,0.39,147.3,Strong,1.3
TRN06356,Tunnel,DES,modp4096(16),Off,IPv6,whatsapp_msg,209.2,4.5,5.7,0.17,170.6,Weak,9.8
TRN02118,Transport,DES,modp3072(15),Off,IPv4,whatsapp_msg,113.0,6.6,0.5,0.34,141.6,Weak,8.2
TRN02938,Transport,DES,modp2048(14),Off,IPv6,whatsapp_msg,98.3,6.7,0.5,0.39,200.5,Weak,8.0
TRN08311,Tunnel,AES-256,modp1536(5),Off,IPv4,whatsapp_msg,113.1,5.8,8.3,0.25,227.3,Medium,5.5
TRN07437,Tunnel,AES-256-GCM,modp768(1),Off,IPv4,email,772.3,7.9,29.6,0.21,168.8,Medium,6.4
TRN02837,Transport,DES,modp2048(14),Off,IPv6,dns_query,82.0,2.9,0.5,0.07,147.2,Weak,6.8
TRN03097,Tunnel,AES-256,modp1024(2),Off,IPv4,dns_query,92.9,3.4,3.1,0.12,228.1,Weak,7.0
TRN05606,Transport,DES,modp4096(16),On,IPv4,voip,73.4,48.4,374.2,0.15,151.2,Medium,3.7
TRN05648,Tunnel,DES,modp1024(2),Off,IPv4,whatsapp_msg,140.8,6.1,16.1,0.26,122.4,Weak,7.4
TRN00948,Transport,3DES,modp768(1),Off,IPv6,file_transfer,1362.5,131.1,0.5,0.75,114.8,Weak,6.8
TRN02926,Tunnel,AES-128,modp2048(14),Off,IPv4,web_browsing,327.7,17.1,0.5,0.21,145.4,Medium,3.9
TRN04339,Tunnel,AES-256,modp2048(14),On,IPv4,web_browsing,463.3,15.2,22.0,0.6,175.3,Strong,1.4
TRN03215,Tunnel,DES,modp3072(15),On,IPv6,dns_query,78.0,2.3,2.5,0.14,106.4,Medium,3.4
TRN07866,Transport,AES-256-GCM,modp3072(15),On,IPv4,email,888.9,1.2,0.5,0.24,214.7,Strong,0.9
TRN06145,Tunnel,AES-256-GCM,modp6144(17),On,IPv4,email,309.7,10.6,13.0,0.23,107.1,Strong,1.8
TRN00884,Tunnel,AES-192,modp6144(17),On,IPv6,voip,141.5,66.5,0.5,0.21,178.6,Strong,0.8
TRN07628,Tunnel,AES-128,modp3072(15),Off,IPv6,web_browsing,267.4,12.8,3.7,0.42,219.0,Medium,5.9
TRN05671,Tunnel,AES-256,modp2048(14),On,IPv4,icmp,66.6,2.0,0.5,0.06,72.0,Strong,3.0
TRN07257,Tunnel,AES-256-GCM,modp6144(17),Off,IPv6,email,478.1,4.4,5.1,0.26,211.4,Strong,1.8
TRN05678,Tunnel,DES,modp3072(15),On,IPv4,email,490.7,9.7,19.8,0.23,121.4,Medium,3.7
TRN00628,Transport,DES,modp768(1),On,IPv4,web_browsing,296.4,11.1,22.5,0.57,212.4,Weak,7.9
TRN01457,Tunnel,AES-256,modp3072(15),On,IPv6,dns_query,54.6,4.9,0.5,0.07,101.6,Strong,1.5
TRN08601,Transport,AES-256,modp768(1),On,IPv6,dns_query,118.4,2.2,0.5,0.07,53.6,Weak,9.3
TRN07232,Transport,AES-128,modp1536(5),On,IPv4,video_streaming,1300.2,91.2,0.5,0.72,161.3,Weak,7.6
TRN06556,Tunnel,3DES,modp768(1),Off,IPv6,web_browsing,387.2,2.4,19.9,0.47,174.6,Weak,6.8
TRN07775,Tunnel,DES,modp768(1),On,IPv4,icmp,57.3,2.1,0.5,0.04,110.6,Weak,7.1
TRN05839,Transport,3DES,modp6144(17),On,IPv6,web_browsing,429.8,11.0,0.5,0.29,115.4,Medium,6.5
TRN06538,Tunnel,DES,modp6144(17),Off,IPv4,web_browsing,398.9,8.3,47.2,0.5,187.1,Medium,3.5
TRN08632,Transport,AES-256,modp8192(21),Off,IPv6,whatsapp_msg,68.4,7.1,9.4,0.19,221.2,Strong,1.3
TRN07018,Tunnel,3DES,modp8192(21),Off,IPv4,dns_query,94.0,3.3,0.5,0.16,134.1,Medium,3.7
TRN06875,Tunnel,3DES,modp4096(16),Off,IPv4,web_browsing,423.0,21.4,47.0,0.46,133.8,Medium,4.6
TRN02416,Tunnel,AES-128,modp4096(16),Off,IPv6,file_transfer,1399.9,99.7,299.9,0.72,178.0,Medium,3.7
TRN05928,Tunnel,DES,modp768(1),Off,IPv4,email,564.8,4.4,47.5,0.39,244.3,Weak,10.0
TRN07424,Transport,3DES,modp2048(14),Off,IPv6,video_streaming,1222.8,112.4,508.4,0.62,187.0,Weak,10.0
TRN04467,Tunnel,AES-192,modp2048(14),Off,IPv4,icmp,72.9,1.7,1.4,0.02,166.6,Medium,4.7
TRN05490,Transport,DES,modp6144(17),Off,IPv6,web_browsing,400.5,13.0,2.1,0.39,176.4,Medium,6.8
TRN06591,Tunnel,DES,modp3072(15),On,IPv4,file_transfer,1423.1,116.1,56.7,0.81,115.3,Weak,7.7
TRN08318,Tunnel,AES-192,modp2048(14),Off,IPv6,email,863.8,15.5,4.0,0.37,152.9,Medium,4.4
TRN02900,Transport,DES,modp1536(5),Off,IPv6,email,862.8,6.9,0.5,0.17,107.9,Weak,9.6
TRN00434,Tunnel,AES-192,modp8192(21),Off,IPv6,video_streaming,1334.0,93.7,372.3,0.65,208.5,Strong,1.1
TRN02399,Tunnel,AES-128,modp4096(16),Off,IPv6,email,558.0,7.2,0.5,0.32,109.7,Medium,4.7
TRN02210,Transport,AES-128,modp8192(21),On,IPv6,email,482.7,10.8,0.5,0.43,202.3,Strong,1.3
TRN01711,Transport,AES-192,modp1024(2),On,IPv4,video_streaming,1177.3,67.9,370.5,0.75,230.3,Medium,5.8
TRN03354,Tunnel,DES,modp4096(16),Off,IPv6,dns_query,85.9,3.7,0.5,0.11,213.9,Medium,4.8
TRN08471,Transport,AES-128,modp1024(2),Off,IPv6,video_streaming,1142.6,112.6,0.5,0.7,202.1,Weak,8.0
TRN00105,Tunnel,AES-256-GCM,modp1536(5),On,IPv6,icmp,70.6,2.2,0.5,0.1,116.0,Medium,6.0
TRN05757,Tunnel,DES,modp1024(2),Off,IPv4,file_transfer,1387.8,136.4,95.9,0.82,153.4,Weak,9.0
TRN01187,Tunnel,DES,modp768(1),Off,IPv4,voip,118.0,52.3,0.5,0.22,180.2,Weak,10.0
TRN07840,Transport,AES-192,modp4096(16),On,IPv4,web_browsing,272.6,17.9,32.8,0.5,146.8,Strong,0.3
TRN03185,Transport,AES-256-GCM,modp4096(16),On,IPv4,file_transfer,1398.2,117.2,0.5,0.74,173.8,Strong,2.1
TRN08812,Tunnel,3DES,modp2048(14),On,IPv6,web_browsing,435.5,17.0,13.5,0.56,108.3,Medium,4.3
TRN06398,Tunnel,AES-256,modp1536(5),On,IPv4,dns_query,84.2,2.6,2.7,0.11,117.3,Medium,5.8
TRN07047,Tunnel,AES-192,modp1024(2),On,IPv4,web_browsing,248.5,15.2,9.4,0.42,144.5,Medium,3.8
TRN08417,Transport,AES-192,modp1024(2),Off,IPv4,voip,152.1,45.3,99.5,0.19,139.2,Weak,9.0
TRN08898,Transport,AES-256,modp1536(5),On,IPv6,voip,138.6,37.9,0.5,0.3,118.8,Medium,6.0
TRN00152,Transport,3DES,modp4096(16),On,IPv6,whatsapp_msg,133.8,4.2,0.5,0.14,100.2,Medium,4.4
TRN03283,Tunnel,AES-128,modp2048(14),Off,IPv4,video_streaming,1248.6,70.6,0.5,0.66,88.0,Medium,3.2
TRN06170,Transport,AES-256,modp768(1),On,IPv4,file_transfer,1349.0,122.3,178.2,0.87,261.1,Weak,9.0
TRN05014,Transport,3DES,modp6144(17),On,IPv6,voip,116.5,48.0,221.5,0.3,138.6,Medium,5.0
TRN00916,Tunnel,AES-256-GCM,modp2048(14),Off,IPv4,voip,118.0,36.7,241.5,0.21,104.4,Medium,5.0
TRN01306,Tunnel,3DES,modp8192(21),On,IPv6,email,452.9,9.2,0.5,0.4,149.0,Medium,3.8
TRN04398,Transport,AES-256-GCM,modp3072(15),Off,IPv6,email,625.8,4.2,23.4,0.24,144.1,Strong,2.5
TRN03050,Tunnel,3DES,modp1024(2),On,IPv4,icmp,58.7,2.6,0.5,0.06,171.7,Weak,8.9
TRN08450,Tunnel,AES-192,modp768(1),On,IPv6,web_browsing,361.6,21.6,0.5,0.52,236.4,Weak,7.2
TRN08107,Tunnel,AES-256-GCM,modp1024(2),On,IPv4,dns_query,80.8,2.8,1.8,0.1,223.7,Medium,3.2
TRN08567,Transport,AES-256,modp768(1),Off,IPv6,icmp,72.2,2.0,0.5,0.08,154.8,Weak,8.4
TRN07032,Transport,AES-256,modp8192(21),On,IPv4,video_streaming,1232.1,64.3,173.7,0.62,188.3,Strong,2.5
TRN05764,Tunnel,AES-128,modp1024(2),On,IPv6,email,906.5,6.1,18.8,0.27,127.8,Weak,8.3
TRN05154,Transport,DES,modp768(1),On,IPv6,icmp,62.2,2.4,0.5,0.03,91.5,Weak,7.4
TRN03922,Transport,AES-256,modp4096(16),Off,IPv6,email,493.9,7.3,29.8,0.4,180.5,Strong,0.3
TRN06474,Transport,3DES,modp768(1),Off,IPv4,file_transfer,1425.6,114.9,471.2,0.84,231.1,Weak,9.1
TRN02797,Tunnel,3DES,modp1024(2),Off,IPv4,dns_query,95.7,2.3,0.5,0.13,106.7,Weak,9.1
TRN02702,Tunnel,AES-128,modp2048(14),On,IPv4,video_streaming,1116.2,113.5,1125.3,0.69,215.6,Medium,5.5
TRN01399,Tunnel,AES-128,modp1536(5),Off,IPv4,file_transfer,1407.7,95.9,93.3,0.9,83.7,Weak,9.5
TRN02520,Transport,3DES,modp1536(5),Off,IPv6,icmp,50.6,2.2,1.0,0.05,106.0,Weak,9.4
TRN03359,Tunnel,DES,modp6144(17),On,IPv6,web_browsing,399.5,8.4,0.5,0.52,178.4,Medium,4.6
TRN08274,Tunnel,AES-128,modp8192(21),On,IPv6,email,1064.9,6.0,11.6,0.36,100.7,Strong,2.8
TRN00184,Tunnel,AES-192,modp768(1),On,IPv6,icmp,68.3,1.1,6.9,0.06,137.3,Weak,7.4
TRN04044,Tunnel,AES-192,modp1536(5),On,IPv6,email,838.0,6.9,0.5,0.26,163.0,Medium,4.2
TRN00367,Transport,DES,modp3072(15),On,IPv6,dns_query,71.2,2.8,0.6,0.05,146.3,Medium,3.8
TRN08929,Transport,AES-128,modp4096(16),On,IPv4,dns_query,69.2,3.9,2.8,0.12,175.5,Strong,1.7
TRN06087,Transport,DES,modp3072(15),On,IPv6,dns_query,56.9,2.1,1.3,0.12,113.2,Medium,5.1
TRN08653,Transport,AES-192,modp8192(21),Off,IPv6,email,719.2,2.2,4.4,0.26,105.2,Strong,1.7
TRN06114,Tunnel,AES-256-GCM,modp1024(2),On,IPv4,icmp,69.4,2.9,1.2,0.06,155.5,Medium,5.1
TRN02418,Tunnel,DES,modp768(1),Off,IPv6,dns_query,63.2,4.4,2.2,0.11,149.1,Weak,9.7
TRN00472,Transport,3DES,modp1024(2),Off,IPv6,email,785.0,4.7,31.3,0.18,176.2,Weak,7.6
TRN00968,Tunnel,AES-128,modp2048(14),On,IPv4,web_browsing,424.5,14.0,6.2,0.5,176.0,Medium,3.7
TRN06546,Transport,AES-256-GCM,modp768(1),Off,IPv4,dns_query,89.2,2.7,0.5,0.11,153.1,Weak,7.6
TRN06461,Tunnel,AES-192,modp6144(17),On,IPv6,icmp,51.0,2.1,11.8,0.07,72.0,Strong,2.1
TRN02657,Transport,AES-128,modp8192(21),On,IPv6,web_browsing,319.5,15.1,47.8,0.55,170.5,Strong,0.3
TRN06779,Tunnel,DES,modp2048(14),Off,IPv6,dns_query,80.5,3.3,1.5,0.1,241.4,Weak,9.2
TRN00210,Transport,AES-256-GCM,modp2048(14),Off,IPv4,whatsapp_msg,146.5,6.5,2.0,0.3,173.4,Strong,1.3
TRN01962,Transport,DES,modp2048(14),On,IPv4,icmp,73.1,1.9,17.5,0.04,107.8,Weak,9.0
TRN00897,Transport,AES-128,modp1024(2),On,IPv6,voip,115.7,37.8,505.3,0.18,162.5,Weak,9.6
TRN08614,Tunnel,AES-256,modp3072(15),Off,IPv4,file_transfer,1353.0,139.0,0.5,0.68,85.5,Medium,4.5
TRN03820,Tunnel,AES-256,modp6144(17),Off,IPv6,video_streaming,1166.6,88.9,98.9,0.64,199.0,Strong,1.8
TRN08569,Tunnel,DES,modp1536(5),On,IPv4,email,323.6,4.2,0.5,0.12,127.0,Weak,9.5
TRN01774,Tunnel,AES-192,modp2048(14),Off,IPv6,email,521.2,8.8,25.4,0.2,186.4,Medium,6.2
TRN05147,Transport,3DES,modp2048(14),On,IPv6,email,768.7,8.9,0.5,0.45,200.1,Medium,6.0
TRN02300,Transport,AES-192,modp2048(14),Off,IPv4,icmp,62.3,3.4,0.5,0.04,141.8,Medium,3.6
TRN01210,Tunnel,3DES,modp4096(16),On,IPv6,web_browsing,237.7,6.5,42.7,0.61,229.9,Medium,3.1
TRN06799,Transport,3DES,modp8192(21),Off,IPv6,video_streaming,989.9,99.8,66.4,0.7,177.6,Medium,4.9
TRN05580,Tunnel,AES-256,modp6144(17),Off,IPv4,file_transfer,1471.0,111.2,0.5,0.95,129.7,Strong,2.2
TRN08975,Tunnel,DES,modp2048(14),Off,IPv6,web_browsing,300.6,11.5,0.5,0.52,112.6,Weak,7.5
TRN01271,Tunnel,AES-256-GCM,modp768(1),On,IPv6,voip,124.4,49.5,436.7,0.22,104.5,Medium,4.0
TRN01252,Tunnel,AES-256-GCM,modp6144(17),On,IPv4,email,439.5,8.9,0.5,0.22,137.8,Strong,1.7
TRN03177,Tunnel,AES-256,modp3072(15),On,IPv4,web_browsing,365.6,20.5,0.5,0.67,236.3,Strong,1.5
TRN07621,Transport,AES-128,modp3072(15),Off,IPv4,web_browsing,677.2,11.1,0.5,0.54,162.4,Medium,4.0
TRN08536,Transport,DES,modp3072(15),Off,IPv4,whatsapp_msg,110.2,5.4,0.5,0.25,245.4,Weak,7.3
TRN08391,Transport,AES-192,modp6144(17),On,IPv6,file_transfer,1391.6,85.5,0.5,0.9,101.8,Strong,1.7
TRN03974,Tunnel,AES-128,modp6144(17),Off,IPv4,web_browsing,445.9,19.9,25.4,0.39,140.6,Medium,5.6
TRN01293,Transport,AES-256,modp3072(15),On,IPv6,web_browsing,472.9,13.2,0.5,0.21,192.3,Strong,2.2
TRN06689,Tunnel,DES,modp1024(2),On,IPv4,whatsapp_msg,77.3,3.0,4.3,0.36,183.8,Weak,7.7
TRN05265,Tunnel,DES,modp2048(14),On,IPv6,icmp,72.5,1.1,0.5,0.09,178.9,Weak,7.4
TRN03371,Transport,AES-192,modp2048(14),Off,IPv6,voip,114.0,43.1,0.5,0.19,123.6,Medium,6.7
TRN05991,Tunnel,AES-256,modp1536(5),On,IPv6,dns_query,72.5,4.1,0.5,0.07,149.1,Medium,4.4
TRN04664,Transport,DES,modp1024(2),Off,IPv4,web_browsing,391.3,24.0,0.5,0.54,102.1,Weak,7.9
TRN05191,Transport,AES-256,modp2048(14),Off,IPv4,email,917.9,9.2,9.5,0.32,185.8,Medium,3.7
TRN03652,Transport,AES-192,modp768(1),On,IPv4,dns_query,90.4,3.4,0.5,0.1,93.4,Weak,8.7
TRN03316,Transport,AES-192,modp6144(17),Off,IPv4,web_browsing,458.4,19.8,79.1,0.54,197.4,Strong,2.3
TRN04079,Transport,AES-256-GCM,modp1536(5),Off,IPv6,voip,136.0,57.7,0.5,0.22,171.3,Medium,5.8
TRN00293,Transport,3DES,modp1024(2),Off,IPv6,whatsapp_msg,155.9,4.7,5.9,0.31,116.6,Weak,9.6
TRN06122,Transport,AES-256,modp8192(21),On,IPv4,email,612.0,7.0,6.6,0.19,99.5,Strong,2.3
TRN08141,Tunnel,AES-192,modp1536(5),On,IPv6,file_transfer,1439.9,98.0,297.7,0.75,175.1,Medium,6.0
TRN01052,Tunnel,3DES,modp6144(17),Off,IPv6,video_streaming,1003.2,92.2,0.5,0.73,116.7,Medium,4.4
TRN04783,Transport,DES,modp8192(21),Off,IPv6,web_browsing,472.3,11.5,13.3,0.53,195.1,Medium,3.2
TRN04849,Transport,3DES,modp1024(2),Off,IPv4,video_streaming,1173.5,85.9,239.6,0.63,67.9,Weak,7.9
TRN07214,Tunnel,3DES,modp6144(17),On,IPv6,video_streaming,981.0,77.8,672.5,0.48,157.1,Medium,3.4
TRN00273,Transport,AES-256-GCM,modp2048(14),On,IPv4,video_streaming,1357.9,77.4,262.0,0.67,165.6,Strong,3.1
TRN02043,Transport,AES-256,modp3072(15),On,IPv4,whatsapp_msg,119.6,2.8,0.5,0.12,186.8,Strong,1.9
TRN05185,Tunnel,AES-192,modp768(1),On,IPv6,voip,109.3,29.0,0.5,0.21,86.5,Weak,8.8
TRN03919,Transport,AES-256,modp6144(17),Off,IPv4,whatsapp_msg,103.4,7.9,3.5,0.17,167.7,Strong,2.0
TRN04186,Transport,3DES,modp2048(14),On,IPv4,icmp,57.3,2.1,7.4,0.08,145.7,Medium,3.8
TRN00104,Transport,AES-128,modp768(1),On,IPv6,video_streaming,1007.8,84.0,144.8,0.63,160.2,Weak,7.0
TRN01087,Transport,AES-192,modp6144(17),Off,IPv4,video_streaming,1080.1,86.7,0.5,0.6,158.2,Strong,1.4
TRN04665,Transport,AES-256,modp2048(14),On,IPv6,dns_query,79.1,0.5,2.0,0.07,137.5,Medium,5.0
TRN07808,Tunnel,DES,modp6144(17),On,IPv6,dns_query,108.9,2.6,0.5,0.04,112.1,Medium,3.9
TRN05118,Transport,AES-192,modp768(1),On,IPv6,file_transfer,1480.9,110.3,0.5,0.81,138.0,Weak,7.4
TRN04692,Tunnel,DES,modp4096(16),On,IPv4,whatsapp_msg,166.9,5.4,8.1,0.3,159.2,Medium,5.0
TRN02904,Transport,AES-256,modp8192(21),Off,IPv6,dns_query,75.1,3.2,2.4,0.13,143.0,Strong,1.4
TRN05382,Tunnel,AES-256,modp768(1),On,IPv6,video_streaming,1294.5,72.6,0.5,0.73,186.6,Weak,9.0
TRN07020,Transport,3DES,modp3072(15),Off,IPv6,whatsapp_msg,103.9,7.4,6.7,0.19,178.6,Medium,5.1
TRN04047,Tunnel,AES-256,modp6144(17),On,IPv4,dns_query,73.5,3.1,0.5,0.11,156.9,Strong,0.9
TRN05596,Tunnel,AES-256,modp6144(17),On,IPv4,video_streaming,1147.3,81.8,233.3,0.77,52.7,Strong,2.1
TRN06782,Transport,3DES,modp1024(2),On,IPv4,voip,90.1,25.6,0.5,0.25,87.4,Weak,10.0
TRN06606,Transport,DES,modp4096(16),On,IPv6,voip,80.5,45.3,424.8,0.19,160.1,Medium,6.0
TRN06811,Transport,DES,modp6144(17),On,IPv6,voip,120.8,40.4,808.4,0.29,164.8,Medium,4.7
TRN04448,Tunnel,AES-256-GCM,modp4096(16),Off,IPv4,whatsapp_msg,174.9,8.4,0.5,0.14,11.8,Strong,2.5
TRN04123,Tunnel,3DES,modp768(1),On,IPv6,email,504.1,7.9,10.9,0.31,108.1,Weak,8.9
TRN06292,Transport,AES-192,modp8192(21),Off,IPv6,whatsapp_msg,158.4,8.0,0.5,0.12,203.1,Strong,0.9
TRN00614,Tunnel,3DES,modp4096(16),Off,IPv4,video_streaming,979.3,115.9,984.6,0.66,168.4,Medium,3.1
TRN08886,Tunnel,AES-256,modp1024(2),Off,IPv6,video_streaming,1194.5,103.1,0.5,0.49,118.5,Weak,9.3
TRN05333,Transport,AES-192,modp8192(21),Off,IPv4,icmp,62.8,2.9,0.5,0.08,119.4,Strong,0.7
TRN04707,Tunnel,3DES,modp768(1),On,IPv6,voip,129.8,39.1,212.7,0.21,108.2,Weak,10.0
TRN05590,Tunnel,AES-192,modp768(1),Off,IPv6,video_streaming,1100.0,73.5,0.5,0.55,209.7,Weak,9.5
TRN03479,Tunnel,3DES,modp1536(5),Off,IPv6,web_browsing,331.1,15.2,0.5,0.16,134.3,Weak,6.4
TRN05731,Tunnel,AES-192,modp6144(17),Off,IPv4,dns_query,76.8,1.3,0.5,0.08,131.7,Strong,0.9
TRN01749,Transport,AES-128,modp1536(5),On,IPv6,file_transfer,1322.8,141.7,0.5,0.84,219.6,Weak,10.0
TRN00733,Transport,AES-256-GCM,modp6144(17),Off,IPv6,web_browsing,462.4,22.2,0.5,0.42,153.1,Strong,1.3
TRN08241,Tunnel,AES-256,modp1536(5),On,IPv4,video_streaming,1061.3,85.4,951.1,0.57,155.9,Medium,5.8
TRN04479,Tunnel,AES-256,modp3072(15),On,IPv6,email,813.5,2.1,0.5,0.1,156.2,Strong,2.6
TRN03873,Tunnel,AES-256,modp4096(16),Off,IPv4,video_streaming,1050.3,80.1,1243.9,0.55,172.5,Strong,2.2
TRN07703,Transport,AES-192,modp3072(15),Off,IPv4,file_transfer,1338.4,111.5,0.5,0.56,91.9,Medium,3.3
TRN02911,Tunnel,3DES,modp1024(2),Off,IPv6,icmp,75.3,2.4,9.9,0.05,199.8,Weak,8.3
TRN06199,Transport,AES-256,modp6144(17),On,IPv6,dns_query,102.9,3.9,0.5,0.15,179.7,Strong,2.4
TRN02663,Tunnel,AES-128,modp1536(5),Off,IPv6,web_browsing,428.5,15.3,76.5,0.49,197.6,Weak,7.1
TRN07239,Tunnel,DES,modp8192(21),Off,IPv4,dns_query,88.2,2.6,0.5,0.11,120.1,Medium,3.6
TRN04693,Tunnel,AES-128,modp6144(17),On,IPv4,icmp,53.7,1.3,12.1,0.05,125.3,Strong,2.0
TRN08579,Transport,AES-256,modp6144(17),Off,IPv4,file_transfer,1317.5,91.6,83.7,0.94,178.5,Strong,0.5
TRN03114,Transport,AES-192,modp1536(5),On,IPv6,email,445.3,14.0,2.8,0.29,97.8,Medium,5.9
TRN03304,Tunnel,AES-192,modp1024(2),Off,IPv4,icmp,57.2,3.2,13.6,0.08,252.6,Weak,8.9
TRN02155,Tunnel,AES-192,modp768(1),On,IPv6,icmp,72.0,2.5,15.7,0.08,228.0,Weak,7.6
TRN01345,Transport,DES,modp1024(2),Off,IPv6,web_browsing,312.4,15.4,9.5,0.56,147.9,Weak,8.6
TRN08845,Tunnel,AES-256-GCM,modp1024(2),Off,IPv4,icmp,59.0,1.9,0.5,0.05,126.8,Medium,7.1
TRN03262,Tunnel,AES-128,modp768(1),On,IPv6,video_streaming,1221.9,88.0,1027.2,0.61,142.7,Weak,7.3
TRN07356,Transport,DES,modp1024(2),Off,IPv6,web_browsing,626.1,17.2,22.9,0.41,128.7,Weak,8.2
TRN03993,Tunnel,AES-128,modp8192(21),On,IPv4,icmp,59.0,1.7,9.0,0.05,214.7,Strong,1.4
TRN05232,Transport,DES,modp4096(16),On,IPv4,email,853.3,3.7,16.4,0.55,105.6,Medium,5.4
TRN00953,Transport,3DES,modp1024(2),Off,IPv6,web_browsing,448.4,11.4,0.5,0.58,67.0,Weak,9.8
TRN06335,Tunnel,DES,modp2048(14),On,IPv6,file_transfer,1399.4,108.9,43.7,0.64,173.5,Weak,8.7
TRN03022,Transport,AES-192,modp2048(14),Off,IPv4,icmp,58.6,1.5,0.5,0.06,187.5,Medium,5.7
TRN03309,Transport,3DES,modp2048(14),Off,IPv4,whatsapp_msg,128.6,2.8,0.5,0.09,83.1,Weak,6.3
TRN01505,Transport,3DES,modp6144(17),Off,IPv6,voip,88.2,43.3,576.9,0.19,123.5,Medium,5.8
TRN05096,Tunnel,AES-256,modp1024(2),Off,IPv6,web_browsing,290.1,14.3,16.6,0.19,179.8,Medium,2.6
TRN01807,Transport,DES,modp768(1),On,IPv4,file_transfer,1449.6,108.0,0.5,0.67,124.6,Weak,6.6
TRN05024,Tunnel,AES-192,modp6144(17),Off,IPv6,email,551.2,0.8,7.0,0.31,166.9,Strong,2.0
TRN08244,Tunnel,AES-256,modp8192(21),Off,IPv6,voip,109.4,50.7,111.5,0.19,105.1,Strong,0.3
TRN03792,Transport,AES-192,modp1536(5),Off,IPv6,file_transfer,1457.2,103.1,0.5,0.73,87.3,Medium,5.6
TRN01122,Tunnel,AES-256-GCM,modp4096(16),Off,IPv6,file_transfer,1422.0,134.0,44.3,0.97,184.0,Strong,0.3
TRN05528,Transport,AES-256,modp2048(14),Off,IPv6,web_browsing,355.7,18.2,8.0,0.36,82.8,Medium,6.1
TRN08566,Tunnel,AES-128,modp2048(14),On,IPv6,icmp,64.4,1.8,15.2,0.04,112.9,Medium,3.3
TRN05894,Tunnel,AES-256-GCM,modp1536(5),Off,IPv6,voip,112.6,37.2,0.5,0.13,169.5,Medium,6.4
TRN04756,Tunnel,AES-256,modp768(1),On,IPv4,web_browsing,329.6,17.0,0.5,0.53,166.9,Medium,5.9
TRN04839,Tunnel,3DES,modp1536(5),Off,IPv6,video_streaming,1545.2,102.2,86.5,0.5,146.4,Weak,7.6
TRN05929,Tunnel,3DES,modp3072(15),On,IPv6,dns_query,76.4,3.1,0.5,0.08,138.5,Medium,3.0
TRN05847,Transport,DES,modp1024(2),On,IPv4,file_transfer,1439.7,113.5,235.2,0.7,143.4,Weak,7.4
TRN06376,Tunnel,AES-192,modp4096(16),On,IPv6,icmp,67.8,3.0,0.5,0.05,133.1,Medium,5.4
TRN01849,Transport,AES-128,modp4096(16),Off,IPv6,icmp,68.3,1.4,0.5,0.05,163.7,Medium,3.8
TRN00417,Transport,AES-256,modp1024(2),Off,IPv4,web_browsing,295.9,10.1,2.1,0.5,132.2,Medium,3.5
TRN02974,Transport,3DES,modp2048(14),Off,IPv6,whatsapp_msg,168.6,4.4,0.5,0.24,156.3,Weak,8.9
TRN05794,Tunnel,AES-256,modp1536(5),Off,IPv4,voip,138.4,39.2,0.5,0.16,139.0,Medium,3.0
TRN02432,Transport,DES,modp8192(21),Off,IPv4,email,304.6,9.0,0.5,0.18,103.1,Medium,4.4
TRN02519,Transport,AES-256-GCM,modp2048(14),On,IPv4,icmp,76.7,2.8,9.3,0.03,132.9,Strong,0.3
TRN00565,Tunnel,AES-128,modp8192(21),Off,IPv4,web_browsing,548.5,11.5,8.6,0.41,219.1,Strong,0.3
TRN02527,Tunnel,DES,modp1536(5),On,IPv6,web_browsing,623.6,17.1,0.5,0.79,177.9,Weak,7.2
TRN05485,Transport,AES-256-GCM,modp8192(21),On,IPv6,file_transfer,1537.7,131.7,111.1,0.8,165.3,Strong,1.0
TRN04861,Tunnel,AES-256,modp8192(21),On,IPv6,web_browsing,426.3,15.8,0.5,0.34,146.2,Strong,1.1
TRN03252,Transport,AES-256-GCM,modp1536(5),Off,IPv4,icmp,52.0,2.2,13.7,0.07,125.2,Medium,5.9
TRN01225,Transport,AES-192,modp768(1),On,IPv6,voip,140.1,45.7,436.3,0.13,143.9,Weak,8.7
TRN00143,Transport,3DES,modp2048(14),Off,IPv4,icmp,63.8,1.9,0.5,0.04,202.6,Weak,7.4
TRN07719,Tunnel,AES-128,modp1536(5),Off,IPv4,voip,112.9,61.8,0.5,0.16,126.2,Weak,7.9
TRN01491,Transport,AES-256-GCM,modp4096(16),On,IPv6,email,571.5,10.1,0.5,0.27,138.6,Strong,1.3
TRN07599,Tunnel,3DES,modp1024(2),Off,IPv4,email,540.9,9.7,0.5,0.37,221.6,Weak,7.4
TRN04841,Tunnel,AES-192,modp768(1),On,IPv6,whatsapp_msg,111.4,5.7,0.5,0.26,196.3,Weak,7.7
TRN01591,Tunnel,3DES,modp3072(15),On,IPv4,web_browsing,470.9,25.6,0.5,0.25,99.7,Medium,3.4
TRN05103,Transport,AES-192,modp2048(14),On,IPv6,voip,110.7,44.9,293.2,0.17,168.9,Medium,6.3
TRN04787,Transport,AES-256-GCM,modp4096(16),On,IPv4,dns_query,84.1,2.6,0.5,0.11,175.8,Strong,1.1
TRN02654,Tunnel,AES-192,modp8192(21),Off,IPv6,email,281.7,7.0,5.5,0.42,214.6,Strong,1.1
TRN02005,Transport,AES-256,modp6144(17),Off,IPv6,video_streaming,1151.7,111.9,597.5,0.6,104.6,Strong,1.1
TRN01195,Transport,AES-256,modp2048(14),On,IPv4,video_streaming,1064.0,76.1,850.1,0.68,124.3,Medium,3.0
TRN04236,Transport,3DES,modp1024(2),On,IPv4,whatsapp_msg,115.1,5.5,0.5,0.31,132.0,Weak,8.6
TRN03410,Tunnel,DES,modp4096(16),Off,IPv6,file_transfer,1359.9,132.0,0.5,0.81,82.4,Medium,4.7
TRN01118,Tunnel,AES-192,modp3072(15),On,IPv6,email,601.9,8.1,19.0,0.46,79.4,Strong,0.3
TRN07477,Tunnel,AES-256,modp2048(14),On,IPv6,voip,142.7,35.2,468.1,0.2,183.5,Medium,3.0
TRN01757,Tunnel,AES-256-GCM,modp6144(17),Off,IPv4,web_browsing,327.0,25.7,56.0,0.32,118.4,Strong,1.1
TRN00498,Tunnel,AES-192,modp768(1),On,IPv6,web_browsing,469.2,15.7,0.5,0.46,83.2,Weak,8.8
TRN03998,Tunnel,DES,modp6144(17),Off,IPv6,voip,92.0,41.5,0.5,0.24,114.8,Medium,3.1
TRN00013,Transport,3DES,modp1536(5),On,IPv6,email,569.9,6.5,0.5,0.24,144.1,Weak,7.5
TRN00871,Transport,3DES,modp4096(16),Off,IPv6,video_streaming,1512.5,115.3,796.1,0.66,134.8,Medium,3.7
TRN03358,Transport,AES-256,modp8192(21),On,IPv4,voip,75.4,42.0,0.5,0.17,193.2,Strong,1.9
TRN00913,Transport,3DES,modp768(1),On,IPv4,icmp,65.3,1.4,0.5,0.05,182.1,Weak,8.0
TRN03583,Tunnel,AES-192,modp4096(16),On,IPv6,video_streaming,1227.7,102.4,0.5,0.65,76.0,Strong,0.6
TRN00722,Transport,AES-256,modp768(1),On,IPv4,whatsapp_msg,140.1,7.0,0.5,0.24,137.3,Medium,3.2
TRN04002,Tunnel,AES-128,modp1536(5),Off,IPv6,file_transfer,1479.7,107.9,0.7,0.72,96.4,Weak,9.4
TRN08948,Transport,AES-256-GCM,modp1536(5),On,IPv4,icmp,72.1,1.7,0.5,0.03,120.3,Medium,4.2
TRN07129,Transport,AES-256,modp3072(15),On,IPv4,whatsapp_msg,195.4,7.4,5.2,0.3,90.7,Strong,1.4
TRN08630,Transport,3DES,modp3072(15),On,IPv6,voip,132.7,41.7,435.8,0.25,147.0,Medium,5.3
TRN05308,Transport,AES-192,modp3072(15),On,IPv6,email,768.0,10.4,0.5,0.31,177.5,Medium,4.9
TRN01497,Tunnel,3DES,modp1536(5),Off,IPv6,voip,127.3,42.6,386.5,0.11,94.4,Weak,8.5
TRN06846,Tunnel,AES-192,modp3072(15),Off,IPv4,web_browsing,369.5,17.0,47.1,0.39,168.1,Medium,2.9
TRN01521,Transport,3DES,modp2048(14),Off,IPv6,voip,151.8,53.8,164.7,0.23,191.4,Weak,8.0
TRN08910,Transport,AES-256,modp1024(2),On,IPv4,icmp,73.2,1.6,2.0,0.01,86.3,Medium,6.0
TRN06915,Transport,AES-256-GCM,modp4096(16),On,IPv4,voip,148.1,37.8,0.5,0.2,197.8,Strong,1.8
TRN02747,Transport,AES-256-GCM,modp1024(2),On,IPv4,email,693.0,7.3,0.5,0.34,153.5,Medium,5.6
TRN08066,Tunnel,AES-128,modp1536(5),Off,IPv6,file_transfer,1419.3,65.1,110.3,0.82,163.8,Weak,9.2
TRN05756,Tunnel,DES,modp1536(5),Off,IPv4,whatsapp_msg,124.3,4.7,1.9,0.38,90.7,Weak,8.2
TRN00315,Transport,3DES,modp1024(2),On,IPv6,email,471.5,9.5,1.9,0.28,215.4,Weak,10.0
TRN06873,Transport,AES-128,modp1536(5),On,IPv6,dns_query,81.0,1.6,0.5,0.07,97.7,Medium,5.0
TRN07890,Transport,DES,modp768(1),On,IPv6,email,723.6,3.3,0.5,0.41,65.1,Weak,8.1
TRN08937,Tunnel,AES-192,modp1536(5),Off,IPv6,whatsapp_msg,40.0,5.5,5.1,0.21,103.8,Weak,10.0
TRN03351,Tunnel,DES,modp6144(17),Off,IPv4,email,649.8,8.7,0.5,0.07,176.5,Medium,6.2
TRN00109,Transport,AES-256,modp1024(2),Off,IPv4,web_browsing,466.0,11.8,0.5,0.4,212.1,Medium,6.0
TRN01755,Transport,DES,modp6144(17),On,IPv6,whatsapp_msg,67.9,7.2,10.9,0.19,156.4,Medium,4.7
TRN06877,Tunnel,AES-256-GCM,modp3072(15),Off,IPv4,video_streaming,1322.5,68.7,0.5,0.57,146.3,Strong,2.0
TRN01352,Transport,DES,modp1536(5),On,IPv6,file_transfer,1366.1,171.3,0.5,0.79,67.0,Weak,10.0
TRN03130,Tunnel,3DES,modp1024(2),On,IPv6,whatsapp_msg,160.4,6.4,5.4,0.22,156.2,Weak,7.0
TRN07206,Transport,AES-128,modp768(1),Off,IPv6,file_transfer,1461.4,123.0,27.9,0.76,211.2,Weak,7.9
TRN06204,Transport,AES-192,modp4096(16),Off,IPv6,email,665.6,9.3,23.7,0.17,162.4,Strong,0.5
TRN05428,Transport,AES-128,modp3072(15),On,IPv6,whatsapp_msg,96.8,5.6,11.6,0.19,157.2,Medium,4.9
TRN00481,Transport,AES-256-GCM,modp768(1),Off,IPv4,icmp,65.0,1.9,9.3,0.06,135.5,Weak,7.3
TRN06565,Transport,AES-256-GCM,modp2048(14),On,IPv6,video_streaming,1112.7,93.7,666.5,0.71,117.3,Strong,1.8
TRN01974,Tunnel,DES,modp2048(14),Off,IPv6,voip,125.9,40.4,108.1,0.11,171.2,Weak,10.0
TRN00337,Transport,AES-256-GCM,modp8192(21),Off,IPv6,video_streaming,1235.3,77.2,610.1,0.59,181.1,Strong,2.0
TRN02765,Tunnel,AES-256,modp3072(15),On,IPv4,voip,136.7,43.2,0.5,0.19,121.8,Strong,0.5
TRN06161,Tunnel,AES-256-GCM,modp6144(17),On,IPv4,file_transfer,1438.9,95.7,147.9,0.88,121.9,Strong,0.7
TRN06903,Transport,DES,modp2048(14),Off,IPv4,whatsapp_msg,140.6,3.3,3.6,0.23,116.5,Weak,7.4
TRN04519,Tunnel,3DES,modp8192(21),Off,IPv4,voip,104.5,52.5,81.5,0.15,173.0,Medium,3.9
TRN02986,Tunnel,AES-256-GCM,modp3072(15),On,IPv4,voip,127.9,41.7,103.7,0.3,141.8,Strong,2.0
TRN04551,Tunnel,DES,modp8192(21),Off,IPv4,icmp,75.8,1.8,0.5,0.05,142.1,Medium,5.1
TRN05575,Tunnel,AES-128,modp1536(5),Off,IPv4,video_streaming,1136.9,137.6,0.5,0.72,121.8,Weak,8.4
TRN00525,Tunnel,AES-128,modp1536(5),Off,IPv6,voip,111.6,38.4,471.8,0.14,119.2,Weak,9.4
TRN06932,Transport,DES,modp1024(2),Off,IPv4,dns_query,48.6,2.7,0.5,0.11,133.6,Weak,10.0
TRN03478,Transport,3DES,modp6144(17),Off,IPv4,voip,109.5,40.5,58.0,0.2,173.3,Medium,5.0
TRN05721,Transport,AES-128,modp8192(21),Off,IPv4,whatsapp_msg,152.8,6.3,5.5,0.29,93.6,Strong,1.0
TRN03559,Transport,AES-192,modp4096(16),Off,IPv4,dns_query,78.8,5.1,0.5,0.1,86.6,Strong,2.2
TRN08882,Tunnel,AES-192,modp1024(2),Off,IPv6,voip,102.3,48.9,0.5,0.23,119.6,Weak,9.3
TRN02810,Transport,DES,modp3072(15),Off,IPv4,voip,106.4,53.4,83.3,0.21,137.8,Weak,8.8
TRN00725,Tunnel,DES,modp6144(17),Off,IPv6,file_transfer,1351.0,94.3,0.5,0.83,123.6,Medium,5.6
TRN00766,Tunnel,AES-128,modp1024(2),On,IPv6,voip,93.1,38.4,263.0,0.17,115.9,Weak,8.6
TRN05307,Tunnel,AES-256-GCM,modp1024(2),Off,IPv4,web_browsing,325.9,13.4,0.5,0.44,130.9,Medium,2.6
TRN05884,Tunnel,AES-192,modp768(1),On,IPv4,whatsapp_msg,104.7,6.3,10.4,0.2,222.0,Weak,8.0
TRN05500,Transport,AES-192,modp4096(16),On,IPv4,whatsapp_msg,148.7,3.6,3.3,0.13,113.5,Strong,2.3
TRN06719,Tunnel,3DES,modp1024(2),Off,IPv6,file_transfer,1367.2,128.9,201.0,0.7,188.5,Weak,8.3
TRN00308,Transport,AES-192,modp8192(21),On,IPv6,video_streaming,1223.8,73.3,0.5,0.69,142.8,Strong,1.5
TRN03774,Transport,AES-256,modp4096(16),On,IPv6,email,704.3,13.3,0.5,0.37,79.4,Strong,2.4
TRN03909,Transport,AES-128,modp1536(5),On,IPv4,file_transfer,1474.8,104.7,0.5,1.0,106.0,Medium,5.6
TRN01279,Tunnel,AES-256,modp8192(21),Off,IPv4,web_browsing,326.0,14.7,0.5,0.43,202.0,Strong,1.8
TRN00349,Transport,AES-128,modp1536(5),Off,IPv6,whatsapp_msg,132.8,6.6,1.5,0.06,116.5,Weak,8.6
TRN08992,Tunnel,AES-256-GCM,modp8192(21),Off,IPv6,web_browsing,505.9,12.2,30.2,0.43,90.8,Strong,1.1
TRN07622,Transport,DES,modp6144(17),Off,IPv4,icmp,64.3,2.6,7.8,0.03,106.2,Medium,4.0
TRN05958,Tunnel,3DES,modp768(1),Off,IPv6,email,327.8,0.3,28.8,0.3,220.0,Weak,7.3
TRN06806,Transport,AES-128,modp2048(14),Off,IPv4,file_transfer,1400.7,119.2,0.5,0.79,193.4,Medium,3.6
TRN08548,Tunnel,DES,modp1024(2),On,IPv6,video_streaming,1139.4,109.0,1772.6,0.59,83.4,Weak,8.5
TRN01792,Transport,AES-128,modp4096(16),On,IPv4,voip,96.2,43.2,175.2,0.18,82.5,Medium,4.3
TRN08995,Tunnel,AES-256-GCM,modp8192(21),On,IPv4,email,726.8,9.5,0.5,0.24,210.1,Strong,2.0
TRN07891,Transport,DES,modp3072(15),On,IPv4,file_transfer,1339.7,147.9,0.5,0.79,93.3,Weak,7.7
TRN03683,Tunnel,3DES,modp768(1),Off,IPv6,whatsapp_msg,117.0,5.5,0.5,0.21,166.0,Weak,9.0
TRN07033,Transport,AES-256-GCM,modp4096(16),On,IPv6,dns_query,101.0,2.9,0.5,0.18,193.8,Strong,3.0
TRN08608,Tunnel,AES-256,modp1024(2),Off,IPv4,video_streaming,1214.9,99.8,113.6,0.63,134.8,Medium,5.5
TRN02054,Transport,3DES,modp1024(2),On,IPv4,whatsapp_msg,121.4,6.4,1.3,0.25,227.1,Weak,8.7
TRN02233,Tunnel,3DES,modp3072(15),Off,IPv6,dns_query,96.4,2.6,3.3,0.12,207.7,Medium,5.7
TRN04336,Tunnel,AES-128,modp2048(14),On,IPv6,file_transfer,1423.9,95.9,25.1,0.78,116.8,Medium,3.9
TRN00072,Tunnel,DES,modp1024(2),On,IPv6,email,441.6,13.7,12.7,0.35,186.5,Weak,8.8
TRN04440,Transport,AES-128,modp2048(14),Off,IPv4,dns_query,112.3,4.2,0.5,0.12,151.3,Medium,3.7
TRN02760,Transport,AES-128,modp2048(14),On,IPv6,email,416.2,8.6,0.5,0.31,266.5,Medium,3.7
TRN04995,Tunnel,AES-192,modp4096(16),On,IPv6,voip,112.1,30.2,0.5,0.15,121.1,Strong,0.3
TRN08126,Transport,3DES,modp768(1),On,IPv6,voip,140.1,34.4,78.2,0.23,144.1,Weak,7.8
TRN05028,Transport,3DES,modp768(1),On,IPv4,web_browsing,577.0,9.9,21.5,0.45,111.3,Weak,7.9
TRN05652,Transport,AES-128,modp4096(16),Off,IPv6,email,679.5,9.8,25.5,0.21,101.2,Medium,5.4
TRN08869,Tunnel,AES-128,modp1536(5),On,IPv4,file_transfer,1394.7,132.1,251.7,0.97,132.6,Medium,5.3
TRN06544,Tunnel,AES-128,modp4096(16),Off,IPv4,web_browsing,465.8,9.8,60.6,0.51,157.2,Medium,6.3
TRN02806,Transport,DES,modp1024(2),Off,IPv4,icmp,71.0,1.3,0.5,0.05,114.8,Weak,8.6
TRN01261,Tunnel,AES-192,modp1024(2),Off,IPv6,voip,135.0,45.5,41.8,0.24,89.0,Weak,7.4
TRN01667,Tunnel,AES-256-GCM,modp1024(2),On,IPv4,email,926.5,5.6,6.1,0.28,147.7,Medium,4.6
TRN05013,Transport,AES-192,modp768(1),On,IPv6,email,636.9,6.4,10.9,0.29,117.1,Weak,7.9
TRN07132,Transport,AES-192,modp1536(5),Off,IPv4,icmp,58.7,1.9,7.7,0.09,80.0,Medium,3.1
TRN04984,Transport,AES-256-GCM,modp1536(5),Off,IPv6,video_streaming,1105.9,94.9,94.4,0.71,162.0,Medium,6.1
TRN05207,Transport,3DES,modp768(1),On,IPv6,web_browsing,260.2,8.8,78.6,0.28,123.9,Weak,7.4
TRN04323,Transport,AES-192,modp4096(16),Off,IPv6,whatsapp_msg,124.3,5.7,15.0,0.22,167.9,Strong,0.5
TRN02168,Transport,3DES,modp3072(15),On,IPv4,whatsapp_msg,202.3,6.9,5.6,0.34,164.3,Medium,4.6
TRN01446,Transport,DES,modp1536(5),On,IPv6,voip,142.0,50.5,0.5,0.19,52.0,Weak,7.3
TRN04206,Transport,AES-192,modp2048(14),Off,IPv4,file_transfer,1438.6,156.7,123.4,0.67,143.8,Medium,3.9
TRN02534,Transport,AES-128,modp3072(15),Off,IPv4,web_browsing,494.7,4.7,0.5,0.49,172.9,Medium,5.1
TRN04528,Transport,AES-256,modp4096(16),On,IPv4,web_browsing,334.7,10.6,0.5,0.41,129.5,Strong,3.0
TRN01696,Transport,3DES,modp1024(2),Off,IPv6,whatsapp_msg,184.6,5.5,0.5,0.34,196.5,Weak,7.7
TRN02893,Tunnel,AES-256-GCM,modp4096(16),On,IPv6,file_transfer,1383.8,137.4,7.2,0.91,98.2,Strong,0.4
TRN05827,Transport,AES-256,modp4096(16),Off,IPv4,dns_query,86.3,3.3,0.5,0.16,115.0,Strong,1.6
TRN01096,Tunnel,3DES,modp1536(5),On,IPv6,web_browsing,434.3,19.1,44.2,0.63,147.0,Weak,7.8
TRN07799,Transport,3DES,modp4096(16),On,IPv4,icmp,69.7,2.6,0.5,0.03,149.2,Medium,5.3
TRN07171,Transport,AES-256-GCM,modp8192(21),On,IPv6,icmp,67.3,2.7,3.7,0.03,177.7,Strong,0.7
TRN03204,Tunnel,AES-128,modp8192(21),Off,IPv4,dns_query,85.4,3.0,1.6,0.09,168.2,Strong,2.5
TRN04788,Tunnel,AES-256-GCM,modp4096(16),Off,IPv6,video_streaming,996.2,83.8,116.3,0.65,82.6,Strong,2.8
TRN01631,Tunnel,AES-256-GCM,modp8192(21),On,IPv6,web_browsing,148.1,16.6,16.2,0.53,227.4,Strong,0.3
TRN06002,Transport,DES,modp3072(15),On,IPv4,video_streaming,1212.3,91.0,67.2,0.8,213.3,Weak,6.5
TRN01882,Tunnel,AES-256,modp1024(2),Off,IPv6,dns_query,44.1,3.5,1.6,0.06,42.3,Weak,7.5
TRN05269,Tunnel,DES,modp4096(16),On,IPv4,web_browsing,348.0,13.3,28.9,0.47,213.3,Medium,3.3
TRN06581,Transport,DES,modp2048(14),On,IPv6,video_streaming,1220.5,117.8,327.8,0.49,144.1,Weak,7.9
TRN01613,Transport,AES-128,modp4096(16),Off,IPv4,video_streaming,1207.4,81.4,828.5,0.51,175.7,Medium,5.6
TRN00979,Transport,AES-256,modp2048(14),On,IPv4,video_streaming,1370.9,72.2,404.8,0.75,90.0,Strong,2.0
TRN01414,Tunnel,AES-256,modp1024(2),On,IPv6,whatsapp_msg,96.0,6.7,17.4,0.31,138.0,Medium,5.1
TRN06973,Tunnel,AES-256,modp768(1),Off,IPv4,whatsapp_msg,161.4,4.9,14.4,0.15,171.4,Weak,8.7
TRN06101,Tunnel,AES-192,modp4096(16),On,IPv4,dns_query,58.9,1.1,0.5,0.11,187.6,Strong,0.4
TRN00849,Transport,AES-192,modp768(1),Off,IPv4,whatsapp_msg,154.9,4.4,0.5,0.25,173.3,Weak,9.8
TRN07323,Tunnel,AES-256-GCM,modp1536(5),Off,IPv6,email,349.4,7.4,19.5,0.29,71.0,Medium,6.5
TRN04986,Transport,AES-128,modp3072(15),Off,IPv4,video_streaming,953.3,86.0,1000.1,0.62,130.9,Medium,3.3
TRN07415,Tunnel,AES-256,modp1024(2),Off,IPv6,dns_query,102.4,3.2,3.6,0.12,201.1,Weak,7.6
TRN02878,Tunnel,AES-128,modp6144(17),On,IPv6,whatsapp_msg,89.5,5.9,2.0,0.24,158.2,Strong,3.4
TRN02272,Transport,3DES,modp2048(14),Off,IPv4,email,703.2,9.2,9.6,0.34,196.4,Weak,8.6
TRN02393,Transport,3DES,modp6144(17),Off,IPv6,whatsapp_msg,152.7,8.3,5.6,0.36,213.9,Medium,5.0
TRN07728,Tunnel,AES-256,modp2048(14),Off,IPv4,email,806.8,7.8,22.8,0.29,170.6,Medium,5.7
TRN03780,Transport,AES-128,modp3072(15),On,IPv4,video_streaming,1395.4,85.7,933.5,0.71,135.2,Medium,3.4
TRN01831,Tunnel,AES-256,modp4096(16),On,IPv6,icmp,60.7,2.5,15.2,0.03,126.0,Strong,1.2
TRN06805,Tunnel,DES,modp8192(21),On,IPv4,icmp,70.1,2.3,0.5,0.07,118.6,Medium,4.3
TRN07233,Tunnel,AES-256-GCM,modp4096(16),Off,IPv6,whatsapp_msg,175.6,6.4,19.8,0.21,131.1,Strong,1.3
TRN04451,Tunnel,AES-192,modp4096(16),Off,IPv6,video_streaming,1078.8,64.7,0.5,0.76,157.6,Medium,4.9
TRN00048,Transport,AES-256-GCM,modp3072(15),Off,IPv6,file_transfer,1357.4,106.2,0.5,0.91,177.4,Strong,0.6
TRN05144,Tunnel,AES-128,modp768(1),Off,IPv4,icmp,53.2,3.1,0.5,0.06,115.1,Weak,9.4
TRN06307,Tunnel,AES-128,modp768(1),On,IPv6,voip,103.3,46.2,0.5,0.18,174.4,Weak,9.5
TRN01351,Transport,DES,modp1024(2),On,IPv6,file_transfer,1375.4,130.7,423.2,0.7,194.5,Weak,9.0
TRN08666,Tunnel,DES,modp768(1),Off,IPv4,whatsapp_msg,71.1,5.3,11.4,0.24,139.7,Weak,6.9
TRN01235,Tunnel,AES-256-GCM,modp8192(21),On,IPv4,file_transfer,1340.5,134.1,20.2,0.77,159.8,Strong,2.8
TRN08075,Transport,3DES,modp1024(2),On,IPv6,icmp,51.4,2.2,0.5,0.05,132.6,Weak,8.0
TRN08535,Transport,AES-128,modp6144(17),On,IPv6,icmp,59.7,1.8,0.5,0.06,136.5,Strong,1.7
TRN03916,Transport,AES-128,modp6144(17),On,IPv4,dns_query,88.5,1.8,0.5,0.03,129.5,Strong,0.7
TRN00447,Transport,3DES,modp3072(15),On,IPv6,whatsapp_msg,132.0,4.9,0.5,0.26,157.8,Medium,4.3
TRN02249,Tunnel,AES-192,modp3072(15),On,IPv6,video_streaming,1228.2,131.3,0.5,0.61,185.3,Medium,5.3
TRN01744,Transport,DES,modp2048(14),Off,IPv6,file_transfer,1472.9,124.9,0.5,0.76,128.4,Weak,8.7
TRN00845,Transport,AES-256-GCM,modp1536(5),Off,IPv6,video_streaming,993.4,90.3,548.8,0.62,176.1,Medium,6.0
TRN08930,Transport,AES-256,modp8192(21),On,IPv4,file_transfer,1327.1,119.4,349.0,0.84,139.6,Strong,2.9
TRN07752,Tunnel,DES,modp2048(14),Off,IPv6,icmp,68.0,2.1,9.4,0.06,149.2,Weak,7.3
TRN07066,Transport,AES-256,modp8192(21),On,IPv6,dns_query,82.1,1.4,1.3,0.09,150.6,Strong,1.8
TRN03290,Transport,3DES,modp4096(16),Off,IPv4,whatsapp_msg,177.7,5.0,0.5,0.3,126.1,Medium,5.6
TRN02708,Tunnel,AES-192,modp1024(2),Off,IPv6,whatsapp_msg,184.2,8.2,0.5,0.2,223.2,Weak,7.4
TRN00040,Tunnel,AES-128,modp1024(2),Off,IPv4,video_streaming,933.2,91.3,1.2,0.72,133.6,Weak,7.3
TRN02441,Tunnel,AES-128,modp4096(16),On,IPv4,email,772.7,7.1,0.5,0.2,138.0,Strong,1.7
TRN03104,Transport,AES-192,modp6144(17),Off,IPv6,voip,121.6,36.3,51.9,0.16,111.9,Strong,2.9
TRN07264,Transport,3DES,modp2048(14),Off,IPv4,web_browsing,383.7,15.3,0.5,0.36,188.6,Weak,6.4
TRN06628,Tunnel,AES-256,modp2048(14),Off,IPv4,file_transfer,1377.5,113.0,128.6,0.68,207.1,Medium,6.1
TRN00679,Transport,AES-256,modp2048(14),On,IPv4,dns_query,94.9,2.3,0.5,0.1,164.0,Strong,2.1
TRN04555,Transport,DES,modp2048(14),Off,IPv4,file_transfer,1395.1,170.8,376.3,1.0,120.3,Weak,7.5
TRN08644,Tunnel,AES-256-GCM,modp2048(14),Off,IPv4,icmp,70.2,2.0,16.3,0.04,98.8,Medium,4.9
TRN05505,Transport,3DES,modp8192(21),Off,IPv4,whatsapp_msg,120.9,4.7,0.5,0.12,121.2,Medium,3.8
TRN01295,Tunnel,AES-256-GCM,modp1536(5),Off,IPv6,icmp,59.3,1.9,3.1,0.08,109.0,Medium,6.0
TRN06956,Tunnel,AES-128,modp1024(2),On,IPv4,voip,134.9,42.2,140.0,0.15,175.6,Weak,8.5
TRN06338,Transport,3DES,modp6144(17),Off,IPv4,web_browsing,378.9,19.7,3.2,0.41,115.9,Medium,3.9
TRN03985,Tunnel,DES,modp3072(15),Off,IPv6,dns_query,68.5,3.6,1.8,0.1,148.3,Weak,8.7
TRN08501,Tunnel,AES-256-GCM,modp3072(15),On,IPv4,video_streaming,1223.7,93.2,1014.8,0.54,114.6,Strong,0.3
TRN00972,Transport,AES-128,modp768(1),On,IPv6,file_transfer,1385.6,127.4,0.5,0.87,133.0,Weak,8.5
TRN03443,Transport,3DES,modp4096(16),Off,IPv6,dns_query,68.7,2.6,0.5,0.13,61.4,Medium,5.7
TRN07014,Tunnel,AES-256,modp3072(15),On,IPv6,web_browsing,398.7,20.4,0.5,0.38,221.1,Strong,2.0
TRN07828,Transport,DES,modp8192(21),On,IPv4,email,394.6,6.0,22.4,0.2,154.1,Medium,4.9
TRN01113,Tunnel,AES-256-GCM,modp1536(5),On,IPv4,file_transfer,1338.1,125.4,0.5,0.81,192.1,Medium,5.1
TRN03981,Transport,3DES,modp6144(17),On,IPv4,dns_query,77.9,3.4,1.8,0.11,226.5,Medium,4.7
TRN04922,Tunnel,AES-128,modp4096(16),On,IPv6,whatsapp_msg,56.2,4.8,0.5,0.33,74.7,Medium,4.1
TRN00777,Tunnel,3DES,modp4096(16),Off,IPv4,file_transfer,1402.8,93.5,44.8,0.77,82.7,Medium,5.4
TRN08743,Transport,AES-256-GCM,modp8192(21),On,IPv4,dns_query,88.1,2.3,0.9,0.07,84.3,Strong,2.6
TRN02232,Tunnel,AES-192,modp768(1),Off,IPv6,dns_query,79.0,3.6,0.7,0.11,158.3,Weak,8.5
TRN02229,Transport,3DES,modp6144(17),Off,IPv4,voip,129.5,29.0,257.8,0.2,157.9,Medium,4.1
TRN02154,Tunnel,3DES,modp6144(17),On,IPv4,email,757.9,5.5,27.6,0.22,207.7,Medium,5.0
TRN08871,Tunnel,3DES,modp1024(2),On,IPv6,whatsapp_msg,126.7,9.9,0.5,0.32,196.1,Weak,8.5
TRN04822,Transport,AES-256-GCM,modp1536(5),Off,IPv4,file_transfer,1381.5,93.6,49.2,0.59,144.6,Medium,7.4
TRN07611,Tunnel,AES-192,modp4096(16),On,IPv6,whatsapp_msg,176.8,8.5,6.0,0.11,134.6,Medium,3.3
TRN04316,Transport,AES-192,modp3072(15),Off,IPv6,file_transfer,1543.2,118.7,129.1,0.81,167.0,Medium,4.0
TRN08539,Transport,AES-256-GCM,modp1536(5),On,IPv4,voip,117.5,46.6,0.5,0.28,143.2,Medium,3.1
TRN07352,Tunnel,3DES,modp3072(15),On,IPv4,video_streaming,1117.7,106.2,845.6,0.66,153.6,Medium,5.1
TRN05663,Tunnel,DES,modp768(1),Off,IPv6,file_transfer,1453.5,109.1,289.5,0.64,230.5,Weak,6.4
TRN06979,Tunnel,AES-256-GCM,modp2048(14),On,IPv6,file_transfer,1341.6,130.6,0.5,0.8,182.8,Strong,2.7
TRN03184,Tunnel,AES-256-GCM,modp2048(14),Off,IPv4,file_transfer,1387.3,114.3,91.0,0.62,79.6,Medium,6.1
TRN06088,Transport,AES-192,modp768(1),Off,IPv6,file_transfer,1390.2,136.1,99.1,0.64,209.9,Weak,8.0
TRN03200,Transport,AES-128,modp768(1),Off,IPv6,icmp,67.4,1.9,0.5,0.05,106.6,Weak,7.1
TRN05660,Transport,AES-256-GCM,modp3072(15),On,IPv6,icmp,51.2,2.1,18.2,0.06,167.8,Strong,1.0
TRN01290,Transport,AES-192,modp2048(14),On,IPv6,email,527.0,8.1,0.5,0.19,204.2,Medium,6.2
TRN04990,Transport,3DES,modp1536(5),Off,IPv6,icmp,58.5,2.0,10.6,0.05,131.0,Weak,6.9
TRN07878,Transport,AES-128,modp1024(2),Off,IPv6,voip,92.6,47.4,0.5,0.25,192.9,Weak,10.0
TRN06884,Transport,DES,modp4096(16),Off,IPv6,voip,125.3,56.4,0.5,0.23,207.2,Weak,8.7
TRN05457,Tunnel,AES-256-GCM,modp768(1),On,IPv6,video_streaming,1021.5,109.6,707.4,0.66,76.6,Medium,4.8
TRN06614,Tunnel,AES-256-GCM,modp768(1),Off,IPv6,icmp,67.7,2.5,15.3,0.03,105.0,Weak,5.8
TRN03967,Transport,AES-256,modp8192(21),On,IPv4,video_streaming,1190.9,89.9,1950.0,0.57,142.9,Strong,2.0
TRN01880,Tunnel,AES-128,modp2048(14),On,IPv4,icmp,58.1,1.9,0.5,0.06,193.0,Medium,6.2
TRN07104,Transport,AES-256-GCM,modp8192(21),Off,IPv6,web_browsing,543.8,15.9,0.5,0.55,212.5,Strong,1.9
TRN05501,Tunnel,AES-256-GCM,modp6144(17),On,IPv6,whatsapp_msg,223.7,4.6,6.4,0.23,187.4,Strong,3.0
TRN07591,Tunnel,3DES,modp8192(21),On,IPv4,video_streaming,1210.8,79.5,0.5,0.56,122.0,Strong,1.0
TRN05926,Transport,AES-256,modp8192(21),On,IPv6,file_transfer,1476.1,105.0,128.2,0.78,108.4,Strong,2.1
TRN06781,Transport,AES-128,modp2048(14),Off,IPv4,email,746.0,8.1,0.5,0.21,62.6,Medium,4.1
TRN08762,Transport,AES-192,modp6144(17),Off,IPv6,video_streaming,1085.7,80.2,15.6,0.69,174.8,Strong,0.7
TRN01037,Tunnel,DES,modp8192(21),Off,IPv4,voip,158.8,49.4,0.5,0.11,106.1,Medium,5.3
TRN00637,Tunnel,3DES,modp6144(17),Off,IPv6,voip,123.6,49.2,102.7,0.22,267.2,Medium,6.8
TRN04442,Tunnel,3DES,modp6144(17),Off,IPv4,video_streaming,1497.4,83.0,596.8,0.59,84.6,Medium,5.7
TRN04296,Tunnel,DES,modp4096(16),Off,IPv4,voip,81.7,51.4,436.3,0.23,175.5,Weak,7.6
TRN01084,Tunnel,AES-128,modp1024(2),On,IPv6,voip,127.8,49.5,0.5,0.1,187.4,Weak,7.7
TRN00862,Tunnel,DES,modp768(1),On,IPv6,email,596.1,8.7,0.5,0.27,142.3,Weak,9.4
TRN00904,Tunnel,DES,modp2048(14),Off,IPv6,icmp,61.4,1.3,0.5,0.05,171.0,Weak,8.6
TRN00192,Transport,AES-256,modp8192(21),Off,IPv4,whatsapp_msg,96.3,5.9,0.5,0.42,101.4,Strong,0.3
TRN00110,Transport,AES-192,modp2048(14),On,IPv4,icmp,59.3,1.9,0.5,0.04,188.6,Medium,3.8
TRN01943,Transport,AES-256-GCM,modp768(1),Off,IPv4,icmp,66.2,1.4,0.5,0.05,175.9,Weak,7.6
TRN04254,Transport,AES-256,modp768(1),Off,IPv4,voip,113.0,66.7,0.5,0.18,168.1,Weak,9.9
TRN08402,Transport,AES-256,modp6144(17),On,IPv6,file_transfer,1349.5,114.5,448.0,0.82,147.5,Strong,3.1
TRN06976,Tunnel,AES-256,modp3072(15),Off,IPv6,video_streaming,1267.9,96.2,0.5,0.73,115.7,Strong,2.0
TRN07043,Tunnel,3DES,modp3072(15),On,IPv6,web_browsing,331.5,16.9,0.5,0.63,204.2,Medium,3.4
TRN06757,Transport,AES-192,modp6144(17),On,IPv6,whatsapp_msg,146.0,7.7,0.5,0.13,146.3,Strong,0.7
TRN02776,Transport,AES-256-GCM,modp4096(16),On,IPv6,web_browsing,422.5,13.2,4.6,0.54,78.2,Strong,1.4
TRN02324,Transport,AES-192,modp3072(15),On,IPv6,voip,125.8,53.8,301.8,0.16,81.2,Medium,5.5
TRN08517,Tunnel,3DES,modp2048(14),Off,IPv4,email,251.3,7.1,9.1,0.32,88.5,Weak,10.0
TRN02618,Tunnel,AES-256-GCM,modp768(1),Off,IPv6,file_transfer,1477.2,125.2,0.5,0.83,143.5,Weak,7.3
TRN06759,Tunnel,3DES,modp4096(16),On,IPv4,dns_query,94.6,2.2,0.5,0.1,128.0,Medium,5.2
TRN01095,Tunnel,AES-192,modp6144(17),On,IPv6,icmp,72.4,2.0,0.5,0.06,190.2,Strong,2.3
TRN08766,Tunnel,3DES,modp4096(16),On,IPv4,video_streaming,860.5,84.8,0.5,0.52,219.5,Medium,7.1
TRN04504,Tunnel,AES-192,modp4096(16),Off,IPv6,video_streaming,1194.2,79.9,0.5,0.52,130.2,Medium,4.3
TRN03136,Tunnel,AES-256,modp2048(14),On,IPv6,dns_query,41.8,3.3,2.3,0.1,81.2,Medium,4.4
TRN04582,Tunnel,AES-192,modp6144(17),On,IPv4,video_streaming,1346.4,63.2,811.8,0.48,197.9,Strong,2.0
TRN03806,Tunnel,AES-256-GCM,modp3072(15),Off,IPv4,whatsapp_msg,171.4,7.7,0.5,0.34,158.4,Strong,2.1
TRN07501,Tunnel,AES-256,modp1536(5),Off,IPv4,whatsapp_msg,196.6,4.3,0.5,0.26,180.8,Medium,6.4
TRN02655,Transport,AES-256,modp6144(17),Off,IPv6,file_transfer,1462.0,133.7,26.4,0.86,161.9,Strong,1.3
TRN04274,Transport,AES-128,modp768(1),On,IPv4,whatsapp_msg,149.4,4.7,16.4,0.22,135.2,Weak,6.7
TRN04985,Transport,AES-256,modp768(1),On,IPv6,web_browsing,364.7,17.2,29.2,0.53,170.8,Weak,10.0
TRN06383,Transport,AES-256-GCM,modp1536(5),Off,IPv6,file_transfer,1328.6,146.0,398.8,0.67,121.5,Medium,4.1
TRN05432,Tunnel,AES-128,modp3072(15),On,IPv4,file_transfer,1413.6,105.0,0.5,0.73,165.9,Medium,6.2
TRN06134,Transport,DES,modp1024(2),Off,IPv4,email,556.1,11.7,0.5,0.28,220.1,Weak,8.2
TRN04576,Transport,DES,modp6144(17),Off,IPv6,whatsapp_msg,160.1,2.0,0.5,0.26,128.0,Medium,3.4
TRN08717,Transport,AES-128,modp768(1),On,IPv4,web_browsing,301.6,13.4,0.5,0.49,174.6,Weak,7.3
TRN02203,Transport,AES-256,modp4096(16),On,IPv4,whatsapp_msg,164.8,7.8,0.5,0.31,86.0,Strong,2.4
TRN04923,Tunnel,AES-192,modp1536(5),Off,IPv6,file_transfer,1386.5,131.2,111.9,0.69,190.0,Medium,6.3
TRN07552,Transport,3DES,modp1536(5),Off,IPv6,voip,92.2,34.9,0.5,0.3,170.2,Weak,7.1
TRN04300,Transport,AES-192,modp8192(21),On,IPv6,email,202.1,11.9,0.5,0.35,161.5,Strong,0.7
TRN00976,Transport,AES-256-GCM,modp2048(14),On,IPv4,whatsapp_msg,134.1,9.0,12.2,0.21,80.2,Strong,1.9
TRN04690,Transport,3DES,modp1536(5),Off,IPv4,icmp,53.8,2.6,9.9,0.0,62.3,Weak,7.2
TRN00942,Transport,AES-256,modp2048(14),On,IPv6,video_streaming,1290.9,85.5,0.5,0.82,120.9,Strong,1.2
TRN02388,Tunnel,3DES,modp3072(15),Off,IPv4,email,679.2,8.5,1.2,0.27,127.8,Weak,9.6
TRN03222,Transport,AES-128,modp2048(14),Off,IPv4,file_transfer,1412.3,134.2,232.6,0.88,96.8,Medium,4.0
TRN03883,Tunnel,3DES,modp4096(16),Off,IPv6,email,824.7,9.7,0.5,0.24,152.5,Medium,3.8
TRN08491,Tunnel,AES-192,modp2048(14),On,IPv4,email,592.9,9.0,4.4,0.14,103.5,Medium,5.5
TRN05339,Tunnel,DES,modp3072(15),On,IPv4,email,704.0,4.4,10.6,0.35,138.6,Weak,6.5
TRN04763,Transport,3DES,modp4096(16),On,IPv4,whatsapp_msg,206.2,3.9,9.6,0.18,120.5,Medium,4.0
TRN02790,Transport,DES,modp1536(5),On,IPv4,file_transfer,1367.3,122.4,46.0,0.88,150.3,Weak,8.0
TRN00945,Tunnel,AES-128,modp8192(21),Off,IPv6,email,967.7,2.6,0.5,0.29,133.9,Strong,0.7
TRN07787,Tunnel,AES-256-GCM,modp8192(21),Off,IPv6,file_transfer,1353.8,137.4,157.9,0.87,154.0,Strong,1.3
TRN08118,Tunnel,AES-256-GCM,modp768(1),Off,IPv4,web_browsing,499.0,18.8,0.5,0.43,177.1,Medium,3.2
TRN07423,Transport,AES-192,modp3072(15),On,IPv6,whatsapp_msg,133.2,5.6,0.5,0.17,118.9,Strong,1.2
TRN04109,Tunnel,DES,modp6144(17),On,IPv6,email,454.4,8.5,0.5,0.25,198.3,Medium,5.3
TRN07135,Tunnel,AES-192,modp1024(2),On,IPv4,dns_query,68.6,4.9,0.7,0.07,189.0,Medium,4.6
TRN03256,Transport,AES-256-GCM,modp768(1),On,IPv4,dns_query,68.9,3.2,1.5,0.12,100.1,Medium,6.7
TRN02691,Tunnel,AES-128,modp1536(5),Off,IPv6,video_streaming,1266.6,85.8,111.6,0.67,198.1,Weak,8.4
TRN06621,Tunnel,3DES,modp6144(17),Off,IPv6,email,515.7,9.3,0.5,0.41,47.9,Medium,6.1
TRN01320,Tunnel,AES-192,modp4096(16),Off,IPv6,file_transfer,1482.2,160.1,0.5,0.69,171.8,Medium,5.7
TRN08892,Tunnel,AES-256,modp1024(2),On,IPv6,video_streaming,973.8,98.3,81.1,0.59,182.4,Medium,5.0
TRN04688,Transport,AES-128,modp8192(21),On,IPv4,voip,99.9,33.0,9.9,0.22,145.0,Strong,1.4
TRN05471,Tunnel,DES,modp1024(2),On,IPv4,file_transfer,1373.4,117.1,39.8,0.9,127.9,Weak,9.9
TRN05609,Tunnel,AES-192,modp2048(14),On,IPv6,dns_query,60.9,4.4,0.5,0.09,165.1,Medium,4.3
TRN03476,Tunnel,AES-256-GCM,modp768(1),On,IPv6,icmp,54.5,1.8,0.5,0.04,152.2,Medium,3.2
TRN03506,Transport,AES-256-GCM,modp3072(15),On,IPv6,file_transfer,1361.5,157.2,164.1,0.8,167.7,Strong,1.4
TRN02478,Transport,AES-128,modp1536(5),Off,IPv6,icmp,71.2,2.3,11.4,0.07,142.2,Weak,7.5
TRN08289,Transport,DES,modp6144(17),On,IPv4,email,277.6,10.1,11.6,0.45,214.7,Medium,4.9
TRN05907,Transport,AES-192,modp6144(17),Off,IPv4,web_browsing,621.4,6.9,19.9,0.55,133.2,Strong,0.3
TRN08344,Tunnel,3DES,modp6144(17),Off,IPv4,icmp,44.7,1.8,3.8,0.03,108.7,Medium,5.5
TRN08875,Tunnel,3DES,modp1024(2),Off,IPv6,dns_query,84.7,4.0,1.1,0.11,108.0,Weak,8.6
TRN01875,Tunnel,DES,modp6144(17),Off,IPv6,email,739.0,5.8,6.1,0.59,173.1,Medium,4.3
TRN07606,Tunnel,DES,modp2048(14),On,IPv6,email,179.6,5.1,0.5,0.15,146.8,Weak,9.2
TRN04240,Transport,AES-256,modp768(1),On,IPv6,voip,85.6,61.6,212.1,0.22,158.9,Weak,8.3
TRN02905,Transport,AES-192,modp4096(16),On,IPv4,icmp,71.2,1.3,1.4,0.06,169.8,Strong,0.6
TRN00571,Tunnel,AES-256-GCM,modp1024(2),Off,IPv6,whatsapp_msg,152.8,10.5,14.7,0.33,143.2,Medium,4.5
TRN01449,Transport,AES-128,modp3072(15),On,IPv4,file_transfer,1397.6,122.0,238.2,0.98,197.3,Medium,6.7
TRN04802,Transport,AES-256-GCM,modp768(1),Off,IPv6,file_transfer,1292.5,132.9,78.7,0.61,112.3,Weak,9.3
TRN07830,Tunnel,DES,modp1024(2),Off,IPv4,email,892.6,9.7,0.5,0.35,86.1,Weak,9.0
TRN05119,Tunnel,AES-256,modp3072(15),On,IPv4,file_transfer,1291.1,149.3,413.4,0.66,114.6,Strong,0.6
TRN06699,Transport,AES-256-GCM,modp8192(21),Off,IPv4,video_streaming,1182.1,68.2,72.2,0.64,158.6,Strong,1.6
TRN05254,Tunnel,AES-256,modp1536(5),On,IPv6,whatsapp_msg,118.5,6.3,0.5,0.14,97.5,Medium,5.6
TRN03227,Tunnel,DES,modp1536(5),Off,IPv6,web_browsing,208.1,11.9,4.6,0.6,137.1,Weak,9.8
TRN08767,Transport,AES-128,modp2048(14),Off,IPv6,email,740.7,5.1,0.5,0.37,104.4,Medium,3.9
TRN03979,Tunnel,3DES,modp1536(5),Off,IPv4,voip,103.6,41.1,272.8,0.26,138.0,Weak,6.8
TRN06152,Transport,DES,modp768(1),Off,IPv4,whatsapp_msg,119.3,4.1,3.1,0.4,201.4,Weak,8.2
TRN03540,Tunnel,AES-128,modp8192(21),On,IPv4,voip,137.4,65.2,300.3,0.18,163.6,Strong,1.5
TRN05666,Transport,DES,modp8192(21),On,IPv6,web_browsing,367.6,21.9,23.1,0.65,218.7,Medium,3.2
TRN02828,Transport,AES-256,modp6144(17),On,IPv6,video_streaming,899.2,69.6,0.5,0.49,101.9,Strong,1.0
TRN05431,Transport,AES-192,modp1024(2),On,IPv6,video_streaming,1232.0,107.7,990.0,0.74,214.4,Medium,7.3
TRN01339,Tunnel,3DES,modp4096(16),Off,IPv4,web_browsing,276.2,8.3,0.5,0.66,216.0,Medium,6.9
TRN03263,Tunnel,AES-192,modp6144(17),Off,IPv6,voip,149.1,51.3,0.5,0.19,156.6,Strong,2.3
TRN05149,Transport,AES-128,modp768(1),On,IPv6,email,616.2,7.5,0.5,0.22,93.2,Weak,9.1
TRN00651,Transport,AES-256-GCM,modp3072(15),On,IPv4,web_browsing,328.5,16.1,63.5,0.45,160.1,Strong,1.9
TRN02903,Tunnel,AES-128,modp8192(21),Off,IPv4,video_streaming,1114.4,77.7,0.5,0.41,123.8,Strong,2.9
TRN02259,Transport,3DES,modp1024(2),On,IPv6,file_transfer,1386.8,129.3,12.1,0.7,169.8,Weak,6.9
TRN06018,Transport,DES,modp8192(21),Off,IPv6,voip,84.2,38.2,162.5,0.18,164.6,Medium,4.7
TRN08092,Tunnel,AES-128,modp2048(14),Off,IPv4,icmp,50.8,2.2,19.5,0.09,157.7,Medium,5.7
TRN08058,Tunnel,DES,modp2048(14),On,IPv6,web_browsing,202.3,11.3,0.5,0.55,100.2,Weak,8.1
TRN04430,Transport,AES-256-GCM,modp4096(16),Off,IPv4,web_browsing,454.3,16.2,0.5,0.81,133.6,Strong,0.8
TRN07476,Transport,AES-192,modp8192(21),On,IPv4,web_browsing,567.8,17.8,0.5,0.38,184.8,Strong,2.4
TRN06940,Transport,3DES,modp4096(16),On,IPv4,video_streaming,1056.8,78.4,0.5,0.46,190.6,Medium,4.6
TRN02585,Transport,DES,modp1536(5),Off,IPv6,whatsapp_msg,190.7,4.8,9.3,0.3,141.8,Weak,8.9
TRN03197,Transport,AES-256-GCM,modp768(1),On,IPv6,email,286.5,3.7,15.2,0.22,179.2,Medium,4.6
TRN06179,Tunnel,3DES,modp3072(15),Off,IPv4,web_browsing,399.3,19.2,19.2,0.72,156.1,Medium,4.3
TRN04330,Transport,AES-256-GCM,modp8192(21),On,IPv4,dns_query,102.6,2.4,0.5,0.1,119.6,Strong,1.4
TRN01259,Tunnel,AES-256,modp8192(21),On,IPv6,dns_query,64.7,3.5,0.5,0.09,140.2,Strong,3.5
TRN04247,Transport,AES-256-GCM,modp1024(2),On,IPv4,whatsapp_msg,193.5,5.0,0.5,0.35,179.4,Medium,5.0
TRN00992,Transport,3DES,modp6144(17),On,IPv4,voip,111.6,45.5,0.5,0.27,115.2,Medium,6.8
TRN03505,Tunnel,3DES,modp3072(15),Off,IPv6,icmp,67.7,2.0,0.5,0.05,171.2,Medium,4.4
TRN00114,Tunnel,AES-192,modp2048(14),Off,IPv4,icmp,57.1,1.9,11.4,0.05,159.9,Medium,4.7
TRN00920,Tunnel,AES-256-GCM,modp4096(16),On,IPv6,email,656.0,6.8,37.7,0.3,156.4,Strong,1.0
TRN02510,Tunnel,AES-256,modp1536(5),Off,IPv6,web_browsing,308.2,12.8,0.5,0.37,109.6,Medium,6.5
TRN08461,Transport,AES-256,modp2048(14),On,IPv6,email,537.2,10.2,1.2,0.43,129.9,Medium,4.7
TRN07177,Tunnel,AES-192,modp8192(21),On,IPv4,video_streaming,1042.8,91.6,0.5,0.63,125.0,Strong,0.5
TRN04383,Tunnel,DES,modp1536(5),Off,IPv4,whatsapp_msg,146.1,4.3,7.1,0.2,147.2,Weak,9.6
TRN00950,Tunnel,AES-256-GCM,modp3072(15),Off,IPv6,web_browsing,358.6,13.8,0.5,0.22,137.4,Strong,1.5
TRN04614,Transport,AES-192,modp4096(16),Off,IPv6,file_transfer,1460.5,113.2,0.5,0.92,143.8,Medium,4.0
TRN03771,Transport,3DES,modp1536(5),On,IPv6,whatsapp_msg,143.9,7.4,4.8,0.46,219.7,Weak,8.3
TRN07436,Transport,AES-256-GCM,modp1536(5),Off,IPv6,web_browsing,239.0,17.1,0.5,0.66,120.9,Medium,5.7
TRN02851,Tunnel,AES-192,modp2048(14),Off,IPv4,whatsapp_msg,89.5,6.9,7.1,0.19,156.1,Medium,5.0
TRN05220,Transport,DES,modp6144(17),On,IPv4,voip,132.7,38.1,0.5,0.12,64.9,Medium,5.8
TRN04318,Tunnel,AES-192,modp8192(21),Off,IPv6,email,787.5,9.5,3.9,0.26,103.9,Strong,1.5
TRN07978,Tunnel,AES-128,modp8192(21),Off,IPv6,whatsapp_msg,224.2,7.1,7.7,0.2,131.4,Strong,2.9
TRN06697,Tunnel,3DES,modp3072(15),On,IPv6,whatsapp_msg,105.3,5.0,0.5,0.14,194.3,Medium,4.8
TRN02506,Transport,AES-128,modp8192(21),Off,IPv4,dns_query,72.6,3.6,0.5,0.08,225.5,Strong,1.0
TRN01115,Tunnel,AES-256,modp2048(14),Off,IPv6,dns_query,74.3,2.6,2.0,0.12,142.5,Medium,4.6
TRN08609,Tunnel,AES-192,modp1536(5),On,IPv4,web_browsing,334.7,12.7,33.3,0.73,196.7,Medium,3.2
TRN00299,Tunnel,3DES,modp8192(21),On,IPv6,video_streaming,1125.8,92.4,0.5,0.83,147.1,Strong,0.3
TRN01676,Tunnel,3DES,modp4096(16),On,IPv4,email,745.7,13.1,13.6,0.18,185.1,Medium,4.7
TRN03348,Transport,3DES,modp1536(5),Off,IPv6,dns_query,94.9,2.5,1.4,0.1,152.3,Weak,8.2
TRN02736,Tunnel,AES-256-GCM,modp1024(2),On,IPv6,dns_query,56.8,2.6,0.5,0.16,57.7,Medium,5.9
TRN08788,Transport,DES,modp1536(5),On,IPv4,voip,105.3,46.1,96.8,0.16,193.6,Weak,8.1
TRN08207,Tunnel,3DES,modp4096(16),On,IPv4,dns_query,75.9,1.9,0.5,0.16,195.9,Medium,5.3
TRN04679,Tunnel,3DES,modp2048(14),On,IPv4,video_streaming,1077.4,85.0,517.0,0.55,120.0,Weak,9.6
TRN07798,Tunnel,AES-192,modp768(1),Off,IPv4,video_streaming,1325.2,104.7,0.5,0.68,135.8,Weak,8.1
TRN07984,Tunnel,3DES,modp1024(2),On,IPv4,file_transfer,1366.5,93.8,0.5,0.84,143.8,Weak,7.0
TRN04417,Transport,AES-256-GCM,modp3072(15),On,IPv4,whatsapp_msg,120.5,6.4,0.5,0.25,105.6,Strong,0.7
TRN06311,Transport,DES,modp1536(5),Off,IPv4,icmp,55.9,1.7,0.5,0.02,165.7,Weak,9.2
TRN02104,Tunnel,DES,modp2048(14),On,IPv6,icmp,58.9,2.0,2.3,0.11,101.7,Weak,6.7
TRN05278,Tunnel,AES-256-GCM,modp768(1),On,IPv4,whatsapp_msg,169.9,6.1,0.5,0.17,123.1,Medium,4.1
TRN05447,Transport,AES-256-GCM,modp1024(2),On,IPv4,dns_query,59.7,1.0,0.5,0.08,120.4,Medium,4.1
TRN05983,Tunnel,DES,modp6144(17),Off,IPv6,video_streaming,1151.6,107.3,97.8,0.52,187.6,Medium,3.1
TRN01838,Transport,AES-256,modp1536(5),Off,IPv6,voip,65.0,48.6,0.5,0.19,150.6,Medium,5.1
TRN06352,Tunnel,DES,modp4096(16),On,IPv6,voip,111.4,59.6,149.8,0.24,168.3,Medium,7.0
TRN08652,Tunnel,AES-192,modp8192(21),On,IPv4,icmp,69.5,1.6,0.5,0.04,197.9,Strong,1.9
TRN06563,Transport,AES-128,modp2048(14),Off,IPv4,email,779.8,10.6,0.5,0.44,154.7,Medium,5.3
TRN00608,Transport,3DES,modp8192(21),On,IPv6,video_streaming,1376.5,97.8,0.5,0.66,209.2,Medium,5.5
TRN01094,Transport,AES-192,modp4096(16),On,IPv6,email,677.1,5.6,18.2,0.2,178.6,Strong,2.2
TRN04372,Transport,3DES,modp6144(17),Off,IPv6,email,700.9,5.7,21.9,0.19,142.6,Medium,6.1
TRN05101,Tunnel,AES-192,modp4096(16),Off,IPv6,web_browsing,258.4,14.1,0.5,0.56,79.6,Strong,0.5
TRN07933,Transport,3DES,modp2048(14),On,IPv4,icmp,65.3,1.2,0.5,0.05,158.7,Weak,8.1
TRN00161,Transport,AES-256,modp3072(15),On,IPv6,web_browsing,343.5,14.0,1.7,0.35,89.5,Strong,0.5
TRN00204,Transport,AES-192,modp2048(14),Off,IPv6,icmp,63.2,0.9,8.4,0.03,107.5,Medium,4.7
TRN05673,Transport,3DES,modp768(1),Off,IPv4,email,659.7,6.0,22.5,0.27,164.4,Weak,8.1
TRN04743,Transport,AES-128,modp1024(2),On,IPv4,web_browsing,576.1,12.4,0.5,0.73,125.2,Weak,8.4
TRN02935,Tunnel,AES-256-GCM,modp2048(14),On,IPv6,whatsapp_msg,92.9,8.1,11.4,0.2,125.8,Strong,1.5
TRN05889,Transport,AES-256-GCM,modp1024(2),On,IPv4,whatsapp_msg,148.8,7.5,0.5,0.39,253.6,Medium,4.5
TRN02436,Tunnel,3DES,modp3072(15),Off,IPv4,email,436.3,9.1,6.1,0.3,145.4,Medium,6.4
TRN01231,Transport,DES,modp1536(5),On,IPv4,dns_query,63.2,3.1,4.2,0.16,133.8,Weak,8.2
TRN07435,Transport,AES-128,modp1024(2),On,IPv4,icmp,60.5,1.3,2.5,0.04,116.3,Weak,7.3
TRN08792,Transport,AES-256,modp8192(21),Off,IPv4,dns_query,90.1,2.2,3.1,0.08,185.2,Strong,0.9
TRN08686,Tunnel,AES-128,modp6144(17),On,IPv6,web_browsing,274.8,18.5,5.8,0.35,179.6,Strong,3.2
TRN04611,Transport,AES-192,modp6144(17),Off,IPv4,voip,138.8,36.8,0.5,0.18,211.3,Strong,1.7
TRN06166,Transport,AES-128,modp6144(17),On,IPv6,web_browsing,294.8,13.0,40.5,0.23,176.5,Strong,1.7
TRN05163,Transport,3DES,modp768(1),Off,IPv4,web_browsing,370.7,21.3,0.5,0.26,161.3,Weak,8.9
TRN04252,Transport,AES-256-GCM,modp3072(15),On,IPv4,dns_query,68.7,3.3,0.5,0.1,125.4,Strong,1.4
TRN07923,Tunnel,DES,modp1024(2),Off,IPv6,whatsapp_msg,161.8,7.7,0.5,0.2,261.0,Weak,5.8
TRN04035,Transport,DES,modp8192(21),On,IPv6,web_browsing,356.4,6.7,0.5,0.76,160.7,Medium,6.0
TRN06514,Transport,AES-128,modp4096(16),On,IPv4,video_streaming,1148.1,70.1,0.5,0.65,129.5,Medium,5.1
TRN04772,Transport,3DES,modp4096(16),On,IPv4,whatsapp_msg,81.9,3.5,0.5,0.16,173.1,Medium,4.0
TRN03878,Tunnel,DES,modp4096(16),Off,IPv4,voip,130.6,47.6,0.5,0.14,180.2,Weak,9.5
TRN04377,Transport,AES-256-GCM,modp8192(21),On,IPv6,video_streaming,1323.9,104.6,0.5,0.64,240.8,Strong,0.3
TRN00858,Transport,AES-128,modp4096(16),Off,IPv6,icmp,58.6,1.6,0.5,0.08,156.1,Medium,5.0
TRN08049,Tunnel,DES,modp2048(14),Off,IPv4,icmp,65.0,1.5,4.2,0.04,30.2,Weak,8.5
TRN06890,Tunnel,3DES,modp8192(21),On,IPv6,whatsapp_msg,183.0,5.6,0.5,0.29,163.8,Strong,2.3
TRN02562,Tunnel,AES-128,modp8192(21),On,IPv6,icmp,48.6,2.2,11.3,0.06,122.4,Strong,1.7
TRN03802,Tunnel,DES,modp2048(14),Off,IPv6,video_streaming,1410.0,92.7,207.5,0.77,66.2,Weak,6.6
TRN02641,Transport,AES-192,modp768(1),On,IPv6,dns_query,95.1,3.7,7.1,0.05,166.5,Weak,8.2
TRN04510,Tunnel,AES-128,modp3072(15),Off,IPv6,web_browsing,252.8,20.9,2.3,0.47,126.7,Medium,4.3
TRN02348,Tunnel,AES-128,modp2048(14),On,IPv4,video_streaming,1461.0,81.7,0.5,0.69,77.8,Medium,5.3
TRN06654,Tunnel,AES-192,modp4096(16),On,IPv6,video_streaming,1313.7,111.7,0.5,0.68,91.1,Strong,2.3
TRN02782,Tunnel,AES-128,modp6144(17),On,IPv6,video_streaming,1116.3,99.1,867.2,0.66,169.4,Strong,2.6
TRN04557,Tunnel,AES-192,modp3072(15),On,IPv6,dns_query,68.4,3.5,0.7,0.06,179.3,Medium,4.6
TRN08532,Tunnel,AES-128,modp3072(15),On,IPv6,file_transfer,1464.8,104.7,240.7,0.82,136.1,Medium,6.1
TRN07439,Transport,AES-256,modp3072(15),Off,IPv6,file_transfer,1342.6,80.0,154.6,0.83,167.9,Strong,2.3
TRN00616,Tunnel,AES-192,modp3072(15),Off,IPv6,email,263.4,4.0,0.5,0.15,194.3,Medium,3.7
TRN07008,Transport,AES-256-GCM,modp6144(17),On,IPv6,voip,144.0,53.0,7.2,0.15,164.3,Strong,3.0
TRN02576,Transport,AES-192,modp8192(21),Off,IPv6,dns_query,79.2,2.5,1.4,0.07,95.7,Strong,1.9
TRN07485,Transport,AES-256,modp6144(17),Off,IPv6,voip,117.2,37.0,0.5,0.24,179.0,Strong,1.2
TRN03341,Tunnel,3DES,modp4096(16),Off,IPv4,dns_query,89.3,3.8,0.5,0.13,167.1,Medium,6.0
TRN05670,Tunnel,AES-128,modp8192(21),On,IPv6,email,816.6,6.5,0.5,0.34,143.3,Strong,2.7
TRN01706,Transport,DES,modp768(1),Off,IPv6,icmp,61.5,2.6,3.3,0.07,144.0,Weak,7.4
TRN06954,Tunnel,AES-192,modp4096(16),On,IPv6,dns_query,87.3,2.9,4.2,0.1,57.5,Strong,3.8
TRN04405,Transport,3DES,modp768(1),On,IPv6,voip,110.2,33.5,0.5,0.18,130.6,Weak,9.4
TRN01494,Transport,AES-128,modp1024(2),On,IPv6,email,516.2,10.8,10.4,0.42,157.9,Weak,6.5
TRN08966,Tunnel,DES,modp2048(14),On,IPv4,whatsapp_msg,144.0,4.2,7.8,0.35,56.9,Weak,7.1
TRN04538,Tunnel,AES-256,modp6144(17),On,IPv6,icmp,63.5,3.1,0.5,0.04,92.3,Strong,2.8
TRN00804,Tunnel,AES-128,modp2048(14),On,IPv6,email,972.7,3.5,0.5,0.33,106.4,Medium,6.2
TRN08991,Tunnel,AES-256-GCM,modp768(1),On,IPv4,video_streaming,1531.5,71.9,401.6,0.46,152.7,Medium,4.7
TRN05723,Tunnel,DES,modp1536(5),On,IPv4,voip,90.4,35.6,0.5,0.21,101.7,Weak,8.4
TRN00991,Transport,AES-256-GCM,modp4096(16),Off,IPv4,icmp,74.7,2.0,21.1,0.04,121.5,Strong,1.4
TRN06598,Tunnel,DES,modp6144(17),Off,IPv6,icmp,66.9,2.1,20.6,0.07,197.8,Medium,6.2
TRN05999,Transport,AES-192,modp1536(5),Off,IPv6,email,692.5,11.3,20.9,0.29,163.7,Weak,6.7
TRN07603,Transport,AES-256-GCM,modp1536(5),Off,IPv6,voip,141.2,53.8,365.2,0.21,194.6,Medium,3.0
TRN03514,Tunnel,AES-192,modp8192(21),Off,IPv4,web_browsing,573.4,20.5,0.5,0.35,178.6,Strong,3.8
TRN04415,Transport,DES,modp2048(14),Off,IPv4,email,738.5,5.1,0.5,0.34,124.4,Weak,8.0
TRN06928,Transport,3DES,modp8192(21),Off,IPv6,file_transfer,1348.2,103.3,106.2,0.74,232.4,Medium,5.7
TRN00220,Tunnel,AES-128,modp768(1),On,IPv6,web_browsing,518.1,16.1,0.5,0.49,236.7,Weak,7.2
TRN04465,Tunnel,DES,modp768(1),On,IPv4,voip,115.4,52.3,0.5,0.29,151.1,Weak,8.8
TRN01289,Transport,AES-128,modp4096(16),Off,IPv4,icmp,58.5,1.6,7.7,0.06,107.4,Medium,3.7
TRN03164,Tunnel,AES-256,modp6144(17),On,IPv6,whatsapp_msg,149.9,6.9,0.5,0.13,137.4,Strong,2.5
TRN02619,Tunnel,AES-256-GCM,modp8192(21),On,IPv6,email,890.8,10.7,3.7,0.37,189.9,Strong,1.7
TRN03613,Tunnel,AES-128,modp6144(17),On,IPv6,web_browsing,476.2,15.4,9.1,0.75,160.5,Strong,2.2
TRN00044,Transport,AES-192,modp2048(14),On,IPv6,web_browsing,261.5,17.9,0.5,0.7,83.4,Medium,6.5
TRN06771,Tunnel,3DES,modp1024(2),On,IPv4,web_browsing,546.6,15.0,3.7,0.48,276.2,Weak,8.7
TRN03793,Transport,AES-192,modp3072(15),On,IPv4,video_streaming,1026.4,124.1,1539.7,0.73,96.6,Strong,3.6
TRN03572,Tunnel,AES-256-GCM,modp768(1),Off,IPv4,web_browsing,435.3,7.0,0.5,0.24,120.2,Medium,4.7
TRN07097,Transport,DES,modp768(1),Off,IPv4,icmp,54.1,1.1,0.5,0.02,173.4,Weak,9.1
TRN01504,Transport,3DES,modp1536(5),On,IPv4,dns_query,96.3,2.3,0.5,0.09,144.6,Weak,7.8
TRN04478,Transport,AES-192,modp1536(5),Off,IPv4,whatsapp_msg,137.9,6.7,14.2,0.24,173.4,Medium,6.0
TRN08847,Tunnel,AES-256,modp3072(15),On,IPv6,video_streaming,1178.7,76.6,637.8,0.64,165.1,Strong,0.3
TRN03440,Transport,3DES,modp3072(15),On,IPv4,web_browsing,542.1,10.7,0.5,0.55,202.1,Medium,6.2
TRN01893,Tunnel,AES-128,modp8192(21),Off,IPv4,video_streaming,1159.5,111.4,0.5,0.57,205.0,Strong,0.4
TRN08385,Transport,AES-256-GCM,modp768(1),On,IPv4,dns_query,95.9,1.7,0.5,0.1,235.0,Medium,5.5
TRN08088,Transport,AES-192,modp6144(17),On,IPv6,file_transfer,1353.1,122.3,73.2,0.84,174.0,Strong,1.3
TRN05046,Tunnel,AES-256,modp3072(15),On,IPv6,video_streaming,1569.4,63.1,191.6,0.48,86.9,Strong,1.5
TRN01506,Transport,DES,modp1536(5),Off,IPv6,web_browsing,326.2,13.7,0.5,0.95,100.4,Weak,8.2
TRN00671,Tunnel,AES-192,modp4096(16),Off,IPv6,file_transfer,1529.6,123.1,9.0,0.73,173.9,Medium,4.6
TRN07829,Tunnel,AES-256,modp768(1),Off,IPv4,icmp,65.2,1.9,6.4,0.02,232.1,Weak,9.5
TRN05686,Tunnel,AES-256-GCM,modp768(1),Off,IPv6,web_browsing,309.6,14.8,3.0,0.54,206.2,Medium,3.5
TRN00898,Tunnel,AES-128,modp3072(15),Off,IPv4,voip,66.9,40.3,374.3,0.24,184.5,Medium,6.0
TRN04979,Tunnel,AES-256,modp2048(14),On,IPv6,web_browsing,538.0,14.0,0.5,0.57,179.5,Medium,3.6
TRN02667,Tunnel,DES,modp4096(16),On,IPv4,email,739.1,6.9,5.4,0.41,197.5,Medium,4.3
TRN03194,Tunnel,DES,modp768(1),Off,IPv6,voip,133.1,49.0,0.5,0.17,161.4,Weak,7.5
TRN02891,Tunnel,AES-192,modp6144(17),On,IPv6,voip,114.6,41.6,0.5,0.12,123.5,Strong,2.9
TRN08182,Tunnel,AES-128,modp1536(5),On,IPv4,file_transfer,1419.3,120.8,0.5,0.65,122.9,Weak,7.6
TRN04837,Transport,3DES,modp1536(5),Off,IPv6,web_browsing,213.0,24.7,6.4,0.34,268.5,Weak,8.3
TRN06380,Transport,AES-192,modp2048(14),Off,IPv6,email,891.3,9.2,16.2,0.21,151.9,Medium,4.1
TRN07468,Tunnel,AES-192,modp3072(15),On,IPv6,dns_query,87.9,1.1,0.5,0.11,210.7,Medium,5.2
TRN02371,Tunnel,3DES,modp1024(2),Off,IPv6,voip,100.1,46.6,0.5,0.28,100.2,Weak,9.3
TRN06363,Tunnel,AES-128,modp3072(15),On,IPv6,icmp,59.1,2.9,0.5,0.06,148.1,Medium,3.7
TRN01770,Tunnel,DES,modp1024(2),On,IPv4,web_browsing,295.2,10.8,91.4,0.52,231.1,Weak,9.3
TRN07122,Transport,AES-256,modp6144(17),On,IPv6,web_browsing,503.5,6.8,0.5,0.5,154.7,Strong,1.0
TRN04852,Tunnel,DES,modp1536(5),Off,IPv4,file_transfer,1379.2,120.7,13.6,0.78,170.9,Weak,7.3
TRN00532,Tunnel,3DES,modp4096(16),Off,IPv6,video_streaming,1011.8,77.4,0.5,0.5,104.4,Medium,6.3
TRN08429,Transport,AES-128,modp8192(21),On,IPv4,voip,122.8,56.1,705.7,0.25,150.1,Strong,1.0
TRN07389,Tunnel,AES-128,modp1024(2),Off,IPv4,whatsapp_msg,198.4,7.2,12.7,0.16,202.8,Weak,9.5
TRN07055,Tunnel,AES-192,modp768(1),Off,IPv6,email,481.5,3.0,14.8,0.41,185.6,Weak,6.7
TRN07968,Tunnel,AES-128,modp1024(2),On,IPv4,voip,127.2,51.6,0.5,0.19,178.1,Weak,9.2
TRN08023,Tunnel,AES-192,modp4096(16),On,IPv6,web_browsing,424.5,18.2,33.6,0.47,196.7,Strong,0.8
TRN00732,Transport,AES-256,modp4096(16),Off,IPv4,web_browsing,374.3,22.4,0.5,0.31,196.0,Strong,1.7
TRN03407,Tunnel,AES-192,modp2048(14),Off,IPv6,whatsapp_msg,240.4,6.4,4.0,0.26,187.6,Medium,5.3
TRN02340,Tunnel,DES,modp4096(16),Off,IPv6,video_streaming,1081.3,85.9,129.9,0.56,108.6,Medium,5.2
TRN04873,Transport,3DES,modp1536(5),On,IPv4,video_streaming,1455.6,100.5,1214.8,0.67,130.4,Weak,8.3
TRN04702,Transport,DES,modp2048(14),Off,IPv4,email,396.9,1.7,3.1,0.32,120.3,Weak,7.5
TRN02566,Transport,AES-256,modp768(1),Off,IPv6,dns_query,69.8,1.8,0.5,0.14,235.5,Weak,8.6
TRN06214,Transport,AES-256-GCM,modp2048(14),Off,IPv4,icmp,60.5,2.3,0.5,0.04,184.8,Medium,3.2
TRN08271,Tunnel,3DES,modp2048(14),On,IPv6,voip,127.4,49.7,84.8,0.12,141.0,Medium,5.2
TRN05413,Tunnel,AES-192,modp3072(15),Off,IPv6,whatsapp_msg,174.4,5.5,0.5,0.26,198.1,Medium,5.0
TRN05638,Tunnel,AES-192,modp4096(16),Off,IPv6,web_browsing,449.4,11.5,35.3,0.53,113.2,Medium,6.0
TRN04418,Transport,AES-256,modp8192(21),Off,IPv6,icmp,50.6,0.9,0.5,0.02,145.8,Strong,1.3
TRN07307,Transport,3DES,modp1024(2),On,IPv6,whatsapp_msg,106.6,10.6,0.5,0.34,51.8,Weak,8.4
TRN07948,Tunnel,AES-256,modp1024(2),On,IPv6,web_browsing,494.5,22.1,40.0,0.29,134.6,Medium,5.6
TRN01256,Transport,AES-256,modp4096(16),On,IPv6,file_transfer,1482.6,128.5,0.5,0.76,77.0,Strong,0.9
TRN02105,Transport,AES-192,modp1024(2),On,IPv6,whatsapp_msg,201.5,10.0,10.0,0.15,216.0,Medium,2.9
TRN05396,Tunnel,DES,modp768(1),On,IPv6,email,384.7,4.7,13.8,0.47,88.9,Weak,9.3
TRN05015,Tunnel,AES-192,modp768(1),On,IPv4,file_transfer,1361.7,135.5,0.5,0.9,162.9,Weak,7.4
TRN08224,Transport,DES,modp6144(17),Off,IPv6,file_transfer,1413.0,115.1,182.5,0.8,78.2,Medium,4.1
TRN07909,Transport,AES-192,modp3072(15),Off,IPv4,dns_query,80.8,3.9,1.3,0.09,105.7,Medium,4.7
TRN07178,Transport,AES-192,modp768(1),Off,IPv4,icmp,54.6,2.8,0.5,0.03,177.0,Weak,7.4
TRN03485,Transport,AES-128,modp1024(2),Off,IPv6,video_streaming,1354.1,122.1,796.6,0.69,34.2,Weak,7.8
TRN08540,Transport,AES-192,modp6144(17),On,IPv6,icmp,52.3,2.1,16.6,0.05,192.3,Strong,1.4
TRN03817,Transport,AES-192,modp3072(15),On,IPv6,whatsapp_msg,85.2,5.6,4.7,0.14,178.5,Medium,5.1
TRN05560,Tunnel,DES,modp2048(14),Off,IPv4,voip,97.5,48.1,16.3,0.37,105.1,Weak,7.0
TRN07040,Transport,AES-256-GCM,modp1536(5),On,IPv4,file_transfer,1363.1,146.0,0.5,0.78,240.6,Medium,7.0
TRN06305,Transport,3DES,modp2048(14),Off,IPv6,web_browsing,359.2,16.3,0.5,0.65,186.0,Weak,7.4
TRN04470,Tunnel,3DES,modp1536(5),Off,IPv4,whatsapp_msg,178.7,8.7,10.1,0.18,144.5,Weak,10.0
TRN01622,Tunnel,AES-256,modp4096(16),On,IPv4,whatsapp_msg,82.2,8.0,0.5,0.3,190.9,Strong,1.9
TRN08480,Tunnel,AES-192,modp1536(5),Off,IPv4,email,728.9,11.8,24.5,0.38,155.8,Medium,4.0
TRN06014,Transport,AES-128,modp3072(15),Off,IPv6,dns_query,63.9,3.6,0.5,0.05,174.2,Medium,2.9
TRN05029,Tunnel,AES-192,modp3072(15),Off,IPv4,video_streaming,1108.6,102.6,0.5,0.84,156.9,Medium,5.0
TRN07814,Transport,AES-256,modp8192(21),Off,IPv4,icmp,73.0,1.8,4.1,0.03,152.5,Strong,1.0
TRN01097,Transport,AES-256-GCM,modp2048(14),On,IPv4,icmp,65.8,1.3,4.8,0.08,148.0,Strong,2.1
TRN05132,Tunnel,AES-192,modp4096(16),Off,IPv6,dns_query,63.5,1.1,1.5,0.12,177.7,Medium,2.7
TRN08604,Transport,DES,modp1536(5),Off,IPv6,email,695.7,7.4,0.5,0.48,54.0,Weak,8.2
TRN02464,Tunnel,3DES,modp3072(15),On,IPv4,dns_query,86.3,4.4,1.2,0.15,182.6,Medium,3.4
TRN08799,Transport,AES-256-GCM,modp6144(17),On,IPv4,icmp,63.3,2.1,18.2,0.03,144.4,Strong,0.8
TRN01789,Tunnel,AES-128,modp8192(21),Off,IPv6,web_browsing,415.3,16.1,16.0,0.71,163.7,Strong,0.5
TRN07105,Transport,AES-192,modp3072(15),On,IPv4,voip,137.7,49.2,119.9,0.21,200.7,Strong,2.5
TRN04989,Tunnel,AES-192,modp8192(21),On,IPv4,web_browsing,525.9,13.4,0.5,0.59,120.5,Strong,0.7
TRN05000,Tunnel,AES-128,modp8192(21),On,IPv6,video_streaming,1202.3,64.0,1275.0,0.45,88.7,Strong,2.0
TRN00193,Tunnel,DES,modp1024(2),On,IPv4,icmp,71.2,2.0,15.5,0.06,189.3,Weak,6.9
TRN00821,Tunnel,AES-256-GCM,modp1536(5),On,IPv4,icmp,75.9,1.9,0.5,0.0,225.9,Medium,6.3
TRN04603,Transport,AES-192,modp6144(17),Off,IPv4,dns_query,68.0,1.5,2.3,0.1,165.8,Strong,2.3
TRN06796,Transport,AES-256,modp768(1),Off,IPv6,icmp,69.2,0.6,0.5,0.07,205.6,Weak,8.1
TRN05993,Transport,AES-256,modp4096(16),On,IPv6,video_streaming,1151.2,87.1,622.2,0.64,150.9,Strong,3.2
TRN04167,Transport,3DES,modp8192(21),On,IPv4,voip,103.4,48.1,0.5,0.11,142.0,Medium,5.0
TRN02688,Transport,DES,modp6144(17),On,IPv6,email,741.3,12.7,8.2,0.47,172.2,Medium,6.6
TRN07296,Transport,AES-192,modp2048(14),On,IPv6,video_streaming,1744.8,95.0,819.1,0.59,118.6,Medium,4.9
TRN06010,Transport,3DES,modp8192(21),On,IPv6,web_browsing,287.7,15.5,40.9,0.48,172.3,Medium,4.9
TRN04814,Transport,DES,modp4096(16),On,IPv6,icmp,57.9,1.7,0.5,0.06,99.9,Medium,4.2
TRN05427,Tunnel,AES-192,modp4096(16),Off,IPv6,icmp,60.8,1.9,0.5,0.04,107.3,Medium,6.9
TRN02608,Tunnel,DES,modp8192(21),Off,IPv6,web_browsing,304.8,3.9,14.1,0.73,158.1,Medium,5.1
TRN05995,Tunnel,AES-192,modp4096(16),Off,IPv6,web_browsing,505.4,20.5,31.8,0.45,186.6,Medium,4.4
TRN00239,Tunnel,AES-128,modp1536(5),Off,IPv6,email,541.7,6.7,0.5,0.25,162.4,Weak,9.2
TRN04016,Transport,AES-256-GCM,modp8192(21),Off,IPv4,web_browsing,528.3,16.8,0.5,0.41,114.3,Strong,3.3
TRN08329,Transport,3DES,modp1536(5),On,IPv4,file_transfer,1359.6,136.3,218.4,0.86,127.6,Weak,9.8
TRN02978,Tunnel,AES-128,modp2048(14),Off,IPv6,email,672.6,12.1,0.5,0.14,220.9,Medium,2.8
TRN05650,Transport,AES-128,modp8192(21),On,IPv6,icmp,63.1,2.2,0.5,0.07,204.1,Strong,1.5
TRN05272,Transport,3DES,modp4096(16),On,IPv4,file_transfer,1339.7,161.1,0.5,0.85,156.2,Medium,3.4
TRN00946,Tunnel,3DES,modp6144(17),On,IPv4,whatsapp_msg,175.0,9.5,0.5,0.23,104.5,Medium,5.7
TRN05171,Transport,AES-256,modp1536(5),On,IPv6,voip,118.6,47.7,0.5,0.23,133.4,Medium,4.8
TRN06178,Transport,AES-128,modp4096(16),On,IPv6,file_transfer,1394.9,117.7,39.5,0.87,150.4,Strong,1.2
TRN05633,Tunnel,AES-192,modp8192(21),Off,IPv6,web_browsing,284.4,20.2,0.5,0.39,171.0,Strong,1.8
TRN07250,Tunnel,AES-192,modp8192(21),On,IPv6,file_transfer,1387.8,90.5,262.6,0.8,74.0,Strong,0.3
TRN03553,Tunnel,AES-192,modp3072(15),On,IPv4,video_streaming,1188.6,100.3,993.1,0.74,165.5,Medium,5.1
TRN08065,Transport,AES-256-GCM,modp4096(16),Off,IPv6,whatsapp_msg,147.0,7.9,0.5,0.15,175.8,Strong,1.2
TRN03361,Transport,DES,modp6144(17),Off,IPv6,web_browsing,331.4,15.4,14.5,0.48,145.7,Medium,4.9
TRN04475,Transport,AES-256,modp1536(5),Off,IPv6,email,640.1,9.1,6.3,0.26,202.9,Medium,6.1
TRN02411,Transport,DES,modp1024(2),Off,IPv4,icmp,50.9,2.5,0.5,0.04,87.9,Weak,10.0
TRN07039,Tunnel,AES-192,modp4096(16),Off,IPv4,video_streaming,1274.2,101.9,302.1,0.46,102.1,Medium,4.7
TRN03983,Tunnel,AES-128,modp768(1),Off,IPv4,web_browsing,382.8,19.0,54.1,0.42,183.5,Weak,9.6
TRN00147,Transport,AES-128,modp1536(5),On,IPv4,dns_query,91.4,2.5,0.6,0.15,121.2,Weak,7.6
TRN05359,Transport,AES-192,modp6144(17),Off,IPv6,icmp,59.9,1.7,0.5,0.07,161.6,Strong,0.3
TRN02295,Transport,AES-128,modp3072(15),On,IPv6,video_streaming,1412.0,89.2,517.6,0.7,109.6,Medium,4.4
TRN07208,Transport,DES,modp3072(15),Off,IPv6,dns_query,77.2,2.9,0.5,0.17,222.0,Weak,7.6
TRN03612,Tunnel,AES-192,modp768(1),On,IPv6,icmp,63.4,2.4,18.4,0.07,119.9,Weak,7.0
TRN01737,Tunnel,AES-192,modp1024(2),Off,IPv6,web_browsing,331.8,20.4,0.5,0.52,145.7,Weak,9.4
TRN06160,Tunnel,AES-192,modp2048(14),Off,IPv6,voip,106.4,60.0,0.5,0.18,173.1,Medium,4.1
TRN00115,Tunnel,DES,modp2048(14),On,IPv6,video_streaming,995.7,75.5,0.5,0.72,163.4,Weak,8.1
TRN07745,Tunnel,AES-256-GCM,modp1536(5),On,IPv6,whatsapp_msg,168.3,1.5,5.9,0.38,226.2,Medium,3.4
TRN04554,Tunnel,AES-256,modp768(1),On,IPv6,web_browsing,248.0,19.8,0.5,0.67,100.3,Medium,5.4
TRN00499,Transport,3DES,modp8192(21),On,IPv4,video_streaming,1188.1,83.7,65.6,0.75,193.1,Strong,2.7
TRN00721,Transport,3DES,modp2048(14),Off,IPv4,email,463.3,12.7,1.3,0.4,155.2,Weak,10.0
TRN05781,Transport,AES-256-GCM,modp1024(2),Off,IPv6,file_transfer,1375.5,80.9,0.5,0.66,148.6,Medium,4.0
TRN03090,Tunnel,AES-192,modp2048(14),On,IPv4,video_streaming,1315.4,114.8,1072.7,0.47,19.4,Medium,5.2
TRN05817,Transport,AES-256-GCM,modp1536(5),Off,IPv4,icmp,58.1,2.8,12.1,0.05,95.2,Medium,5.9
TRN05876,Transport,3DES,modp1536(5),On,IPv4,icmp,59.6,1.6,13.6,0.03,84.3,Weak,6.8
TRN00597,Transport,DES,modp3072(15),Off,IPv6,video_streaming,1192.9,95.5,0.5,0.83,102.7,Weak,9.7
TRN08280,Transport,AES-256-GCM,modp1024(2),Off,IPv6,icmp,69.4,1.9,11.1,0.05,141.1,Medium,3.6
TRN08758,Transport,AES-256-GCM,modp768(1),Off,IPv4,video_streaming,1138.9,92.2,0.5,0.62,181.7,Weak,10.0
TRN01648,Tunnel,3DES,modp6144(17),On,IPv4,file_transfer,1420.4,64.2,312.1,0.72,185.7,Medium,5.7
TRN08858,Transport,AES-256,modp1024(2),On,IPv6,icmp,74.6,1.4,0.5,0.04,55.0,Medium,3.3
TRN02701,Transport,AES-256,modp1536(5),Off,IPv6,file_transfer,1454.8,129.3,147.3,0.9,122.0,Medium,3.9
TRN05964,Tunnel,AES-128,modp6144(17),On,IPv4,file_transfer,1351.3,103.7,50.3,0.73,144.6,Strong,2.2
TRN01701,Tunnel,AES-128,modp2048(14),Off,IPv6,file_transfer,1335.1,125.3,88.2,0.64,155.8,Medium,3.8
TRN07887,Transport,AES-256,modp8192(21),On,IPv6,video_streaming,1283.2,83.3,88.4,0.5,214.2,Strong,1.7
TRN05811,Transport,3DES,modp4096(16),Off,IPv6,whatsapp_msg,94.1,10.1,2.3,0.21,102.2,Medium,4.2
TRN04773,Tunnel,AES-256,modp3072(15),On,IPv4,web_browsing,419.0,19.2,18.7,0.57,148.3,Strong,0.9
TRN02943,Transport,AES-256,modp6144(17),On,IPv6,file_transfer,1281.0,99.6,0.5,0.84,118.8,Strong,2.3
TRN05075,Tunnel,AES-128,modp3072(15),Off,IPv4,icmp,53.1,2.2,6.9,0.03,173.6,Medium,5.2
TRN00087,Transport,3DES,modp8192(21),On,IPv4,file_transfer,1376.9,118.4,270.9,0.87,175.6,Strong,1.2
TRN02309,Transport,AES-256-GCM,modp2048(14),Off,IPv4,email,488.4,3.9,7.0,0.35,150.3,Medium,5.7
TRN02678,Transport,AES-128,modp6144(17),On,IPv6,video_streaming,1270.6,96.6,367.6,0.67,119.1,Strong,2.5
TRN08617,Transport,DES,modp3072(15),On,IPv4,web_browsing,414.4,16.1,0.5,0.49,92.4,Medium,3.7
TRN06217,Transport,DES,modp6144(17),On,IPv4,dns_query,68.3,3.0,0.6,0.14,190.8,Medium,6.0
TRN02595,Transport,AES-256,modp768(1),Off,IPv4,web_browsing,295.6,11.4,55.2,0.62,148.4,Weak,9.3
TRN08110,Tunnel,3DES,modp3072(15),On,IPv4,video_streaming,1279.6,103.0,0.5,0.71,101.9,Medium,6.9
TRN01030,Tunnel,AES-192,modp1024(2),On,IPv4,email,820.9,8.7,0.5,0.35,254.8,Medium,4.6
TRN00137,Transport,3DES,modp768(1),Off,IPv6,email,642.8,5.0,12.1,0.35,74.5,Weak,7.0
TRN05503,Tunnel,AES-256,modp3072(15),Off,IPv6,email,673.5,8.8,0.5,0.23,86.9,Strong,0.9
TRN04951,Transport,AES-192,modp768(1),On,IPv6,video_streaming,1049.3,107.0,724.1,0.65,180.4,Weak,8.4
TRN07727,Transport,3DES,modp768(1),On,IPv6,icmp,53.6,3.1,11.4,0.06,166.4,Weak,6.8
TRN04410,Transport,AES-128,modp8192(21),On,IPv4,icmp,53.5,1.5,3.7,0.04,131.5,Strong,2.4
TRN01201,Transport,AES-256,modp8192(21),On,IPv4,web_browsing,329.4,16.7,40.4,0.58,148.2,Strong,1.1
TRN08563,Tunnel,AES-192,modp3072(15),Off,IPv6,web_browsing,354.4,15.9,25.5,0.32,172.4,Medium,4.9
TRN05313,Transport,3DES,modp768(1),Off,IPv6,voip,142.4,41.1,0.5,0.29,159.3,Weak,9.3
TRN00567,Tunnel,AES-256,modp4096(16),On,IPv4,voip,125.9,38.4,0.5,0.15,193.2,Strong,2.7
TRN05848,Transport,3DES,modp768(1),Off,IPv4,video_streaming,1174.7,96.0,230.1,0.6,145.0,Weak,7.8
TRN03928,Tunnel,DES,modp2048(14),On,IPv4,video_streaming,1070.9,86.6,0.5,0.76,143.0,Weak,7.9
TRN08340,Transport,DES,modp1024(2),On,IPv4,file_transfer,1297.8,117.6,26.5,0.75,271.0,Weak,8.3
TRN07290,Tunnel,DES,modp768(1),On,IPv4,file_transfer,1468.4,147.2,41.5,0.8,211.1,Weak,10.0
TRN04565,Tunnel,AES-128,modp1024(2),On,IPv4,icmp,64.8,1.3,0.5,0.06,152.1,Weak,7.2
TRN05295,Transport,AES-256-GCM,modp1536(5),On,IPv4,video_streaming,1153.3,75.9,0.5,0.58,195.4,Medium,5.7
TRN05261,Transport,AES-128,modp768(1),Off,IPv6,email,836.1,7.0,0.5,0.12,137.3,Weak,6.8
TRN06711,Transport,3DES,modp1536(5),On,IPv6,whatsapp_msg,129.0,7.6,7.1,0.24,102.4,Weak,8.3
TRN02331,Tunnel,3DES,modp6144(17),Off,IPv6,file_transfer,1415.2,143.6,98.9,0.67,182.0,Medium,3.6
TRN03516,Transport,AES-192,modp8192(21),Off,IPv4,voip,91.9,48.4,0.5,0.23,49.2,Strong,0.3
TRN02188,Tunnel,3DES,modp2048(14),Off,IPv6,icmp,59.3,2.2,9.3,0.01,161.1,Weak,6.7
TRN00196,Tunnel,AES-192,modp3072(15),Off,IPv6,video_streaming,1217.1,75.0,330.5,0.52,146.9,Medium,4.9
TRN04568,Tunnel,3DES,modp8192(21),Off,IPv4,dns_query,80.6,4.5,1.4,0.11,96.9,Medium,2.8
TRN00803,Tunnel,DES,modp4096(16),On,IPv4,web_browsing,206.3,17.9,0.5,0.53,146.4,Medium,3.4
TRN07300,Tunnel,AES-256,modp768(1),Off,IPv4,icmp,63.6,2.0,4.0,0.08,149.9,Weak,6.3
TRN06344,Transport,AES-128,modp2048(14),Off,IPv4,whatsapp_msg,180.5,6.0,0.5,0.24,83.8,Medium,3.8
TRN02069,Tunnel,DES,modp4096(16),On,IPv6,dns_query,95.3,3.8,0.5,0.09,137.2,Medium,4.7
TRN05874,Transport,AES-256,modp3072(15),Off,IPv4,file_transfer,1469.9,156.9,252.2,0.64,125.8,Medium,3.2
TRN08640,Transport,DES,modp3072(15),On,IPv4,icmp,73.4,1.8,0.5,0.03,204.6,Medium,6.4
TRN00645,Transport,AES-128,modp768(1),On,IPv6,video_streaming,1274.3,84.6,436.4,0.51,55.4,Weak,6.3
TRN08961,Transport,AES-256-GCM,modp768(1),Off,IPv4,email,645.4,10.6,0.5,0.24,127.0,Medium,3.8
TRN06821,Tunnel,3DES,modp6144(17),Off,IPv4,web_browsing,307.5,12.8,0.5,0.62,119.1,Medium,5.1
TRN00121,Transport,AES-256,modp1024(2),On,IPv6,web_browsing,337.1,19.5,3.6,0.35,121.2,Medium,5.3
TRN02982,Transport,AES-128,modp2048(14),Off,IPv4,icmp,66.8,1.6,9.6,0.05,143.9,Medium,6.5
TRN03075,Tunnel,AES-192,modp4096(16),Off,IPv6,dns_query,69.6,4.0,0.5,0.11,138.5,Strong,0.3
TRN07863,Transport,AES-256,modp3072(15),On,IPv4,email,735.7,13.6,9.3,0.31,160.4,Strong,1.1
TRN03279,Transport,AES-256,modp2048(14),Off,IPv4,dns_query,79.6,1.9,3.5,0.16,168.5,Medium,5.7
TRN02136,Transport,AES-128,modp3072(15),On,IPv6,dns_query,91.8,2.9,2.7,0.07,147.5,Medium,5.3
TRN04991,Transport,AES-256,modp6144(17),Off,IPv6,icmp,57.6,1.7,0.7,0.07,199.0,Strong,2.0
TRN00135,Transport,AES-256,modp1536(5),On,IPv4,icmp,51.6,1.5,0.5,0.06,100.7,Medium,6.2
TRN06219,Transport,AES-256-GCM,modp2048(14),Off,IPv4,file_transfer,1267.6,140.7,248.6,0.77,141.9,Medium,4.8
TRN08674,Transport,AES-256,modp4096(16),On,IPv4,icmp,68.7,2.1,13.6,0.06,129.2,Strong,1.8
TRN02560,Transport,AES-256,modp2048(14),On,IPv4,whatsapp_msg,155.4,3.0,5.8,0.24,185.6,Medium,6.1
TRN00063,Tunnel,3DES,modp1024(2),Off,IPv6,dns_query,86.5,2.7,0.5,0.08,236.2,Weak,7.3
TRN01359,Transport,AES-128,modp768(1),Off,IPv6,web_browsing,252.7,4.2,5.6,0.39,184.6,Weak,9.2
TRN04686,Transport,3DES,modp3072(15),On,IPv4,icmp,62.4,2.2,16.4,0.05,78.1,Medium,4.3
TRN02468,Tunnel,AES-128,modp1536(5),On,IPv4,file_transfer,1316.0,129.5,0.5,0.64,113.0,Medium,3.6
TRN00680,Tunnel,AES-256,modp3072(15),On,IPv6,dns_query,69.0,3.7,0.5,0.08,161.3,Strong,0.3
TRN05474,Transport,DES,modp4096(16),Off,IPv4,web_browsing,310.3,18.2,47.7,0.39,134.5,Medium,3.8
TRN00742,Transport,AES-192,modp3072(15),Off,IPv6,icmp,65.6,2.6,10.7,0.03,158.9,Medium,5.5
TRN05969,Tunnel,AES-256-GCM,modp6144(17),Off,IPv4,dns_query,73.1,2.9,0.9,0.1,166.6,Strong,2.7
TRN03642,Transport,AES-128,modp3072(15),Off,IPv4,whatsapp_msg,153.9,3.1,0.5,0.27,148.4,Medium,4.1
TRN08712,Tunnel,3DES,modp768(1),On,IPv4,email,308.3,8.2,10.1,0.29,156.6,Weak,9.1
TRN08145,Tunnel,3DES,modp2048(14),On,IPv6,web_browsing,363.6,16.8,32.1,0.45,95.7,Medium,4.7
TRN03259,Transport,AES-256,modp6144(17),Off,IPv4,email,127.9,4.0,21.1,0.28,145.1,Strong,2.7
TRN01874,Transport,AES-192,modp4096(16),Off,IPv4,email,206.3,8.2,0.5,0.4,145.3,Strong,1.0
TRN02597,Tunnel,AES-256-GCM,modp8192(21),Off,IPv6,video_streaming,1076.1,96.8,509.2,0.62,154.6,Strong,3.2
TRN01718,Transport,AES-192,modp1024(2),On,IPv4,file_transfer,1490.1,118.9,94.6,0.67,103.0,Weak,8.6
TRN08113,Transport,AES-256,modp1536(5),On,IPv4,dns_query,48.7,4.0,3.3,0.11,166.0,Medium,4.7
TRN02844,Transport,AES-128,modp8192(21),On,IPv4,web_browsing,344.1,12.4,0.5,0.54,175.0,Strong,2.1
TRN04028,Tunnel,AES-192,modp6144(17),On,IPv6,voip,103.0,50.2,0.5,0.31,90.1,Strong,1.6
TRN07361,Tunnel,AES-192,modp2048(14),Off,IPv4,icmp,73.0,1.8,0.5,0.04,189.4,Medium,5.6
TRN06460,Tunnel,DES,modp6144(17),On,IPv6,icmp,71.7,2.7,0.5,0.06,90.0,Medium,4.9
TRN06748,Transport,AES-256-GCM,modp1024(2),Off,IPv6,icmp,62.6,1.5,0.5,0.07,123.2,Medium,4.3
TRN00490,Transport,DES,modp768(1),Off,IPv6,icmp,67.3,1.6,0.5,0.05,147.8,Weak,8.1
TRN00494,Transport,AES-256,modp2048(14),On,IPv4,video_streaming,1314.6,101.6,195.7,0.51,86.0,Medium,4.6
TRN00691,Transport,AES-256,modp3072(15),On,IPv6,video_streaming,1151.1,102.0,397.2,0.66,109.3,Strong,1.2
TRN03822,Transport,AES-256-GCM,modp4096(16),On,IPv6,icmp,70.7,2.6,4.1,0.05,129.6,Strong,3.0
TRN00603,Transport,DES,modp4096(16),Off,IPv6,whatsapp_msg,152.1,6.1,0.5,0.18,133.9,Weak,9.1
TRN01912,Transport,DES,modp1536(5),Off,IPv4,dns_query,87.0,1.3,0.5,0.08,151.1,Weak,6.0
TRN06753,Tunnel,DES,modp4096(16),Off,IPv6,email,925.6,11.6,0.5,0.22,129.0,Weak,7.4
TRN05614,Transport,3DES,modp4096(16),On,IPv4,web_browsing,225.6,12.9,43.5,0.62,155.7,Medium,5.7
TRN06957,Tunnel,AES-192,modp1024(2),Off,IPv6,dns_query,87.8,3.2,0.5,0.1,127.4,Weak,6.9
TRN04642,Transport,AES-128,modp3072(15),On,IPv6,email,586.8,4.4,4.6,0.44,103.9,Medium,3.0
TRN03758,Tunnel,AES-192,modp6144(17),On,IPv4,voip,109.3,56.4,727.3,0.21,91.5,Strong,3.0
TRN02367,Transport,DES,modp8192(21),On,IPv4,file_transfer,1435.7,110.9,81.4,0.74,117.7,Medium,4.0
TRN04371,Tunnel,AES-192,modp1024(2),Off,IPv6,dns_query,80.5,2.5,0.5,0.05,207.1,Weak,7.6
TRN05886,Transport,3DES,modp1024(2),On,IPv4,email,554.9,9.8,51.2,0.39,168.1,Weak,9.0
TRN05651,Transport,AES-256-GCM,modp1024(2),Off,IPv4,video_streaming,1100.1,103.4,741.1,0.57,99.3,Medium,3.0
TRN01362,Tunnel,AES-256,modp1536(5),On,IPv4,whatsapp_msg,144.6,4.0,0.5,0.28,183.3,Medium,3.8
TRN04817,Transport,AES-256,modp1024(2),On,IPv4,email,416.9,10.2,26.6,0.28,203.3,Medium,4.7
TRN01527,Transport,AES-128,modp1024(2),Off,IPv6,voip,117.2,41.0,535.8,0.19,134.4,Weak,8.7
TRN07848,Transport,DES,modp6144(17),On,IPv4,email,614.4,2.9,23.2,0.26,145.7,Medium,5.9
TRN04900,Transport,AES-192,modp4096(16),Off,IPv6,email,561.4,4.7,0.5,0.35,150.1,Medium,5.9
TRN07372,Transport,AES-256,modp3072(15),On,IPv6,web_browsing,477.3,20.7,42.8,0.64,134.0,Strong,2.3
TRN01552,Tunnel,DES,modp8192(21),Off,IPv6,whatsapp_msg,143.5,6.3,0.9,0.31,98.9,Medium,5.2
TRN05049,Tunnel,DES,modp1024(2),Off,IPv4,voip,104.3,52.0,680.0,0.29,196.3,Weak,6.7
TRN08718,Tunnel,AES-192,modp2048(14),On,IPv4,web_browsing,398.0,17.9,31.7,0.3,134.4,Medium,6.5
TRN01338,Tunnel,AES-192,modp1536(5),Off,IPv6,voip,102.5,43.2,0.5,0.19,109.6,Medium,5.1
TRN03902,Transport,3DES,modp8192(21),Off,IPv6,email,681.0,7.7,3.0,0.37,119.3,Medium,6.1
TRN03011,Transport,DES,modp1024(2),Off,IPv6,web_browsing,381.8,15.2,44.0,0.55,111.9,Weak,9.2
TRN07691,Tunnel,DES,modp8192(21),Off,IPv6,dns_query,101.3,2.1,0.5,0.07,133.6,Medium,3.9
TRN02251,Tunnel,3DES,modp8192(21),Off,IPv6,icmp,65.8,1.8,6.7,0.05,185.1,Medium,3.9
TRN02347,Transport,AES-192,modp3072(15),On,IPv4,web_browsing,635.9,14.6,0.5,0.57,82.6,Strong,0.3
TRN08347,Transport,AES-192,modp768(1),On,IPv6,voip,99.8,35.1,828.5,0.15,87.1,Weak,9.5
TRN02785,Transport,AES-256-GCM,modp3072(15),Off,IPv4,video_streaming,1140.8,101.3,0.5,0.57,161.4,Strong,2.1
TRN05383,Tunnel,3DES,modp1536(5),Off,IPv6,whatsapp_msg,114.9,4.0,2.6,0.23,86.9,Weak,7.9
TRN00151,Transport,AES-192,modp6144(17),On,IPv6,email,434.7,11.9,0.5,0.32,122.1,Strong,1.0
TRN02805,Transport,AES-128,modp1536(5),Off,IPv6,dns_query,98.6,2.0,0.5,0.11,206.3,Weak,10.0
TRN04724,Transport,DES,modp2048(14),On,IPv6,voip,131.9,37.0,0.5,0.26,95.8,Weak,8.5
TRN02087,Tunnel,3DES,modp4096(16),On,IPv6,video_streaming,1299.4,77.0,1053.6,0.54,178.9,Medium,4.1
TRN03752,Tunnel,AES-128,modp3072(15),On,IPv6,whatsapp_msg,160.8,4.3,3.7,0.26,128.2,Medium,4.1
TRN02260,Tunnel,DES,modp6144(17),On,IPv6,icmp,77.9,1.4,12.7,0.03,133.9,Medium,3.7
TRN04018,Tunnel,DES,modp4096(16),On,IPv4,file_transfer,1484.5,176.5,0.5,1.0,116.2,Medium,4.7
TRN07920,Transport,AES-128,modp8192(21),On,IPv4,video_streaming,1100.1,106.1,707.6,0.56,134.8,Strong,1.0
TRN04881,Tunnel,AES-256-GCM,modp3072(15),Off,IPv6,whatsapp_msg,158.1,6.4,0.5,0.24,165.4,Strong,1.1
TRN07551,Tunnel,DES,modp1024(2),Off,IPv6,dns_query,78.8,0.7,2.7,0.1,174.1,Weak,8.1
TRN08194,Transport,DES,modp4096(16),On,IPv6,email,434.2,9.1,0.5,0.26,186.8,Medium,4.5
TRN03857,Tunnel,AES-256,modp1024(2),On,IPv4,file_transfer,1425.4,93.3,224.6,0.65,151.4,Medium,6.0
TRN00860,Transport,3DES,modp6144(17),On,IPv4,icmp,75.5,2.0,13.2,0.03,105.3,Medium,5.2
TRN06984,Tunnel,AES-192,modp1536(5),Off,IPv4,dns_query,99.0,3.6,0.7,0.12,117.2,Weak,9.3
TRN06502,Tunnel,AES-192,modp4096(16),Off,IPv4,email,461.7,12.5,0.5,0.31,115.7,Medium,3.0
TRN08877,Transport,AES-256-GCM,modp768(1),Off,IPv4,dns_query,68.3,3.4,1.5,0.12,81.1,Medium,3.8
TRN07230,Transport,3DES,modp768(1),On,IPv4,icmp,60.2,2.0,0.5,0.04,183.3,Weak,8.6
TRN07279,Tunnel,AES-256,modp4096(16),Off,IPv4,video_streaming,1259.1,97.2,15.2,0.55,147.7,Strong,1.9
TRN04463,Tunnel,AES-256,modp1536(5),Off,IPv6,email,619.8,10.1,0.5,0.07,182.3,Medium,4.4
TRN06876,Tunnel,AES-192,modp3072(15),Off,IPv6,whatsapp_msg,95.1,7.3,0.5,0.34,118.6,Medium,5.7
TRN01780,Transport,AES-256,modp2048(14),Off,IPv4,web_browsing,634.3,19.1,0.5,0.39,97.9,Medium,5.1
TRN04721,Tunnel,AES-256,modp2048(14),On,IPv6,file_transfer,1383.6,154.9,120.0,0.83,175.2,Strong,2.6
TRN05107,Tunnel,AES-192,modp4096(16),Off,IPv6,email,394.0,9.1,2.6,0.56,166.6,Strong,1.4
TRN01819,Transport,AES-192,modp6144(17),Off,IPv4,voip,123.4,61.4,539.0,0.2,101.1,Strong,1.6
TRN06272,Tunnel,3DES,modp2048(14),Off,IPv6,whatsapp_msg,198.1,4.0,0.5,0.13,188.7,Weak,9.1
TRN02705,Transport,AES-256,modp1536(5),Off,IPv6,video_streaming,1118.3,74.8,1309.7,0.66,134.5,Medium,4.4
TRN00176,Transport,AES-256-GCM,modp4096(16),Off,IPv6,video_streaming,1545.8,93.8,267.7,0.72,103.0,Strong,1.1
TRN02094,Tunnel,AES-256,modp6144(17),Off,IPv4,video_streaming,1105.5,63.0,0.5,0.73,66.1,Strong,1.8
TRN07118,Transport,AES-256-GCM,modp2048(14),Off,IPv4,voip,118.3,49.3,0.5,0.21,110.3,Medium,6.6
TRN03492,Tunnel,AES-192,modp768(1),On,IPv6,icmp,80.9,2.3,0.5,0.03,194.7,Weak,8.9
TRN07845,Transport,AES-192,modp1024(2),Off,IPv6,dns_query,71.9,4.1,0.5,0.1,163.7,Weak,8.6
TRN00083,Transport,AES-128,modp6144(17),On,IPv6,icmp,68.0,1.4,5.8,0.06,152.6,Strong,0.7
TRN00817,Transport,AES-256-GCM,modp4096(16),On,IPv4,icmp,49.6,2.3,0.5,0.03,146.8,Strong,1.6
TRN05911,Transport,AES-128,modp1536(5),On,IPv6,file_transfer,1416.2,100.4,0.5,0.78,158.4,Medium,3.6
TRN06966,Transport,AES-256,modp4096(16),On,IPv4,whatsapp_msg,142.3,4.4,0.5,0.12,140.1,Strong,1.5
TRN06814,Tunnel,AES-192,modp3072(15),On,IPv4,dns_query,79.3,3.6,1.7,0.11,61.4,Strong,1.1
TRN00284,Tunnel,AES-192,modp1024(2),Off,IPv4,icmp,52.9,0.6,8.0,0.04,122.9,Weak,6.3
TRN07687,Tunnel,AES-256-GCM,modp6144(17),On,IPv6,web_browsing,371.3,1.1,49.4,0.33,139.9,Strong,1.8
TRN06009,Transport,AES-256,modp6144(17),On,IPv6,whatsapp_msg,145.8,7.6,0.5,0.26,58.1,Strong,1.1
TRN07762,Tunnel,AES-256-GCM,modp1024(2),Off,IPv6,file_transfer,1381.2,124.8,0.5,0.93,110.0,Medium,3.8
TRN02916,Tunnel,AES-256-GCM,modp2048(14),Off,IPv4,email,359.1,9.0,15.5,0.34,212.0,Medium,3.8
TRN01814,Tunnel,AES-256-GCM,modp2048(14),Off,IPv6,email,542.0,2.6,0.5,0.43,120.0,Strong,3.1
TRN01272,Transport,AES-256,modp6144(17),Off,IPv4,icmp,74.0,2.1,10.0,0.01,208.0,Strong,2.2
TRN04768,Tunnel,3DES,modp1024(2),Off,IPv4,video_streaming,1369.8,110.9,0.5,0.58,57.4,Weak,7.3
TRN08633,Tunnel,AES-128,modp6144(17),Off,IPv6,icmp,66.7,1.2,0.5,0.06,131.7,Strong,2.1
TRN07293,Transport,AES-128,modp1024(2),Off,IPv6,file_transfer,1357.4,117.6,442.7,0.82,125.4,Weak,10.0
TRN05912,Transport,AES-256-GCM,modp2048(14),On,IPv6,icmp,54.6,2.4,8.8,0.06,112.3,Strong,1.1
TRN02643,Transport,DES,modp1536(5),On,IPv4,web_browsing,385.0,14.6,0.5,0.46,213.1,Weak,6.3
TRN08924,Transport,3DES,modp2048(14),Off,IPv6,dns_query,89.5,4.1,3.4,0.13,140.1,Weak,9.1
TRN04509,Tunnel,DES,modp2048(14),On,IPv4,dns_query,86.1,3.3,1.2,0.07,152.2,Weak,8.6
TRN02306,Transport,AES-128,modp8192(21),Off,IPv6,whatsapp_msg,87.1,5.0,0.5,0.27,165.3,Strong,1.8
TRN07418,Tunnel,AES-256-GCM,modp1536(5),Off,IPv4,video_streaming,761.0,112.4,0.5,0.57,106.8,Medium,4.8
TRN04196,Tunnel,AES-256-GCM,modp1024(2),Off,IPv4,icmp,65.8,2.2,6.0,0.07,175.8,Medium,4.9
TRN06818,Tunnel,DES,modp3072(15),On,IPv4,file_transfer,1375.1,131.3,116.2,0.95,86.4,Medium,4.6
TRN04169,Tunnel,AES-256-GCM,modp1024(2),Off,IPv6,whatsapp_msg,171.1,5.4,13.8,0.27,142.0,Medium,6.2
TRN03850,Tunnel,AES-256-GCM,modp6144(17),Off,IPv4,whatsapp_msg,138.6,5.9,1.8,0.28,91.6,Strong,2.3
TRN08862,Tunnel,3DES,modp768(1),On,IPv4,web_browsing,379.1,20.2,0.5,0.54,46.1,Weak,7.3
TRN06929,Tunnel,AES-128,modp1536(5),On,IPv4,web_browsing,453.3,14.7,0.5,0.66,98.1,Medium,4.2
TRN06337,Tunnel,AES-128,modp1536(5),On,IPv6,voip,109.1,51.7,0.5,0.15,96.0,Weak,8.0
TRN02415,Transport,AES-128,modp1536(5),Off,IPv6,file_transfer,1461.5,97.7,111.2,0.81,147.5,Weak,7.6
TRN03555,Transport,AES-192,modp6144(17),On,IPv4,video_streaming,1055.6,82.5,56.5,0.62,174.7,Strong,1.8
TRN04499,Transport,AES-256,modp768(1),Off,IPv4,file_transfer,1417.0,108.5,0.5,0.81,188.6,Weak,7.0
TRN02196,Tunnel,DES,modp6144(17),On,IPv4,dns_query,90.4,3.5,1.2,0.09,208.2,Medium,3.0
TRN02601,Transport,3DES,modp8192(21),Off,IPv6,web_browsing,312.6,12.1,22.2,0.37,159.0,Medium,4.7
TRN06869,Tunnel,AES-192,modp8192(21),On,IPv6,dns_query,93.4,2.9,1.1,0.12,150.0,Strong,2.9
TRN04315,Tunnel,AES-256,modp768(1),Off,IPv4,voip,140.8,52.4,0.5,0.33,205.4,Weak,7.6
TRN03367,Tunnel,3DES,modp4096(16),Off,IPv4,web_browsing,394.5,5.9,0.5,0.49,226.5,Medium,2.2
TRN06742,Tunnel,AES-256,modp8192(21),On,IPv4,dns_query,67.2,1.5,0.5,0.1,134.0,Strong,0.6
TRN06402,Transport,AES-128,modp768(1),Off,IPv4,icmp,67.5,1.7,14.3,0.06,192.8,Weak,7.3
TRN02634,Transport,AES-256,modp6144(17),On,IPv4,file_transfer,1407.2,87.5,198.1,0.78,147.1,Strong,1.5
TRN06579,Tunnel,AES-256,modp8192(21),Off,IPv6,email,455.3,8.2,10.7,0.45,192.7,Strong,1.4
TRN02435,Transport,3DES,modp4096(16),On,IPv4,voip,146.3,57.1,134.5,0.26,140.6,Medium,4.7
TRN06712,Transport,3DES,modp1536(5),On,IPv6,video_streaming,1137.7,92.5,304.9,0.53,141.2,Weak,9.2
TRN05550,Transport,3DES,modp3072(15),Off,IPv4,file_transfer,1479.1,84.1,0.5,0.8,153.7,Medium,4.2
TRN05328,Transport,AES-128,modp1536(5),On,IPv6,file_transfer,1287.9,115.6,0.5,0.83,180.1,Weak,8.3
TRN04521,Tunnel,AES-256-GCM,modp2048(14),Off,IPv6,file_transfer,1397.9,106.5,51.9,0.76,144.0,Medium,5.7
TRN03546,Transport,AES-256-GCM,modp8192(21),On,IPv6,icmp,64.8,2.3,0.5,0.05,173.1,Strong,1.0
TRN07837,Transport,AES-192,modp1024(2),Off,IPv6,icmp,65.7,2.2,11.0,0.05,173.6,Weak,7.9
TRN07663,Transport,AES-256,modp2048(14),Off,IPv6,voip,124.4,18.0,548.2,0.18,201.1,Medium,5.3
TRN00518,Transport,DES,modp1024(2),Off,IPv6,web_browsing,246.2,23.8,5.0,0.5,179.0,Weak,9.1
TRN04926,Tunnel,DES,modp4096(16),Off,IPv4,file_transfer,1382.3,170.3,0.5,0.94,151.8,Weak,7.7
TRN08857,Tunnel,AES-192,modp6144(17),On,IPv4,icmp,50.4,1.9,15.8,0.06,150.8,Strong,1.7
TRN01416,Transport,3DES,modp8192(21),Off,IPv6,web_browsing,471.3,18.2,0.5,0.57,180.2,Medium,3.5
TRN04457,Tunnel,AES-128,modp768(1),On,IPv4,email,544.7,8.8,0.5,0.33,172.3,Weak,6.9
TRN07816,Transport,DES,modp1024(2),Off,IPv6,icmp,57.2,1.0,8.2,0.08,187.4,Weak,7.9
TRN00128,Transport,AES-256-GCM,modp1536(5),On,IPv6,video_streaming,1283.7,96.2,0.5,0.59,151.6,Medium,3.6
TRN03475,Tunnel,3DES,modp3072(15),Off,IPv6,web_browsing,459.5,20.2,14.8,0.31,199.9,Weak,6.7
TRN06408,Tunnel,3DES,modp8192(21),On,IPv4,dns_query,96.7,2.4,0.5,0.16,170.7,Medium,4.0
TRN04311,Transport,AES-256-GCM,modp768(1),Off,IPv6,email,671.3,4.8,0.5,0.18,118.6,Medium,3.7
TRN02439,Transport,AES-256,modp6144(17),On,IPv4,icmp,54.6,2.4,3.8,0.03,183.9,Strong,0.5
TRN03766,Tunnel,AES-256,modp1536(5),On,IPv6,web_browsing,304.9,16.3,27.3,0.47,158.1,Medium,2.6
TRN05599,Transport,AES-192,modp2048(14),On,IPv6,whatsapp_msg,182.2,6.8,5.3,0.31,123.3,Medium,5.3
TRN08013,Tunnel,AES-256,modp1024(2),On,IPv6,file_transfer,1428.0,112.1,160.1,0.87,139.5,Medium,3.6
TRN08790,Transport,AES-128,modp2048(14),Off,IPv6,file_transfer,1467.2,108.6,0.5,0.87,165.1,Medium,4.2
TRN01474,Tunnel,DES,modp768(1),Off,IPv6,voip,125.5,46.7,88.6,0.2,120.7,Weak,10.0
TRN05571,Tunnel,AES-192,modp1536(5),Off,IPv6,voip,112.2,41.8,374.1,0.21,222.2,Medium,5.6
TRN03561,Transport,AES-192,modp4096(16),Off,IPv6,dns_query,60.7,2.6,0.5,0.07,218.7,Strong,2.9
TRN03952,Transport,3DES,modp6144(17),On,IPv6,web_browsing,585.9,13.9,0.5,0.48,224.1,Medium,6.7
TRN00050,Transport,AES-192,modp3072(15),Off,IPv6,web_browsing,438.0,11.6,44.0,0.47,169.6,Medium,4.7
TRN07297,Transport,AES-256,modp768(1),On,IPv6,email,599.9,7.9,8.8,0.28,118.4,Weak,8.0
TRN00888,Tunnel,DES,modp4096(16),Off,IPv6,whatsapp_msg,79.2,3.9,2.0,0.22,174.5,Medium,4.3
TRN02617,Transport,AES-256,modp2048(14),On,IPv4,icmp,59.7,1.9,0.5,0.05,212.8,Strong,2.4
TRN00517,Tunnel,3DES,modp2048(14),Off,IPv6,whatsapp_msg,174.4,5.7,7.1,0.12,156.5,Weak,10.0
TRN03169,Tunnel,AES-192,modp4096(16),Off,IPv4,voip,102.7,37.4,0.5,0.18,164.8,Medium,4.1
TRN02950,Transport,DES,modp2048(14),On,IPv4,email,623.7,5.9,2.9,0.49,206.4,Weak,9.4
TRN01425,Tunnel,DES,modp4096(16),On,IPv6,video_streaming,1447.1,84.5,1330.3,0.56,231.5,Medium,4.3
TRN00140,Tunnel,AES-256-GCM,modp6144(17),On,IPv6,web_browsing,425.4,7.3,0.5,0.66,147.9,Strong,1.6
TRN01925,Tunnel,DES,modp3072(15),Off,IPv4,video_streaming,977.1,57.8,1211.4,0.7,210.4,Weak,9.7
TRN02379,Transport,DES,modp4096(16),On,IPv6,icmp,60.7,1.8,5.5,0.05,176.6,Medium,2.8
TRN03198,Transport,AES-128,modp8192(21),Off,IPv6,web_browsing,573.1,15.8,28.4,0.36,75.7,Strong,1.8
TRN00113,Tunnel,3DES,modp768(1),Off,IPv6,whatsapp_msg,185.4,5.6,20.2,0.16,72.6,Weak,10.0
TRN04560,Tunnel,AES-192,modp3072(15),On,IPv6,icmp,61.2,1.3,11.2,0.06,170.6,Strong,2.7
TRN04596,Transport,AES-256,modp768(1),On,IPv6,whatsapp_msg,211.3,6.5,0.5,0.17,196.6,Weak,9.0
TRN03251,Tunnel,3DES,modp1536(5),Off,IPv6,web_browsing,261.3,14.3,0.5,0.62,97.7,Weak,9.3
TRN08240,Tunnel,3DES,modp6144(17),Off,IPv6,icmp,55.6,2.3,10.1,0.06,216.1,Medium,4.7
TRN06791,Transport,DES,modp768(1),Off,IPv6,whatsapp_msg,114.7,5.8,7.1,0.22,89.4,Weak,7.1
TRN04547,Tunnel,AES-192,modp6144(17),On,IPv6,video_streaming,1287.2,90.7,0.5,0.7,150.7,Strong,0.3
TRN05492,Tunnel,AES-128,modp3072(15),Off,IPv4,dns_query,63.8,2.8,1.2,0.13,109.4,Medium,4.6
TRN03278,Tunnel,DES,modp768(1),On,IPv6,icmp,73.0,1.6,1.4,0.08,191.1,Weak,9.2
TRN05060,Transport,AES-192,modp1536(5),On,IPv4,icmp,52.6,1.6,10.4,0.02,162.3,Medium,4.4
TRN07519,Transport,DES,modp3072(15),On,IPv4,video_streaming,1192.6,77.0,139.4,0.41,166.3,Weak,8.2
TRN07897,Transport,AES-128,modp8192(21),Off,IPv6,dns_query,83.4,1.7,4.5,0.1,101.6,Strong,1.9
TRN06953,Tunnel,AES-192,modp6144(17),On,IPv4,email,642.7,9.7,1.2,0.44,101.7,Strong,1.5
TRN07268,Transport,AES-128,modp2048(14),On,IPv6,video_streaming,1289.0,75.8,393.1,0.44,150.1,Medium,5.2
TRN05934,Tunnel,AES-256-GCM,modp8192(21),Off,IPv6,whatsapp_msg,157.9,4.0,0.5,0.1,211.0,Strong,1.8
TRN03223,Transport,3DES,modp6144(17),Off,IPv4,email,383.3,7.3,1.2,0.39,149.4,Medium,3.6
TRN06611,Tunnel,DES,modp6144(17),Off,IPv4,icmp,76.1,1.6,13.3,0.06,121.1,Medium,4.4
TRN00452,Tunnel,DES,modp8192(21),On,IPv6,dns_query,84.9,3.3,0.5,0.09,142.3,Medium,4.6
TRN03732,Transport,AES-256,modp8192(21),Off,IPv6,file_transfer,1481.1,105.4,0.5,0.8,143.4,Strong,1.2
TRN07911,Transport,DES,modp1536(5),On,IPv4,video_streaming,1324.1,96.5,0.5,0.45,147.8,Weak,8.4
TRN07662,Tunnel,AES-256,modp4096(16),Off,IPv4,dns_query,94.5,2.7,0.5,0.11,210.7,Strong,2.5
TRN02764,Transport,AES-256-GCM,modp6144(17),On,IPv4,web_browsing,538.5,7.0,0.5,0.25,68.3,Strong,2.3
TRN00659,Transport,AES-256-GCM,modp768(1),Off,IPv6,icmp,66.1,2.2,18.7,0.05,211.7,Weak,7.7
TRN06174,Transport,DES,modp1536(5),On,IPv4,web_browsing,564.6,23.5,0.5,0.44,157.1,Weak,8.0
TRN04621,Tunnel,AES-192,modp1536(5),On,IPv4,icmp,73.7,2.1,10.5,0.05,214.7,Medium,6.5
TRN01000,Transport,AES-192,modp768(1),Off,IPv6,icmp,68.5,3.1,11.4,0.08,161.6,Weak,8.3
TRN00390,Tunnel,AES-256,modp6144(17),Off,IPv4,dns_query,79.5,3.3,0.5,0.09,183.3,Strong,1.1
TRN03408,Tunnel,AES-256-GCM,modp8192(21),Off,IPv4,dns_query,74.7,3.1,1.1,0.12,144.6,Strong,0.3
TRN01477,Transport,AES-256,modp2048(14),On,IPv6,icmp,76.0,1.5,9.2,0.06,139.9,Strong,0.6
TRN02241,Tunnel,3DES,modp1024(2),On,IPv6,web_browsing,493.7,13.9,0.5,0.43,130.5,Weak,7.7
TRN02387,Transport,DES,modp768(1),On,IPv4,web_browsing,451.2,8.7,0.5,0.45,134.5,Weak,8.6
TRN08162,Tunnel,AES-192,modp1536(5),Off,IPv6,whatsapp_msg,134.5,5.5,2.6,0.23,212.9,Weak,8.0
TRN03923,Transport,AES-256,modp3072(15),On,IPv6,video_streaming,1218.8,57.6,1040.4,0.63,126.6,Strong,1.5
TRN02973,Tunnel,AES-192,modp6144(17),Off,IPv6,video_streaming,1237.9,81.8,427.0,0.6,123.1,Strong,0.3
TRN03387,Tunnel,DES,modp1024(2),Off,IPv4,whatsapp_msg,173.1,10.0,10.8,0.12,185.4,Weak,8.4
TRN01294,Transport,AES-256,modp4096(16),Off,IPv4,file_transfer,1444.5,91.5,316.1,0.86,243.8,Strong,2.8
TRN01825,Transport,AES-256-GCM,modp2048(14),On,IPv4,web_browsing,433.0,14.0,0.5,0.62,192.9,Strong,2.2
TRN02874,Transport,AES-256,modp6144(17),On,IPv4,file_transfer,1303.9,129.9,142.0,0.76,146.0,Strong,1.4
TRN04174,Tunnel,3DES,modp1536(5),Off,IPv4,file_transfer,1401.5,126.4,119.5,0.6,121.3,Weak,8.5
TRN02536,Tunnel,3DES,modp6144(17),On,IPv4,icmp,71.7,1.6,0.5,0.07,205.5,Medium,6.4
TRN08208,Transport,AES-256,modp1536(5),Off,IPv4,web_browsing,411.1,14.1,0.5,0.89,170.5,Medium,4.2
TRN01908,Tunnel,AES-256-GCM,modp3072(15),Off,IPv4,icmp,71.2,1.5,6.5,0.07,199.5,Strong,2.2
TRN06764,Transport,AES-128,modp6144(17),On,IPv4,icmp,69.5,2.5,0.5,0.05,163.6,Strong,1.9
TRN00369,Tunnel,AES-256-GCM,modp2048(14),On,IPv6,icmp,57.0,2.0,0.5,0.05,40.8,Strong,1.6
TRN01152,Transport,3DES,modp2048(14),Off,IPv6,web_browsing,268.1,11.3,73.4,0.67,193.7,Weak,8.8
TRN08953,Tunnel,AES-256,modp1024(2),Off,IPv4,whatsapp_msg,146.9,2.0,3.8,0.27,85.4,Medium,5.7
TRN05737,Transport,3DES,modp1536(5),Off,IPv4,voip,130.0,50.4,343.7,0.21,158.1,Weak,8.0
TRN06221,Transport,AES-256-GCM,modp1536(5),On,IPv4,email,163.1,6.4,16.8,0.37,181.3,Medium,3.9
TRN06153,Tunnel,AES-192,modp768(1),Off,IPv4,icmp,64.4,2.6,4.9,0.08,146.6,Weak,9.6
TRN06044,Tunnel,AES-256-GCM,modp1024(2),On,IPv4,email,539.9,11.5,21.9,0.22,216.6,Medium,3.7
TRN04161,Tunnel,AES-192,modp3072(15),On,IPv4,video_streaming,1121.6,107.5,237.1,0.66,77.2,Strong,1.1
TRN04288,Tunnel,3DES,modp1024(2),Off,IPv4,email,814.9,9.0,0.5,0.32,139.1,Weak,6.7
TRN06252,Tunnel,AES-128,modp3072(15),On,IPv4,whatsapp_msg,184.3,6.5,1.1,0.29,157.8,Medium,5.4
TRN07927,Tunnel,AES-128,modp4096(16),On,IPv4,file_transfer,1477.1,99.9,0.5,0.79,175.2,Strong,1.2
TRN00175,Transport,DES,modp8192(21),On,IPv4,icmp,66.6,2.3,12.5,0.05,112.1,Medium,4.6
TRN01904,Tunnel,AES-256-GCM,modp6144(17),On,IPv6,dns_query,105.2,3.7,0.5,0.1,217.6,Strong,1.0
TRN01100,Transport,3DES,modp8192(21),On,IPv4,email,850.8,6.8,0.5,0.24,138.1,Strong,0.4
TRN06516,Tunnel,DES,modp6144(17),Off,IPv6,email,444.1,10.4,0.5,0.2,135.1,Medium,3.7
TRN03409,Transport,DES,modp768(1),On,IPv4,whatsapp_msg,119.1,7.8,6.6,0.19,122.6,Weak,10.0
TRN01539,Transport,3DES,modp2048(14),On,IPv6,video_streaming,1153.2,93.8,0.5,0.63,198.8,Medium,4.7
TRN02293,Transport,AES-128,modp1024(2),Off,IPv4,email,283.4,8.7,11.8,0.38,188.7,Weak,9.5
TRN08365,Tunnel,AES-256,modp2048(14),On,IPv6,web_browsing,579.5,7.6,16.8,0.48,157.9,Strong,2.2
TRN01364,Transport,AES-256-GCM,modp2048(14),Off,IPv4,email,584.9,8.1,9.0,0.28,128.0,Medium,4.5
TRN05624,Tunnel,3DES,modp3072(15),On,IPv4,dns_query,71.2,0.3,0.5,0.07,143.6,Medium,5.3
TRN05341,Tunnel,AES-256,modp1536(5),On,IPv4,whatsapp_msg,200.5,5.4,9.6,0.32,194.3,Medium,5.1
TRN07738,Transport,AES-128,modp2048(14),Off,IPv6,video_streaming,1259.1,112.3,1086.9,0.53,146.3,Medium,4.1
TRN05687,Transport,AES-192,modp1536(5),Off,IPv4,file_transfer,1369.1,94.6,275.2,0.86,256.6,Medium,5.9
TRN00681,Tunnel,AES-256,modp4096(16),On,IPv6,whatsapp_msg,190.7,4.8,0.5,0.17,176.3,Strong,0.9
TRN06150,Tunnel,DES,modp1536(5),On,IPv4,video_streaming,1255.4,87.0,0.5,0.67,135.3,Weak,6.6
TRN03665,Tunnel,AES-256-GCM,modp1024(2),Off,IPv4,file_transfer,1470.3,112.7,126.7,0.74,179.3,Medium,3.9
TRN01662,Transport,3DES,modp1536(5),Off,IPv6,whatsapp_msg,176.0,3.4,3.5,0.24,197.3,Weak,9.9
TRN00509,Transport,AES-256-GCM,modp768(1),On,IPv4,web_browsing,233.5,22.4,0.5,0.68,136.8,Medium,4.9
TRN00167,Transport,AES-192,modp768(1),On,IPv6,video_streaming,1146.3,101.3,165.5,0.46,113.5,Weak,9.0
TRN06754,Tunnel,3DES,modp1024(2),On,IPv4,voip,144.1,38.1,516.2,0.13,120.9,Weak,8.3
TRN01007,Transport,DES,modp3072(15),Off,IPv4,web_browsing,369.7,15.3,18.4,0.53,135.3,Weak,10.0
TRN06849,Transport,AES-256-GCM,modp768(1),On,IPv4,voip,115.7,39.4,0.5,0.22,169.9,Medium,3.5
TRN07959,Tunnel,AES-192,modp1536(5),On,IPv6,voip,135.7,31.1,172.5,0.22,75.3,Medium,4.4
TRN03495,Tunnel,AES-192,modp2048(14),On,IPv6,email,524.1,6.1,17.0,0.4,161.8,Medium,5.7
TRN06744,Tunnel,AES-256-GCM,modp4096(16),On,IPv4,whatsapp_msg,122.0,4.5,0.5,0.1,152.2,Strong,1.6
TRN08773,Tunnel,AES-192,modp1024(2),Off,IPv6,icmp,64.3,2.2,14.0,0.05,154.0,Weak,8.1
TRN02537,Transport,AES-128,modp768(1),Off,IPv4,voip,115.7,47.3,0.5,0.22,233.8,Weak,7.1
TRN01105,Transport,DES,modp768(1),On,IPv6,icmp,58.6,2.0,7.6,0.06,176.8,Weak,8.9
TRN03876,Transport,AES-128,modp1536(5),On,IPv4,email,843.7,4.3,0.5,0.28,81.9,Weak,8.1
TRN06042,Transport,3DES,modp3072(15),Off,IPv6,icmp,54.7,2.6,0.5,0.04,192.8,Weak,9.5
TRN01753,Transport,DES,modp1536(5),Off,IPv6,video_streaming,1409.2,87.5,135.5,0.59,174.2,Weak,9.1
TRN05615,Tunnel,AES-256,modp4096(16),On,IPv6,file_transfer,1459.6,106.9,0.5,0.88,142.8,Strong,2.1
TRN02917,Tunnel,3DES,modp1024(2),On,IPv6,icmp,64.8,2.0,0.5,0.05,174.4,Weak,8.0
TRN06476,Transport,DES,modp1024(2),Off,IPv6,dns_query,92.5,3.1,0.5,0.13,217.1,Weak,10.0
TRN00153,Transport,AES-256-GCM,modp1536(5),On,IPv4,web_browsing,246.2,15.1,0.5,0.23,162.8,Medium,3.3
TRN03908,Tunnel,AES-192,modp8192(21),Off,IPv4,whatsapp_msg,172.7,6.2,0.5,0.16,262.9,Strong,3.3
TRN08211,Tunnel,AES-192,modp2048(14),On,IPv4,dns_query,59.8,1.5,0.5,0.13,211.1,Medium,6.4
TRN02553,Transport,3DES,modp4096(16),On,IPv4,email,613.2,7.9,11.7,0.29,200.4,Medium,4.7
TRN02774,Transport,3DES,modp8192(21),On,IPv6,dns_query,70.0,1.5,0.7,0.07,195.4,Strong,1.7
TRN04915,Tunnel,AES-256,modp1024(2),Off,IPv6,email,343.4,6.4,0.5,0.34,168.7,Medium,6.5
TRN03552,Transport,3DES,modp6144(17),Off,IPv6,icmp,56.7,2.6,7.0,0.06,97.5,Medium,5.1
TRN03723,Transport,AES-128,modp4096(16),On,IPv6,dns_query,112.8,1.5,2.3,0.1,139.9,Strong,1.4
TRN05352,Transport,AES-256-GCM,modp1536(5),Off,IPv4,icmp,60.4,2.3,21.4,0.04,173.5,Medium,3.2
TRN07201,Tunnel,3DES,modp1024(2),Off,IPv6,file_transfer,1419.2,91.9,0.5,0.77,146.8,Weak,6.3
TRN06456,Tunnel,AES-128,modp3072(15),Off,IPv4,email,646.4,5.7,6.4,0.36,138.0,Medium,6.1
TRN04539,Transport,AES-256,modp4096(16),On,IPv6,email,644.1,15.7,0.5,0.22,221.2,Strong,2.3
TRN05459,Tunnel,AES-192,modp768(1),On,IPv4,email,551.4,8.6,0.5,0.41,169.6,Weak,6.8
TRN01823,Tunnel,AES-256-GCM,modp6144(17),On,IPv4,file_transfer,1507.7,133.4,79.0,0.78,207.9,Strong,3.3
TRN04087,Tunnel,3DES,modp1536(5),On,IPv6,voip,130.4,48.9,257.2,0.26,125.5,Weak,8.8
TRN04956,Tunnel,AES-256,modp768(1),On,IPv4,voip,138.8,59.9,343.8,0.23,106.9,Medium,4.1
TRN08843,Transport,AES-192,modp768(1),Off,IPv6,dns_query,62.8,3.0,0.5,0.05,204.7,Weak,9.2
TRN05895,Transport,DES,modp3072(15),Off,IPv4,whatsapp_msg,177.4,4.9,16.4,0.32,152.1,Weak,8.4
TRN06225,Transport,AES-128,modp3072(15),Off,IPv4,web_browsing,317.4,25.0,0.5,0.44,224.2,Medium,5.4
TRN00310,Tunnel,AES-256-GCM,modp1024(2),On,IPv6,dns_query,78.9,3.5,0.5,0.14,174.9,Medium,4.7
TRN06210,Transport,AES-192,modp6144(17),On,IPv6,icmp,62.4,2.1,1.0,0.06,143.4,Strong,3.2
TRN05883,Tunnel,DES,modp1536(5),Off,IPv4,email,960.1,5.6,12.3,0.38,215.6,Weak,10.0
TRN03600,Transport,AES-128,modp1536(5),On,IPv6,whatsapp_msg,187.5,4.9,0.5,0.18,144.8,Weak,7.9
TRN03623,Transport,AES-256,modp4096(16),Off,IPv4,whatsapp_msg,151.5,7.6,18.0,0.19,128.7,Strong,0.6
TRN07029,Tunnel,AES-128,modp1536(5),Off,IPv6,icmp,69.1,1.4,20.7,0.04,81.8,Weak,8.1
TRN03451,Transport,DES,modp4096(16),On,IPv4,file_transfer,1366.7,100.7,75.0,0.8,139.5,Medium,5.8
TRN04592,Transport,DES,modp6144(17),On,IPv4,voip,122.7,39.4,0.5,0.23,137.9,Medium,4.8
TRN00206,Transport,AES-128,modp1024(2),On,IPv6,voip,153.3,47.7,0.5,0.3,73.9,Weak,9.2
TRN01136,Transport,AES-128,modp4096(16),On,IPv4,dns_query,87.8,1.9,0.5,0.11,182.2,Medium,4.8
TRN02750,Transport,AES-128,modp768(1),On,IPv4,web_browsing,136.2,22.2,0.5,0.48,127.3,Weak,7.4
TRN03614,Transport,AES-128,modp768(1),On,IPv4,icmp,61.0,1.9,0.5,0.06,179.9,Weak,9.2
TRN00306,Tunnel,AES-128,modp1024(2),Off,IPv6,file_transfer,1356.4,136.9,327.6,0.69,224.9,Weak,8.2
TRN01850,Transport,AES-256-GCM,modp1024(2),On,IPv4,web_browsing,431.3,15.0,0.5,0.56,183.4,Medium,3.5
TRN06843,Transport,AES-256,modp1536(5),On,IPv6,video_streaming,1458.1,85.5,0.5,0.44,244.7,Medium,3.5
TRN01989,Tunnel,AES-192,modp1536(5),Off,IPv4,video_streaming,1298.1,93.0,0.5,0.64,188.5,Weak,8.2
TRN03241,Tunnel,3DES,modp8192(21),On,IPv6,file_transfer,1441.1,149.1,358.3,0.91,86.9,Medium,6.2
TRN02799,Tunnel,AES-192,modp1024(2),Off,IPv6,voip,137.8,38.2,262.4,0.27,118.6,Weak,9.0
TRN04516,Transport,AES-192,modp768(1),On,IPv6,icmp,71.9,2.4,0.5,0.03,197.9,Weak,7.6
TRN06205,Transport,AES-256,modp6144(17),Off,IPv6,dns_query,70.4,4.1,0.7,0.11,69.8,Strong,3.8
TRN03110,Transport,3DES,modp8192(21),Off,IPv4,whatsapp_msg,218.2,8.2,2.2,0.18,133.8,Medium,4.5
TRN04060,Tunnel,AES-256,modp768(1),On,IPv4,voip,132.7,50.9,212.3,0.19,136.0,Medium,5.5
TRN01988,Tunnel,AES-256-GCM,modp3072(15),Off,IPv4,icmp,63.3,2.1,0.5,0.04,99.9,Strong,0.9
TRN06600,Transport,AES-192,modp1536(5),On,IPv6,video_streaming,1196.7,82.0,0.5,0.75,179.9,Medium,5.0
TRN00384,Transport,AES-256,modp6144(17),Off,IPv6,web_browsing,418.8,16.2,47.1,0.5,185.0,Strong,1.9
TRN04308,Transport,DES,modp4096(16),Off,IPv4,video_streaming,1126.6,97.7,364.9,0.57,129.1,Weak,9.7
TRN03389,Transport,3DES,modp4096(16),On,IPv4,voip,91.7,46.7,0.5,0.18,115.7,Medium,4.1
TRN07855,Transport,DES,modp1536(5),Off,IPv6,file_transfer,1397.9,102.7,0.5,0.75,159.4,Weak,9.1
TRN02728,Tunnel,DES,modp4096(16),Off,IPv4,email,496.6,2.8,3.1,0.46,138.6,Weak,7.7
TRN06028,Tunnel,AES-192,modp2048(14),On,IPv6,web_browsing,319.7,15.3,0.5,0.65,172.7,Medium,6.5
TRN05058,Transport,AES-256-GCM,modp1024(2),On,IPv4,voip,138.3,29.4,0.5,0.19,115.8,Medium,5.6
TRN07457,Tunnel,AES-128,modp1536(5),On,IPv6,web_browsing,455.0,15.2,0.5,0.58,130.9,Medium,5.4
TRN04864,Transport,AES-256,modp1536(5),Off,IPv6,whatsapp_msg,172.6,13.3,12.7,0.02,204.6,Medium,4.7
TRN03833,Transport,AES-192,modp1536(5),On,IPv4,email,358.9,5.9,12.8,0.22,114.5,Medium,4.2
TRN07494,Transport,AES-192,modp1024(2),On,IPv4,dns_query,81.6,2.5,0.7,0.08,157.3,Weak,8.3
TRN04777,Transport,AES-128,modp6144(17),Off,IPv4,file_transfer,1471.9,125.1,0.5,0.79,111.8,Strong,2.6
TRN04277,Transport,AES-192,modp1024(2),Off,IPv4,email,775.7,10.8,8.8,0.34,132.5,Weak,9.5
TRN00254,Tunnel,AES-256-GCM,modp8192(21),Off,IPv4,icmp,66.9,2.4,8.5,0.06,98.9,Strong,2.3
TRN08628,Transport,AES-192,modp1536(5),On,IPv4,whatsapp_msg,131.8,6.0,0.5,0.33,131.4,Medium,5.1
TRN06364,Tunnel,AES-256-GCM,modp1536(5),Off,IPv6,file_transfer,1352.5,143.6,190.0,0.77,86.8,Medium,3.2
TRN00279,Tunnel,AES-128,modp8192(21),Off,IPv4,whatsapp_msg,139.0,7.2,0.5,0.31,174.5,Strong,1.2
TRN03253,Tunnel,AES-192,modp8192(21),Off,IPv6,whatsapp_msg,89.8,10.9,17.1,0.17,126.8,Strong,3.1
TRN02481,Tunnel,AES-128,modp2048(14),On,IPv6,file_transfer,1484.2,129.8,73.4,0.95,157.5,Medium,4.4
TRN00290,Transport,DES,modp4096(16),Off,IPv4,email,779.2,6.5,10.6,0.31,145.2,Medium,4.3
TRN04904,Transport,AES-256,modp4096(16),Off,IPv4,video_streaming,1335.8,75.7,1642.5,0.66,122.4,Strong,1.3
TRN03076,Transport,AES-192,modp6144(17),Off,IPv6,icmp,55.8,1.0,0.5,0.02,167.8,Strong,1.9
TRN06508,Tunnel,AES-128,modp1024(2),On,IPv4,whatsapp_msg,150.2,7.0,3.9,0.23,153.2,Weak,7.3
TRN06111,Tunnel,AES-256-GCM,modp8192(21),On,IPv6,file_transfer,1414.2,118.2,0.5,0.85,76.7,Strong,0.8
TRN05160,Transport,AES-192,modp1024(2),Off,IPv6,icmp,57.7,2.2,3.6,0.02,100.0,Weak,9.2
TRN06766,Transport,AES-256,modp8192(21),Off,IPv4,web_browsing,397.8,16.0,12.1,0.37,128.3,Strong,0.3
TRN08744,Transport,AES-256,modp1536(5),Off,IPv4,web_browsing,415.4,15.1,0.5,0.43,196.1,Medium,4.2
TRN06930,Transport,AES-256,modp4096(16),Off,IPv4,video_streaming,1208.8,104.4,0.5,0.7,77.3,Strong,1.7
TRN06980,Tunnel,AES-256-GCM,modp2048(14),Off,IPv4,dns_query,80.2,1.3,1.2,0.05,155.6,Medium,6.4
TRN06235,Transport,AES-192,modp2048(14),On,IPv6,video_streaming,1187.1,70.3,0.5,0.62,205.8,Medium,5.1
TRN00271,Tunnel,AES-128,modp768(1),Off,IPv4,whatsapp_msg,180.4,4.6,0.5,0.25,191.0,Weak,8.4
TRN04571,Transport,AES-192,modp4096(16),Off,IPv6,voip,125.4,42.8,447.0,0.28,97.3,Medium,2.6
TRN06324,Transport,DES,modp6144(17),On,IPv4,web_browsing,179.7,17.9,0.5,0.48,50.6,Medium,5.0
TRN06433,Transport,AES-256-GCM,modp3072(15),On,IPv4,file_transfer,1418.8,121.2,12.7,0.78,247.0,Strong,1.4
TRN07062,Tunnel,AES-192,modp768(1),Off,IPv6,whatsapp_msg,94.4,6.4,6.6,0.22,132.2,Weak,7.4
TRN07610,Tunnel,3DES,modp3072(15),On,IPv4,file_transfer,1413.5,143.6,0.5,0.88,158.3,Medium,5.2
TRN04208,Transport,AES-256,modp3072(15),On,IPv4,whatsapp_msg,111.5,5.9,0.5,0.16,132.8,Strong,2.7
TRN03219,Transport,3DES,modp1536(5),On,IPv6,file_transfer,1409.1,150.6,307.1,0.84,92.0,Weak,7.4
TRN01392,Transport,AES-128,modp3072(15),Off,IPv4,video_streaming,1109.3,93.4,0.5,0.68,231.3,Medium,6.0
TRN03976,Transport,AES-192,modp2048(14),Off,IPv6,web_browsing,459.4,17.2,0.5,0.76,152.7,Medium,3.3
TRN04317,Tunnel,DES,modp1536(5),Off,IPv6,whatsapp_msg,94.7,5.2,0.5,0.35,210.5,Weak,9.0
TRN05399,Tunnel,AES-256-GCM,modp2048(14),Off,IPv4,web_browsing,359.6,10.7,0.5,0.5,128.6,Medium,4.7
TRN05906,Transport,AES-192,modp3072(15),Off,IPv6,dns_query,98.8,3.4,0.6,0.11,166.8,Medium,4.9
TRN07110,Transport,DES,modp8192(21),On,IPv4,voip,112.6,44.3,379.1,0.15,126.3,Medium,4.1
TRN00084,Transport,AES-256-GCM,modp3072(15),On,IPv6,voip,135.3,49.0,0.5,0.1,137.7,Strong,2.7
TRN00874,Transport,AES-256-GCM,modp4096(16),Off,IPv4,dns_query,73.8,3.0,3.4,0.05,106.2,Strong,1.7
TRN08642,Tunnel,AES-128,modp1024(2),On,IPv4,web_browsing,415.6,22.1,0.5,0.39,196.8,Weak,7.2
TRN06406,Transport,AES-192,modp3072(15),Off,IPv6,icmp,74.6,2.1,0.5,0.11,122.5,Medium,5.5
TRN04558,Tunnel,AES-192,modp768(1),On,IPv6,file_transfer,1448.8,156.2,0.5,0.77,188.1,Weak,9.7
TRN04501,Transport,AES-256,modp3072(15),On,IPv4,dns_query,67.3,1.9,0.5,0.05,143.7,Strong,0.3
TRN04648,Transport,AES-256-GCM,modp1024(2),Off,IPv4,voip,142.6,34.8,0.5,0.22,120.3,Medium,5.2
TRN02039,Transport,DES,modp1024(2),Off,IPv4,web_browsing,204.5,14.2,32.7,0.5,176.8,Weak,9.3
TRN08724,Tunnel,AES-256-GCM,modp2048(14),On,IPv6,file_transfer,1525.1,107.2,135.7,0.65,101.5,Strong,1.5
TRN08390,Transport,DES,modp768(1),On,IPv4,email,425.9,2.9,0.5,0.25,138.3,Weak,8.2
TRN02451,Transport,AES-192,modp8192(21),Off,IPv6,email,545.1,9.4,23.2,0.27,133.0,Strong,2.5
TRN03955,Tunnel,AES-192,modp768(1),Off,IPv4,whatsapp_msg,182.8,5.6,9.4,0.3,25.3,Weak,6.5
TRN02330,Tunnel,DES,modp4096(16),Off,IPv6,dns_query,80.2,0.9,0.5,0.13,217.3,Medium,4.9
TRN08201,Tunnel,3DES,modp4096(16),On,IPv4,video_streaming,1232.7,107.3,424.3,0.51,155.8,Medium,4.6
TRN05677,Transport,DES,modp1536(5),On,IPv6,whatsapp_msg,144.2,2.8,0.5,0.27,116.3,Weak,7.7
TRN08424,Transport,AES-192,modp8192(21),On,IPv4,whatsapp_msg,95.1,8.5,0.5,0.31,72.9,Strong,0.3
TRN04747,Tunnel,AES-192,modp6144(17),Off,IPv4,dns_query,71.7,2.6,0.5,0.07,141.3,Strong,1.7
TRN08427,Transport,3DES,modp768(1),On,IPv4,file_transfer,1383.4,115.3,0.5,0.7,224.0,Weak,6.2
TRN05225,Transport,AES-256-GCM,modp6144(17),On,IPv6,whatsapp_msg,170.7,10.5,0.5,0.37,150.0,Strong,0.3
TRN08466,Transport,DES,modp6144(17),Off,IPv4,email,544.9,9.4,0.5,0.2,177.1,Medium,4.4
TRN05124,Tunnel,3DES,modp1024(2),On,IPv4,whatsapp_msg,90.4,4.9,2.2,0.3,77.1,Weak,8.2
TRN06592,Tunnel,AES-256-GCM,modp3072(15),Off,IPv4,icmp,58.9,2.5,0.5,0.1,132.8,Strong,3.3
TRN01217,Transport,AES-192,modp768(1),Off,IPv4,dns_query,69.9,2.3,0.5,0.12,153.7,Weak,8.8
TRN07478,Transport,3DES,modp6144(17),On,IPv6,file_transfer,1346.4,118.4,251.3,0.83,148.3,Medium,4.4
TRN05532,Transport,AES-128,modp2048(14),On,IPv6,voip,101.4,35.6,0.5,0.2,145.4,Medium,4.3
TRN01065,Tunnel,3DES,modp768(1),Off,IPv4,email,451.9,6.0,0.5,0.14,93.9,Weak,7.0
TRN03787,Tunnel,AES-128,modp8192(21),Off,IPv6,dns_query,84.8,2.7,3.4,0.07,137.2,Strong,1.4
TRN04411,Tunnel,AES-192,modp8192(21),Off,IPv6,web_browsing,541.2,15.6,47.9,0.52,192.8,Strong,2.0
TRN06761,Tunnel,AES-192,modp1024(2),Off,IPv6,file_transfer,1451.1,144.8,374.8,0.89,121.7,Weak,9.0
TRN07700,Transport,DES,modp4096(16),On,IPv6,icmp,71.4,1.8,0.5,0.03,120.7,Medium,6.3
TRN07924,Tunnel,AES-256-GCM,modp1536(5),Off,IPv6,file_transfer,1345.3,122.8,0.5,1.0,77.8,Medium,5.8
TRN03009,Transport,AES-192,modp2048(14),On,IPv4,email,235.8,5.9,15.8,0.44,135.3,Medium,5.3
TRN01106,Tunnel,3DES,modp1024(2),Off,IPv4,icmp,68.7,1.6,16.2,0.1,124.0,Weak,9.5
TRN05364,Tunnel,AES-256,modp6144(17),Off,IPv6,video_streaming,1260.5,88.2,0.5,0.55,178.5,Strong,2.7
TRN07217,Tunnel,3DES,modp2048(14),Off,IPv6,dns_query,82.2,2.3,1.0,0.1,159.6,Weak,9.8
TRN06108,Transport,AES-256-GCM,modp1536(5),Off,IPv6,whatsapp_msg,172.7,1.1,0.5,0.36,124.0,Medium,4.7
TRN07328,Transport,AES-128,modp2048(14),Off,IPv4,web_browsing,305.1,14.2,0.5,0.38,189.0,Medium,2.4
TRN08819,Tunnel,AES-256-GCM,modp2048(14),Off,IPv4,video_streaming,1209.1,113.9,441.6,0.58,158.9,Strong,0.3
TRN04370,Tunnel,DES,modp1536(5),On,IPv4,icmp,63.6,1.2,10.0,0.05,188.1,Weak,7.9
TRN02766,Transport,AES-256-GCM,modp3072(15),Off,IPv6,email,778.3,8.3,24.0,0.33,104.7,Strong,2.2
TRN03930,Transport,AES-192,modp1536(5),Off,IPv4,whatsapp_msg,187.3,7.8,9.4,0.1,66.1,Weak,9.2
TRN05745,Tunnel,3DES,modp4096(16),On,IPv6,dns_query,59.2,1.4,0.5,0.07,118.2,Medium,4.5
TRN08185,Tunnel,3DES,modp768(1),Off,IPv6,email,790.8,7.4,19.8,0.4,78.3,Weak,7.5
TRN06047,Transport,AES-192,modp1024(2),On,IPv6,dns_query,89.2,3.0,0.5,0.08,196.9,Medium,5.8
TRN05682,Transport,3DES,modp3072(15),Off,IPv6,icmp,79.2,1.6,0.5,0.01,208.2,Medium,3.2
TRN07627,Transport,AES-128,modp768(1),On,IPv4,file_transfer,1427.6,118.7,157.4,0.86,179.8,Weak,6.9
TRN02452,Transport,3DES,modp4096(16),Off,IPv6,voip,115.2,51.2,383.8,0.23,146.3,Medium,5.4
TRN05027,Tunnel,AES-256-GCM,modp1024(2),On,IPv4,email,302.5,11.5,28.5,0.41,122.4,Medium,4.7
TRN06530,Transport,3DES,modp3072(15),On,IPv4,dns_query,80.9,3.0,1.7,0.06,116.0,Medium,4.2
TRN03825,Transport,AES-128,modp2048(14),Off,IPv6,email,668.3,10.9,6.2,0.32,125.0,Medium,4.9
TRN07954,Tunnel,AES-128,modp3072(15),On,IPv4,video_streaming,1233.5,64.0,0.5,0.66,19.7,Medium,4.4
TRN02653,Tunnel,AES-192,modp8192(21),Off,IPv4,email,723.2,8.9,0.5,0.14,88.9,Strong,2.4
TRN08180,Tunnel,DES,modp3072(15),On,IPv4,video_streaming,1339.8,75.1,0.5,0.75,186.7,Weak,6.4
TRN03744,Tunnel,AES-128,modp2048(14),Off,IPv4,whatsapp_msg,165.5,4.8,7.5,0.28,131.0,Medium,3.8
TRN02177,Transport,AES-192,modp768(1),On,IPv4,email,815.7,8.0,11.6,0.43,102.1,Weak,8.2
TRN08330,Transport,DES,modp6144(17),Off,IPv4,file_transfer,1433.6,116.3,0.5,0.85,122.9,Medium,3.2
TRN03319,Tunnel,AES-128,modp4096(16),On,IPv4,video_streaming,1305.1,115.4,362.7,0.62,177.5,Strong,0.9
TRN05115,Transport,AES-256-GCM,modp2048(14),Off,IPv6,email,559.2,7.9,0.5,0.43,64.1,Medium,3.9
TRN02788,Transport,DES,modp4096(16),On,IPv6,dns_query,76.6,2.9,0.5,0.02,198.1,Medium,3.9
TRN04106,Transport,AES-256-GCM,modp768(1),On,IPv4,web_browsing,435.9,15.0,0.5,0.61,111.7,Medium,6.5
TRN08324,Transport,AES-256-GCM,modp1024(2),Off,IPv6,icmp,63.0,1.8,5.2,0.06,148.7,Medium,4.4
TRN01677,Tunnel,AES-256,modp8192(21),Off,IPv4,video_streaming,1146.0,57.3,230.4,0.73,167.0,Strong,0.7
TRN03948,Tunnel,DES,modp2048(14),On,IPv4,web_browsing,404.4,13.5,3.2,0.62,168.9,Weak,7.1
TRN07220,Transport,AES-256-GCM,modp768(1),On,IPv6,email,251.9,9.7,0.5,0.2,200.8,Medium,4.2
TRN07160,Transport,DES,modp1024(2),Off,IPv4,video_streaming,1123.5,115.2,1007.2,0.53,124.0,Weak,8.2
TRN05369,Transport,AES-192,modp1536(5),Off,IPv6,file_transfer,1347.8,74.3,170.7,0.73,148.7,Medium,3.2
TRN06245,Transport,AES-128,modp8192(21),On,IPv4,email,361.7,6.1,0.5,0.3,30.9,Strong,2.5
TRN05975,Tunnel,AES-128,modp4096(16),On,IPv6,video_streaming,1326.4,110.1,0.5,0.84,146.7,Medium,6.0
TRN02504,Tunnel,AES-256-GCM,modp1024(2),Off,IPv4,voip,96.2,34.3,0.5,0.24,157.1,Medium,5.1
TRN07081,Tunnel,AES-256,modp8192(21),On,IPv6,file_transfer,1434.4,105.2,0.5,0.8,163.5,Strong,1.0
TRN02370,Tunnel,AES-256-GCM,modp1024(2),On,IPv4,dns_query,85.8,4.2,2.1,0.13,200.1,Medium,4.6
TRN02218,Tunnel,AES-128,modp1536(5),Off,IPv6,whatsapp_msg,145.2,6.1,0.5,0.3,55.0,Weak,8.2
TRN02219,Tunnel,AES-256-GCM,modp768(1),Off,IPv6,icmp,68.0,2.2,0.5,0.07,127.5,Medium,5.1
TRN03327,Transport,DES,modp4096(16),Off,IPv4,voip,172.5,59.8,642.1,0.17,146.0,Medium,5.1
TRN07596,Transport,AES-128,modp3072(15),On,IPv4,voip,93.4,45.3,0.5,0.12,185.6,Medium,6.6
TRN03584,Tunnel,DES,modp4096(16),Off,IPv6,web_browsing,523.3,19.8,18.9,0.41,162.3,Weak,7.3
TRN08285,Transport,DES,modp3072(15),On,IPv6,icmp,74.9,2.7,0.5,0.09,13.2,Weak,7.1
TRN06585,Transport,DES,modp768(1),Off,IPv6,web_browsing,509.2,17.6,0.5,0.6,230.5,Weak,8.6
TRN08776,Transport,DES,modp768(1),Off,IPv6,file_transfer,1492.5,130.8,0.5,0.87,80.5,Weak,8.8
TRN08669,Tunnel,3DES,modp8192(21),On,IPv4,whatsapp_msg,154.5,7.1,7.4,0.16,177.0,Strong,0.7
TRN07673,Transport,AES-192,modp8192(21),Off,IPv4,email,686.5,8.7,0.5,0.34,137.0,Strong,0.7
TRN00086,Tunnel,AES-256,modp2048(14),Off,IPv6,whatsapp_msg,121.7,7.8,10.1,0.18,147.0,Medium,5.1
TRN02802,Transport,AES-128,modp6144(17),On,IPv6,whatsapp_msg,146.1,8.3,2.8,0.29,105.4,Strong,0.6
TRN03672,Tunnel,AES-256,modp4096(16),Off,IPv4,file_transfer,1436.8,109.3,0.5,0.76,312.4,Strong,1.9
TRN03668,Transport,AES-256,modp768(1),Off,IPv4,email,508.3,5.1,27.6,0.3,235.8,Weak,9.0
TRN08813,Transport,DES,modp768(1),Off,IPv4,whatsapp_msg,183.7,4.8,18.3,0.3,155.3,Weak,8.1
TRN04591,Transport,DES,modp1024(2),On,IPv4,dns_query,77.0,2.8,0.5,0.13,112.9,Weak,9.1
TRN02020,Tunnel,DES,modp1536(5),On,IPv6,video_streaming,1184.8,69.3,772.0,0.69,143.6,Weak,6.8
TRN06298,Tunnel,DES,modp1536(5),On,IPv4,whatsapp_msg,223.6,7.1,16.0,0.41,137.6,Weak,8.9
TRN02526,Transport,AES-192,modp8192(21),Off,IPv4,whatsapp_msg,156.0,5.3,4.0,0.3,191.8,Strong,2.5
TRN05881,Transport,AES-256,modp768(1),Off,IPv4,whatsapp_msg,112.9,4.1,3.5,0.21,113.6,Weak,8.0
TRN05019,Tunnel,3DES,modp2048(14),On,IPv6,voip,138.8,40.6,212.4,0.17,161.9,Weak,8.8
TRN07570,Transport,AES-256,modp3072(15),On,IPv4,file_transfer,1411.3,137.1,106.6,0.98,220.6,Strong,1.2
TRN07228,Transport,AES-256,modp8192(21),Off,IPv4,web_browsing,555.1,14.1,3.9,0.75,227.9,Strong,0.8
TRN05448,Tunnel,DES,modp2048(14),On,IPv6,web_browsing,400.5,12.1,0.5,0.23,145.9,Weak,7.9
TRN02896,Transport,AES-128,modp6144(17),Off,IPv6,file_transfer,1389.5,117.6,175.4,0.83,118.0,Strong,2.9
TRN07558,Transport,AES-192,modp4096(16),Off,IPv6,email,522.0,7.4,13.8,0.31,158.2,Medium,3.1
TRN04715,Transport,AES-256,modp6144(17),On,IPv4,icmp,56.9,1.5,5.2,0.08,127.0,Strong,2.2
TRN08276,Tunnel,3DES,modp6144(17),Off,IPv6,whatsapp_msg,135.3,4.0,0.7,0.29,99.9,Medium,4.7
TRN03426,Tunnel,3DES,modp8192(21),On,IPv6,file_transfer,1366.8,141.7,44.9,0.7,162.3,Strong,2.8
TRN05584,Transport,3DES,modp8192(21),On,IPv6,email,912.4,7.7,22.7,0.23,141.1,Medium,6.2
TRN05418,Tunnel,AES-256-GCM,modp3072(15),On,IPv6,web_browsing,477.2,16.7,0.5,0.54,83.1,Strong,1.1
TRN05809,Transport,AES-128,modp8192(21),On,IPv6,whatsapp_msg,139.6,5.8,5.9,0.21,199.6,Strong,0.3
TRN04978,Transport,DES,modp8192(21),On,IPv6,file_transfer,1402.1,134.5,0.5,0.75,145.3,Medium,3.8
TRN05837,Transport,DES,modp1024(2),Off,IPv6,file_transfer,1401.3,112.8,0.5,0.88,99.3,Weak,7.4
TRN02002,Transport,AES-256,modp8192(21),On,IPv4,file_transfer,1390.3,133.8,59.0,0.62,152.1,Strong,1.3
TRN07317,Tunnel,DES,modp1024(2),Off,IPv4,dns_query,56.4,4.3,0.5,0.11,127.2,Weak,9.6
TRN00870,Tunnel,AES-192,modp1536(5),On,IPv6,file_transfer,1398.4,140.7,111.3,0.84,75.7,Medium,6.3
TRN00357,Tunnel,AES-256-GCM,modp2048(14),On,IPv6,voip,110.1,47.6,0.5,0.18,159.6,Strong,1.4
TRN06577,Transport,DES,modp768(1),Off,IPv4,web_browsing,416.5,17.1,13.7,0.37,110.9,Weak,8.9
TRN06195,Transport,DES,modp6144(17),On,IPv6,web_browsing,290.7,23.5,29.3,0.57,208.1,Medium,3.7
TRN01276,Tunnel,AES-128,modp2048(14),Off,IPv4,file_transfer,1431.4,125.3,0.5,0.94,184.6,Medium,4.1
TRN01891,Tunnel,AES-256-GCM,modp3072(15),On,IPv6,voip,125.3,39.6,0.5,0.21,118.2,Strong,0.3
TRN07459,Transport,3DES,modp6144(17),Off,IPv4,voip,109.0,43.1,0.5,0.25,123.5,Medium,3.6
TRN06597,Transport,AES-256,modp1536(5),Off,IPv4,email,370.9,5.7,3.3,0.33,214.3,Medium,3.7
TRN08252,Transport,AES-256,modp768(1),On,IPv6,icmp,67.7,0.5,2.3,0.06,183.8,Weak,7.6
TRN03564,Transport,3DES,modp8192(21),Off,IPv4,web_browsing,400.0,16.4,59.5,0.44,86.3,Medium,5.2
TRN04959,Tunnel,AES-256-GCM,modp1536(5),On,IPv4,file_transfer,1399.0,107.0,82.0,0.8,67.4,Medium,5.8
TRN06920,Transport,AES-192,modp1536(5),On,IPv4,email,910.7,4.9,4.2,0.19,212.7,Medium,3.7
TRN02381,Transport,AES-256-GCM,modp2048(14),Off,IPv6,icmp,44.5,1.4,6.7,0.06,115.2,Medium,4.4
TRN03824,Transport,DES,modp6144(17),On,IPv6,web_browsing,351.6,14.4,0.5,0.59,187.3,Medium,2.9
TRN08599,Transport,AES-192,modp8192(21),On,IPv4,web_browsing,203.0,23.3,12.9,0.65,157.7,Strong,2.9
TRN06927,Transport,3DES,modp768(1),Off,IPv6,web_browsing,534.7,24.9,61.8,0.31,294.2,Weak,9.5
TRN03307,Transport,DES,modp2048(14),On,IPv6,web_browsing,344.8,21.1,17.0,0.56,103.7,Weak,8.7
TRN07583,Transport,AES-256-GCM,modp1024(2),Off,IPv4,whatsapp_msg,168.6,6.5,0.5,0.21,181.9,Medium,5.4
TRN03500,Transport,AES-256-GCM,modp6144(17),On,IPv6,email,931.5,6.0,0.5,0.39,132.2,Strong,2.1
TRN05372,Tunnel,DES,modp4096(16),Off,IPv4,video_streaming,973.8,80.0,790.9,0.6,112.8,Weak,9.0
TRN01117,Transport,AES-256-GCM,modp1024(2),Off,IPv6,file_transfer,1320.7,149.2,0.5,0.87,186.6,Medium,4.1
TRN08879,Tunnel,3DES,modp1024(2),Off,IPv6,icmp,66.9,2.3,0.5,0.05,147.3,Weak,10.0
TRN07699,Tunnel,3DES,modp3072(15),On,IPv4,whatsapp_msg,128.1,5.0,5.5,0.23,94.9,Medium,4.5
TRN06848,Transport,AES-256-GCM,modp2048(14),Off,IPv6,file_transfer,1474.1,105.2,0.5,0.7,194.5,Strong,1.8
TRN07238,Tunnel,DES,modp4096(16),On,IPv4,icmp,43.5,3.0,2.8,0.02,84.8,Medium,3.7
TRN07832,Transport,AES-256,modp1024(2),On,IPv6,whatsapp_msg,145.9,8.6,3.9,0.35,138.3,Medium,5.0
TRN03646,Transport,AES-192,modp8192(21),Off,IPv4,dns_query,53.5,2.0,3.7,0.12,95.4,Strong,1.5
TRN02501,Tunnel,3DES,modp4096(16),On,IPv6,icmp,59.2,2.2,20.8,0.05,88.3,Medium,5.4
TRN05245,Transport,DES,modp3072(15),On,IPv4,file_transfer,1412.5,119.8,0.5,0.94,196.7,Medium,3.8
TRN02784,Transport,AES-256,modp2048(14),Off,IPv4,web_browsing,235.1,8.9,40.4,0.49,76.1,Medium,5.6
TRN03810,Transport,AES-256,modp768(1),Off,IPv6,whatsapp_msg,124.0,8.1,4.7,0.28,92.1,Weak,8.8
TRN05334,Tunnel,DES,modp4096(16),On,IPv4,email,938.7,7.4,0.5,0.28,136.5,Medium,4.7
TRN07383,Transport,AES-128,modp1536(5),On,IPv6,icmp,62.2,1.9,0.5,0.05,156.3,Weak,8.6
TRN06283,Transport,AES-256,modp1536(5),Off,IPv6,whatsapp_msg,152.7,8.1,0.5,0.13,79.7,Medium,5.2
TRN01697,Tunnel,AES-192,modp2048(14),Off,IPv4,whatsapp_msg,155.8,7.3,0.5,0.35,126.8,Medium,5.4
TRN05909,Transport,AES-128,modp4096(16),Off,IPv6,email,539.5,12.7,10.9,0.13,137.4,Medium,6.6
TRN02053,Transport,AES-192,modp8192(21),Off,IPv4,dns_query,71.2,3.7,0.5,0.15,227.4,Strong,1.9
TRN01777,Tunnel,AES-256,modp1536(5),On,IPv6,whatsapp_msg,131.1,4.8,21.5,0.23,107.8,Medium,2.8
TRN05284,Tunnel,AES-192,modp1024(2),On,IPv6,dns_query,67.0,4.8,0.5,0.09,217.9,Medium,4.0
TRN03314,Tunnel,AES-256,modp3072(15),Off,IPv6,email,894.1,8.3,33.5,0.34,124.5,Strong,1.4
TRN04782,Tunnel,DES,modp3072(15),Off,IPv4,whatsapp_msg,171.6,6.4,1.2,0.21,169.2,Weak,9.3
TRN07048,Tunnel,AES-128,modp1024(2),On,IPv6,email,837.2,6.4,16.4,0.17,118.5,Weak,9.0
TRN05461,Transport,AES-192,modp3072(15),Off,IPv6,voip,120.2,48.0,98.4,0.23,114.0,Medium,5.6
TRN01593,Transport,AES-192,modp768(1),Off,IPv6,voip,105.3,35.5,19.5,0.24,87.9,Weak,7.3
TRN01724,Tunnel,DES,modp4096(16),On,IPv6,dns_query,87.3,3.7,0.5,0.12,113.4,Medium,5.3
TRN07661,Tunnel,AES-192,modp8192(21),On,IPv6,dns_query,89.0,3.1,1.9,0.07,151.7,Strong,2.1
TRN07569,Transport,AES-192,modp768(1),Off,IPv6,voip,109.0,53.6,0.5,0.2,114.2,Weak,8.3
TRN06680,Tunnel,DES,modp768(1),On,IPv4,email,730.5,7.6,0.5,0.28,158.0,Weak,8.3
TRN00491,Tunnel,AES-128,modp3072(15),Off,IPv6,web_browsing,429.9,3.2,0.5,0.74,123.4,Medium,6.3
TRN08735,Tunnel,AES-256,modp2048(14),Off,IPv6,whatsapp_msg,182.9,0.3,6.3,0.2,154.9,Medium,3.6
TRN03484,Transport,AES-256,modp3072(15),Off,IPv6,whatsapp_msg,178.0,6.9,0.5,0.23,64.2,Strong,1.3
TRN03432,Tunnel,DES,modp1024(2),On,IPv6,email,369.2,5.0,19.2,0.36,222.3,Weak,8.6
TRN07270,Transport,AES-128,modp1024(2),Off,IPv6,voip,94.4,41.5,173.5,0.21,61.0,Weak,8.7
TRN06201,Tunnel,AES-256,modp6144(17),Off,IPv6,voip,115.0,32.6,0.5,0.26,170.2,Strong,1.0
TRN00026,Transport,AES-256-GCM,modp1536(5),Off,IPv4,email,490.0,3.3,0.5,0.3,197.5,Medium,5.1
TRN03513,Tunnel,AES-128,modp6144(17),Off,IPv4,dns_query,83.3,3.0,1.0,0.09,226.3,Medium,4.2
TRN02410,Tunnel,AES-192,modp3072(15),On,IPv4,web_browsing,418.6,17.6,68.6,0.52,143.0,Strong,1.0
TRN03271,Transport,AES-256,modp8192(21),On,IPv4,web_browsing,479.7,13.6,66.8,0.54,99.5,Strong,3.0
TRN01553,Transport,AES-192,modp1024(2),Off,IPv4,voip,104.2,43.7,29.4,0.26,119.8,Weak,7.4
TRN08266,Transport,3DES,modp3072(15),Off,IPv6,web_browsing,381.9,19.7,0.5,0.32,162.9,Weak,8.7
TRN07585,Transport,AES-256,modp4096(16),Off,IPv4,dns_query,81.1,4.0,1.8,0.19,165.8,Strong,2.3
TRN03872,Transport,AES-128,modp6144(17),Off,IPv4,file_transfer,1432.5,144.1,374.1,0.89,91.0,Strong,0.7
TRN03403,Transport,AES-256,modp1536(5),On,IPv4,email,599.6,11.4,11.1,0.19,118.1,Medium,5.4
TRN04530,Transport,AES-128,modp8192(21),On,IPv6,icmp,53.1,1.3,8.0,0.04,152.3,Strong,0.5
TRN00980,Transport,3DES,modp768(1),On,IPv6,voip,140.0,48.2,4.4,0.22,186.6,Weak,9.5
TRN02656,Transport,AES-256-GCM,modp8192(21),Off,IPv4,dns_query,106.6,2.9,0.5,0.08,250.1,Strong,1.1
TRN01848,Transport,3DES,modp6144(17),On,IPv6,web_browsing,480.3,14.5,41.9,0.54,197.5,Medium,4.3
TRN06404,Transport,AES-256,modp768(1),Off,IPv6,whatsapp_msg,152.9,4.2,4.6,0.18,72.8,Weak,7.5
TRN06661,Tunnel,AES-128,modp2048(14),Off,IPv4,voip,145.3,46.8,400.5,0.19,113.8,Medium,4.4
TRN08115,Tunnel,3DES,modp2048(14),On,IPv6,dns_query,69.4,1.8,2.0,0.09,158.0,Weak,10.0
TRN07284,Transport,AES-256-GCM,modp2048(14),Off,IPv6,web_browsing,527.2,5.1,0.5,0.6,147.9,Medium,6.0
TRN05799,Transport,AES-256-GCM,modp768(1),On,IPv4,icmp,66.2,2.3,0.5,0.08,173.8,Medium,5.6
TRN01103,Transport,AES-256,modp3072(15),Off,IPv6,web_browsing,266.5,12.0,0.5,0.51,128.2,Medium,5.4
TRN03277,Tunnel,3DES,modp1024(2),On,IPv6,dns_query,67.0,1.2,0.8,0.07,123.8,Weak,7.2
TRN05938,Tunnel,AES-192,modp4096(16),Off,IPv4,voip,135.2,37.8,0.5,0.24,230.4,Strong,1.3
TRN07276,Tunnel,DES,modp3072(15),Off,IPv6,email,887.7,9.4,1.4,0.15,34.1,Weak,6.6
TRN06827,Tunnel,DES,modp8192(21),On,IPv4,email,445.1,7.0,0.5,0.15,118.4,Medium,3.9
TRN03997,Transport,AES-192,modp768(1),On,IPv4,file_transfer,1374.7,119.1,0.5,0.58,125.5,Weak,7.3
TRN00195,Transport,AES-192,modp4096(16),Off,IPv6,file_transfer,1326.3,131.7,0.5,0.7,157.9,Strong,0.6
TRN08172,Transport,AES-256-GCM,modp1024(2),On,IPv4,dns_query,80.7,3.1,3.3,0.09,224.3,Medium,4.7
TRN00644,Tunnel,AES-256,modp8192(21),Off,IPv6,video_streaming,1150.7,96.4,680.9,0.67,164.1,Strong,2.8
TRN03286,Tunnel,3DES,modp6144(17),Off,IPv4,voip,146.8,38.3,0.5,0.26,89.2,Medium,2.7
TRN03117,Tunnel,AES-256-GCM,modp4096(16),On,IPv4,video_streaming,1215.6,53.9,453.8,0.73,70.0,Strong,1.4
TRN03576,Tunnel,3DES,modp2048(14),On,IPv6,video_streaming,1423.3,75.8,0.5,0.71,67.9,Weak,9.4
TRN08024,Tunnel,DES,modp2048(14),On,IPv6,video_streaming,1200.3,104.3,160.6,0.67,160.0,Weak,7.8
TRN04321,Transport,AES-192,modp768(1),Off,IPv6,icmp,62.9,2.5,17.5,0.05,138.6,Weak,7.4
TRN08993,Transport,AES-256,modp1536(5),On,IPv4,dns_query,94.6,3.5,4.5,0.08,184.2,Medium,3.9
TRN02208,Tunnel,AES-192,modp1536(5),Off,IPv4,email,469.8,10.0,25.1,0.2,185.4,Weak,7.6
TRN04553,Tunnel,AES-128,modp768(1),On,IPv6,web_browsing,481.1,12.0,38.5,0.36,138.6,Weak,9.1
TRN05885,Transport,AES-256-GCM,modp1536(5),On,IPv4,icmp,61.0,2.1,8.0,0.09,112.6,Medium,5.8
TRN03719,Tunnel,3DES,modp1536(5),On,IPv6,dns_query,95.4,4.5,0.5,0.18,124.8,Weak,10.0
TRN00973,Tunnel,AES-128,modp3072(15),On,IPv4,icmp,64.2,1.0,11.9,0.06,136.6,Medium,4.0
TRN07325,Tunnel,AES-192,modp4096(16),Off,IPv6,dns_query,67.7,2.1,0.5,0.14,180.2,Medium,6.0
TRN00720,Transport,3DES,modp4096(16),Off,IPv4,email,610.3,6.6,0.5,0.21,152.1,Medium,6.0
TRN08484,Transport,AES-128,modp8192(21),On,IPv6,dns_query,84.9,3.5,1.6,0.13,123.2,Strong,0.9
TRN03897,Transport,DES,modp1024(2),On,IPv4,dns_query,68.8,1.5,0.5,0.05,160.8,Weak,7.7
TRN02804,Tunnel,AES-256-GCM,modp1536(5),On,IPv4,icmp,58.0,3.1,0.5,0.06,204.8,Medium,5.0
TRN02567,Tunnel,AES-256,modp2048(14),On,IPv4,icmp,49.4,1.7,8.4,0.02,197.2,Strong,2.2
TRN04026,Transport,AES-192,modp1536(5),Off,IPv4,web_browsing,317.2,26.8,19.8,0.42,222.3,Weak,9.1
TRN00033,Transport,AES-128,modp8192(21),Off,IPv6,email,586.6,10.7,15.2,0.1,179.6,Strong,2.3
TRN06775,Tunnel,AES-192,modp4096(16),On,IPv4,voip,145.8,40.0,360.7,0.28,145.0,Strong,0.4
TRN07698,Tunnel,AES-256,modp768(1),Off,IPv4,video_streaming,1227.1,99.6,0.5,0.54,115.1,Weak,7.4
TRN04064,Transport,AES-256,modp2048(14),Off,IPv4,voip,116.3,48.8,294.0,0.24,81.9,Medium,5.6
TRN07901,Tunnel,AES-128,modp1024(2),On,IPv6,icmp,51.1,1.6,0.5,0.05,174.3,Weak,8.0
TRN01698,Tunnel,AES-256-GCM,modp2048(14),On,IPv4,email,378.7,9.5,39.9,0.29,172.7,Strong,0.3
TRN02793,Tunnel,AES-256-GCM,modp4096(16),On,IPv4,icmp,76.5,2.1,5.7,0.07,192.2,Strong,1.4
TRN02223,Transport,AES-256-GCM,modp2048(14),Off,IPv4,file_transfer,1506.7,120.5,323.3,0.86,226.7,Medium,3.5
TRN03765,Transport,AES-256,modp8192(21),On,IPv4,voip,148.0,38.8,281.9,0.17,111.6,Strong,2.6
TRN03867,Transport,AES-192,modp1024(2),Off,IPv4,file_transfer,1397.6,92.7,303.8,0.8,235.6,Weak,7.4
TRN07500,Tunnel,3DES,modp8192(21),Off,IPv6,file_transfer,1399.7,113.8,513.2,0.85,225.8,Medium,3.4
TRN07882,Tunnel,AES-128,modp4096(16),Off,IPv4,web_browsing,472.6,12.5,43.6,0.37,184.1,Medium,5.1
TRN05378,Transport,AES-256,modp768(1),On,IPv6,icmp,72.1,3.4,4.1,0.08,148.9,Weak,9.6
TRN06907,Tunnel,3DES,modp3072(15),Off,IPv4,voip,111.3,51.8,0.5,0.18,136.0,Weak,8.9
TRN03759,Tunnel,AES-128,modp8192(21),On,IPv6,dns_query,56.4,2.6,3.3,0.09,51.2,Strong,1.3
TRN08808,Transport,AES-128,modp1024(2),On,IPv6,file_transfer,1420.5,92.0,42.6,0.95,141.6,Weak,7.0
TRN03228,Transport,AES-256-GCM,modp768(1),On,IPv4,voip,115.8,32.8,0.5,0.16,146.6,Medium,3.9
TRN06274,Tunnel,AES-128,modp3072(15),Off,IPv6,voip,115.3,40.3,55.7,0.17,99.8,Medium,3.7
TRN06887,Transport,AES-128,modp768(1),On,IPv4,email,282.0,7.0,25.1,0.31,210.2,Weak,7.0
TRN03905,Tunnel,AES-192,modp4096(16),Off,IPv6,icmp,66.5,1.1,6.9,0.04,157.6,Medium,5.2
TRN02278,Tunnel,3DES,modp1536(5),Off,IPv6,dns_query,73.7,2.8,0.5,0.08,106.5,Weak,8.0
TRN05486,Tunnel,3DES,modp1024(2),Off,IPv6,icmp,77.9,2.1,0.5,0.03,90.9,Weak,7.6
TRN01402,Tunnel,AES-192,modp2048(14),Off,IPv6,email,635.7,10.0,14.1,0.39,173.7,Medium,3.7
TRN00740,Tunnel,DES,modp1024(2),Off,IPv6,whatsapp_msg,120.2,6.8,11.0,0.31,176.6,Weak,7.5
TRN04267,Tunnel,3DES,modp4096(16),Off,IPv4,web_browsing,529.3,26.3,51.2,0.44,119.2,Medium,5.5
TRN08873,Transport,AES-256,modp3072(15),On,IPv6,video_streaming,928.3,95.1,0.5,0.51,156.2,Strong,0.8
TRN05910,Transport,AES-256-GCM,modp8192(21),On,IPv6,web_browsing,314.9,13.3,0.5,0.46,196.5,Strong,1.7
TRN06102,Transport,3DES,modp768(1),Off,IPv6,whatsapp_msg,198.3,5.1,0.5,0.28,138.9,Weak,8.9
TRN03852,Tunnel,AES-128,modp768(1),On,IPv6,email,785.0,8.9,0.5,0.38,110.4,Weak,9.6
TRN07353,Tunnel,AES-256,modp3072(15),Off,IPv6,email,624.4,7.0,23.4,0.25,73.1,Medium,4.3
TRN06595,Tunnel,3DES,modp2048(14),On,IPv4,voip,156.2,48.9,321.9,0.23,166.8,Weak,7.3
TRN05235,Tunnel,AES-256-GCM,modp1536(5),Off,IPv6,file_transfer,1361.5,100.3,177.1,0.78,134.9,Medium,2.7
TRN05514,Transport,AES-128,modp8192(21),Off,IPv6,icmp,49.1,2.1,2.6,0.06,188.2,Strong,1.1
TRN00675,Transport,AES-192,modp6144(17),Off,IPv4,file_transfer,1426.4,111.4,68.9,0.84,73.3,Strong,1.0
TRN05710,Transport,3DES,modp1536(5),On,IPv4,file_transfer,1369.3,135.2,0.5,0.82,144.2,Weak,8.9
TRN05130,Transport,AES-256-GCM,modp6144(17),Off,IPv4,whatsapp_msg,124.7,2.2,10.3,0.05,193.3,Strong,2.7
TRN03842,Tunnel,AES-256,modp6144(17),On,IPv6,dns_query,69.1,3.9,0.8,0.1,107.8,Strong,2.4
TRN01816,Tunnel,DES,modp2048(14),On,IPv6,web_browsing,476.9,12.8,12.5,0.74,136.9,Weak,8.0
TRN06824,Tunnel,3DES,modp2048(14),On,IPv6,email,637.6,5.4,0.6,0.44,108.6,Medium,3.6
TRN08855,Tunnel,DES,modp1536(5),Off,IPv4,file_transfer,1408.5,89.6,106.7,0.77,207.2,Weak,7.0
TRN08270,Tunnel,AES-128,modp4096(16),On,IPv6,web_browsing,459.7,15.3,7.5,0.4,135.9,Strong,2.8
TRN04654,Tunnel,AES-256-GCM,modp768(1),Off,IPv4,video_streaming,1345.3,75.6,221.9,0.62,148.9,Weak,7.8
TRN08612,Tunnel,AES-128,modp8192(21),Off,IPv4,file_transfer,1398.2,147.9,305.7,0.81,198.5,Strong,2.3
TRN02101,Transport,AES-256-GCM,modp8192(21),Off,IPv6,file_transfer,1496.3,121.9,0.5,0.86,133.6,Strong,1.2
TRN01674,Tunnel,DES,modp6144(17),On,IPv4,video_streaming,1000.3,77.8,1089.1,0.59,155.8,Medium,4.1
TRN02102,Tunnel,DES,modp6144(17),On,IPv6,whatsapp_msg,188.0,5.4,5.0,0.28,160.9,Medium,5.6
TRN04214,Tunnel,AES-128,modp4096(16),Off,IPv6,voip,113.5,40.3,227.6,0.19,108.5,Medium,5.3
TRN05607,Tunnel,AES-256,modp4096(16),Off,IPv6,video_streaming,1041.8,71.6,198.3,0.53,45.6,Strong,1.5
TRN01549,Tunnel,DES,modp6144(17),Off,IPv6,whatsapp_msg,155.6,3.4,0.5,0.27,135.3,Medium,4.6
TRN08524,Tunnel,AES-256,modp1024(2),Off,IPv6,file_transfer,1410.0,92.0,168.5,0.68,109.2,Medium,3.6
TRN03324,Transport,3DES,modp8192(21),On,IPv4,dns_query,78.1,3.9,0.5,0.08,115.9,Medium,5.5
TRN05840,Transport,AES-256,modp8192(21),On,IPv4,email,741.0,12.6,0.5,0.28,121.5,Strong,1.0
TRN00356,Tunnel,3DES,modp1024(2),On,IPv6,file_transfer,1429.1,119.5,113.6,0.73,181.9,Weak,7.6
TRN01462,Transport,3DES,modp8192(21),Off,IPv6,voip,133.0,53.4,143.1,0.27,101.4,Medium,5.9
TRN07223,Tunnel,3DES,modp3072(15),On,IPv6,whatsapp_msg,154.0,6.2,0.5,0.25,134.8,Medium,6.5
TRN08445,Tunnel,3DES,modp1536(5),Off,IPv4,email,523.3,9.3,3.9,0.17,124.1,Weak,8.1
TRN03221,Transport,AES-256,modp768(1),On,IPv6,video_streaming,1152.6,105.6,404.1,0.76,125.1,Weak,7.8
TRN07002,Transport,DES,modp3072(15),Off,IPv4,file_transfer,1439.1,130.9,112.7,0.87,152.2,Weak,8.6
TRN07937,Tunnel,3DES,modp4096(16),On,IPv4,dns_query,107.4,1.6,1.5,0.11,214.5,Medium,4.7
TRN01752,Tunnel,AES-128,modp1536(5),On,IPv6,whatsapp_msg,219.4,5.1,9.6,0.31,234.7,Medium,5.0
TRN06439,Tunnel,AES-192,modp3072(15),On,IPv4,file_transfer,1424.3,111.0,0.5,0.83,148.1,Strong,1.1
TRN06110,Transport,3DES,modp1536(5),Off,IPv6,email,536.6,3.4,20.4,0.08,165.8,Weak,7.2
TRN01773,Tunnel,AES-256,modp6144(17),Off,IPv4,icmp,60.8,2.9,17.7,0.04,148.2,Strong,0.9
TRN01197,Transport,AES-128,modp8192(21),On,IPv6,whatsapp_msg,58.2,5.8,4.1,0.41,195.8,Strong,2.2
TRN01879,Tunnel,DES,modp3072(15),On,IPv4,email,207.7,8.6,8.0,0.44,184.8,Weak,9.7
TRN02669,Transport,AES-128,modp4096(16),Off,IPv6,whatsapp_msg,159.4,7.0,11.1,0.36,207.6,Medium,5.6
TRN03172,Tunnel,AES-256,modp3072(15),Off,IPv6,video_streaming,1212.4,91.5,1191.2,0.36,195.0,Strong,3.4
TRN02017,Tunnel,3DES,modp4096(16),Off,IPv6,file_transfer,1430.4,140.1,146.7,0.78,79.8,Medium,4.2
TRN02006,Transport,AES-192,modp8192(21),On,IPv4,file_transfer,1391.0,127.5,68.3,0.89,125.2,Strong,2.7
TRN07506,Tunnel,3DES,modp4096(16),On,IPv6,email,776.2,7.7,0.5,0.3,170.9,Medium,3.2
TRN03894,Transport,AES-256-GCM,modp1024(2),On,IPv6,email,806.2,13.7,0.5,0.25,138.8,Medium,4.1
TRN03238,Tunnel,AES-128,modp768(1),On,IPv4,file_transfer,1353.8,143.7,0.5,0.75,138.8,Weak,7.4
TRN04425,Tunnel,AES-192,modp6144(17),On,IPv4,dns_query,74.7,3.5,1.7,0.08,138.1,Strong,0.3
TRN04745,Transport,DES,modp768(1),On,IPv4,video_streaming,1125.4,68.4,515.1,0.52,194.1,Weak,7.3
TRN02079,Transport,AES-128,modp1536(5),Off,IPv4,file_transfer,1490.0,150.0,96.3,0.87,145.0,Weak,7.0
TRN00397,Tunnel,3DES,modp3072(15),On,IPv6,email,583.1,11.0,4.3,0.27,106.5,Medium,6.1
TRN02789,Tunnel,DES,modp6144(17),On,IPv6,dns_query,88.2,4.1,2.9,0.09,153.2,Medium,4.1
TRN08279,Tunnel,AES-256-GCM,modp1536(5),Off,IPv6,icmp,67.6,2.4,21.5,0.07,100.2,Medium,5.0
TRN05236,Tunnel,AES-256,modp768(1),On,IPv6,voip,117.8,53.3,287.1,0.21,176.3,Weak,9.2
TRN04073,Tunnel,AES-256-GCM,modp8192(21),Off,IPv6,whatsapp_msg,144.7,5.2,2.5,0.32,179.0,Strong,1.5
TRN08103,Tunnel,AES-128,modp3072(15),On,IPv4,web_browsing,435.4,10.9,18.8,0.52,60.7,Medium,4.3
TRN08553,Tunnel,AES-256-GCM,modp1536(5),Off,IPv6,file_transfer,1417.6,128.4,290.8,0.6,163.1,Medium,4.2
TRN05823,Transport,AES-128,modp1536(5),On,IPv4,file_transfer,1347.4,138.4,37.3,0.72,134.5,Weak,7.5
TRN01520,Tunnel,AES-128,modp6144(17),On,IPv4,whatsapp_msg,164.6,4.9,4.8,0.21,162.2,Strong,0.9
TRN06582,Transport,AES-256,modp1536(5),On,IPv4,whatsapp_msg,85.1,5.1,5.4,0.23,167.2,Medium,5.4
TRN01379,Transport,AES-192,modp768(1),On,IPv6,web_browsing,606.0,11.3,66.4,0.27,105.2,Weak,10.0
TRN01024,Tunnel,3DES,modp3072(15),Off,IPv6,file_transfer,1396.0,108.0,0.5,0.81,203.7,Weak,9.1
TRN02588,Tunnel,3DES,modp3072(15),Off,IPv6,voip,95.9,52.3,148.4,0.18,192.3,Weak,9.2
TRN06143,Transport,AES-256,modp8192(21),Off,IPv6,video_streaming,1073.0,86.2,0.5,0.71,222.4,Strong,0.7
TRN05009,Transport,AES-256-GCM,modp3072(15),Off,IPv6,web_browsing,484.6,17.4,0.5,0.66,101.9,Strong,2.8
TRN02858,Transport,3DES,modp8192(21),Off,IPv6,web_browsing,335.8,25.5,0.5,0.51,221.6,Medium,6.3
TRN06677,Tunnel,AES-256-GCM,modp1024(2),On,IPv4,file_transfer,1417.0,160.1,522.4,0.95,130.0,Medium,5.9
TRN05762,Tunnel,3DES,modp8192(21),On,IPv4,whatsapp_msg,169.9,4.8,0.5,0.24,148.9,Strong,2.6
TRN01630,Tunnel,AES-192,modp6144(17),Off,IPv4,voip,130.5,37.7,0.5,0.21,128.0,Strong,2.6
TRN04889,Transport,AES-256-GCM,modp768(1),On,IPv6,web_browsing,355.8,17.1,34.4,0.72,128.0,Medium,4.1
TRN04527,Transport,AES-128,modp3072(15),Off,IPv4,video_streaming,1299.9,74.3,36.2,0.69,142.6,Medium,5.5
TRN03524,Transport,AES-192,modp4096(16),Off,IPv4,web_browsing,412.6,18.9,0.5,0.56,207.4,Medium,4.6
TRN06257,Tunnel,AES-128,modp8192(21),On,IPv6,whatsapp_msg,194.9,2.8,0.5,0.26,146.8,Strong,1.9
TRN03608,Tunnel,3DES,modp1536(5),Off,IPv4,whatsapp_msg,137.7,1.3,7.6,0.17,182.1,Weak,5.9
TRN08475,Transport,DES,modp3072(15),On,IPv6,voip,123.1,45.1,677.1,0.19,181.3,Weak,9.9
TRN00235,Tunnel,3DES,modp1024(2),On,IPv6,icmp,62.7,2.5,0.6,0.06,210.5,Weak,8.7
TRN07154,Transport,AES-256,modp1024(2),Off,IPv4,whatsapp_msg,137.8,3.1,12.1,0.22,131.9,Weak,9.6
TRN03797,Transport,AES-192,modp8192(21),Off,IPv6,web_browsing,502.6,14.4,42.2,0.5,120.8,Strong,0.8
TRN04119,Tunnel,AES-256,modp6144(17),Off,IPv4,video_streaming,1111.9,100.0,140.8,0.54,192.3,Strong,1.7
TRN05002,Tunnel,AES-256,modp4096(16),On,IPv4,icmp,68.6,1.8,4.7,0.04,141.2,Strong,2.1
TRN03801,Tunnel,AES-256-GCM,modp4096(16),Off,IPv4,file_transfer,1418.1,124.4,54.0,0.71,163.9,Strong,0.3
TRN06065,Transport,3DES,modp4096(16),Off,IPv6,voip,141.8,42.7,287.2,0.25,139.2,Medium,4.4
TRN08772,Tunnel,AES-192,modp768(1),On,IPv6,email,515.7,7.1,18.3,0.27,202.1,Weak,7.8
TRN05025,Tunnel,DES,modp1536(5),On,IPv4,video_streaming,1175.5,82.0,67.9,0.66,253.6,Weak,8.3
TRN01949,Tunnel,3DES,modp1024(2),Off,IPv4,video_streaming,1315.5,74.9,0.5,0.61,131.3,Weak,9.5
TRN00471,Tunnel,DES,modp8192(21),On,IPv6,email,465.9,11.4,0.5,0.28,188.5,Medium,4.4
TRN06071,Tunnel,AES-128,modp6144(17),Off,IPv4,file_transfer,1389.8,138.0,0.5,0.79,190.4,Strong,2.4
TRN03493,Transport,AES-256-GCM,modp4096(16),On,IPv6,file_transfer,1327.7,110.8,0.5,0.76,123.6,Strong,1.6
TRN02672,Transport,DES,modp1024(2),On,IPv4,file_transfer,1438.7,146.1,276.1,0.85,88.9,Weak,8.0
TRN08148,Transport,AES-256-GCM,modp2048(14),Off,IPv4,email,532.1,6.8,5.2,0.16,158.0,Medium,4.9
TRN02225,Transport,AES-192,modp1536(5),On,IPv6,dns_query,89.4,0.9,0.5,0.12,197.5,Medium,6.9
TRN01107,Transport,3DES,modp1536(5),On,IPv4,file_transfer,1325.2,129.1,0.5,0.7,212.7,Weak,8.8
TRN08067,Tunnel,DES,modp1536(5),Off,IPv6,file_transfer,1473.7,117.7,191.2,0.7,151.2,Weak,7.0
TRN00819,Transport,AES-128,modp768(1),On,IPv6,icmp,61.7,2.8,0.5,0.04,182.2,Weak,7.1
TRN04524,Tunnel,3DES,modp6144(17),On,IPv6,dns_query,67.3,2.5,0.7,0.15,181.6,Medium,4.9
TRN07626,Tunnel,AES-128,modp1024(2),Off,IPv6,video_streaming,1262.3,101.5,304.7,0.6,159.3,Weak,8.3
TRN08573,Transport,3DES,modp3072(15),Off,IPv4,voip,155.8,41.2,615.2,0.28,130.6,Medium,5.2
TRN08430,Tunnel,AES-192,modp2048(14),Off,IPv4,file_transfer,1415.8,101.1,0.5,0.77,125.3,Medium,5.4
TRN08451,Transport,DES,modp768(1),Off,IPv6,voip,110.1,50.7,0.5,0.18,127.2,Weak,7.3
TRN00889,Tunnel,AES-192,modp6144(17),On,IPv6,file_transfer,1425.1,123.1,283.7,0.86,151.6,Strong,1.1
TRN02438,Tunnel,DES,modp2048(14),Off,IPv6,whatsapp_msg,131.2,7.9,3.3,0.29,126.0,Weak,9.4
TRN00818,Transport,3DES,modp1536(5),On,IPv6,web_browsing,393.4,21.3,0.5,0.48,127.6,Weak,7.8
TRN03415,Transport,AES-256,modp6144(17),On,IPv4,voip,99.6,45.2,199.0,0.12,105.4,Strong,1.6
TRN02342,Transport,AES-256,modp768(1),On,IPv4,whatsapp_msg,227.8,9.0,0.5,0.14,228.6,Medium,3.7
TRN08035,Transport,3DES,modp4096(16),Off,IPv6,web_browsing,361.7,15.9,0.5,0.74,149.8,Medium,5.5
TRN03168,Tunnel,AES-192,modp4096(16),Off,IPv6,email,778.6,6.4,0.5,0.39,138.5,Medium,5.7
TRN08386,Transport,3DES,modp1024(2),Off,IPv6,email,812.0,5.6,3.4,0.11,144.3,Weak,9.7
TRN08670,Tunnel,AES-128,modp2048(14),Off,IPv4,dns_query,93.7,3.3,1.1,0.1,157.6,Medium,6.0
TRN01265,Tunnel,AES-128,modp3072(15),Off,IPv6,icmp,62.5,2.1,0.5,0.07,201.5,Medium,6.0
TRN05087,Transport,AES-192,modp8192(21),Off,IPv4,dns_query,71.6,4.9,3.8,0.15,149.2,Strong,1.9
TRN05195,Transport,AES-256-GCM,modp4096(16),Off,IPv4,file_transfer,1393.5,130.3,0.5,0.78,81.1,Strong,2.5
TRN04450,Transport,AES-192,modp8192(21),On,IPv4,file_transfer,1336.1,139.5,4.4,0.74,117.2,Strong,0.3
TRN04946,Tunnel,AES-256,modp1536(5),On,IPv6,file_transfer,1448.6,150.6,267.6,0.96,170.7,Medium,4.6
TRN04046,Tunnel,AES-256,modp2048(14),Off,IPv4,dns_query,47.7,3.6,0.5,0.13,191.6,Medium,4.8
TRN07075,Transport,AES-256-GCM,modp1024(2),Off,IPv4,whatsapp_msg,175.7,10.8,5.0,0.34,58.0,Medium,5.6
TRN07888,Transport,DES,modp768(1),On,IPv6,voip,108.8,43.0,388.4,0.16,158.5,Weak,8.6
TRN01229,Transport,AES-128,modp1536(5),Off,IPv6,web_browsing,341.7,10.5,0.5,0.39,183.9,Weak,8.8
TRN08074,Tunnel,3DES,modp1536(5),Off,IPv4,whatsapp_msg,160.5,7.0,0.5,0.35,223.5,Weak,6.8
TRN08537,Transport,AES-192,modp2048(14),Off,IPv4,web_browsing,301.5,13.4,3.6,0.8,183.8,Medium,2.9
TRN05142,Transport,AES-192,modp8192(21),On,IPv6,web_browsing,350.7,9.9,48.1,0.77,201.9,Strong,2.6
TRN00053,Transport,3DES,modp6144(17),Off,IPv6,video_streaming,1017.4,85.8,0.5,0.46,165.4,Medium,5.3
TRN06127,Tunnel,DES,modp8192(21),Off,IPv6,video_streaming,1010.8,94.7,1256.5,0.56,46.9,Medium,5.5
TRN08034,Tunnel,AES-192,modp2048(14),Off,IPv4,email,533.5,5.6,0.5,0.35,132.0,Medium,5.3
TRN00160,Tunnel,AES-192,modp8192(21),On,IPv6,web_browsing,392.0,10.8,0.5,0.48,145.7,Strong,0.8
TRN06068,Tunnel,3DES,modp3072(15),Off,IPv4,dns_query,105.4,2.6,2.3,0.11,159.8,Medium,3.4
TRN01588,Tunnel,AES-256,modp4096(16),Off,IPv6,icmp,53.8,2.2,0.5,0.03,117.2,Strong,1.6
TRN01590,Transport,AES-256-GCM,modp1536(5),On,IPv6,dns_query,93.2,1.2,0.5,0.07,201.4,Medium,3.3
TRN06443,Tunnel,AES-256-GCM,modp6144(17),Off,IPv6,voip,107.0,50.0,0.5,0.11,209.5,Strong,1.8
TRN05315,Tunnel,AES-192,modp1536(5),Off,IPv4,web_browsing,299.6,20.4,15.6,0.43,206.4,Weak,8.4
TRN08333,Transport,3DES,modp8192(21),On,IPv4,icmp,72.2,1.7,0.5,0.04,141.6,Medium,5.2
TRN03859,Tunnel,AES-256-GCM,modp1536(5),On,IPv4,voip,110.6,44.4,277.8,0.14,220.8,Medium,5.3
TRN07825,Tunnel,DES,modp3072(15),Off,IPv6,email,869.4,7.1,0.5,0.32,135.5,Weak,9.1
TRN08128,Transport,AES-256,modp2048(14),Off,IPv4,video_streaming,1103.8,83.1,226.5,0.54,162.5,Medium,6.8
TRN02829,Tunnel,AES-256-GCM,modp4096(16),Off,IPv6,web_browsing,368.7,9.8,27.6,0.7,163.4,Strong,2.0
TRN00437,Transport,3DES,modp768(1),On,IPv6,voip,125.7,40.5,0.5,0.26,163.5,Weak,7.9
TRN07342,Tunnel,AES-256,modp6144(17),Off,IPv6,file_transfer,1368.2,124.0,0.5,0.68,112.8,Strong,0.3
TRN03879,Tunnel,3DES,modp8192(21),On,IPv6,whatsapp_msg,162.4,6.6,0.5,0.17,49.0,Medium,5.1
TRN01589,Transport,DES,modp2048(14),On,IPv4,voip,105.9,47.4,223.8,0.16,112.4,Weak,7.7
TRN02781,Tunnel,DES,modp2048(14),On,IPv6,voip,85.6,48.4,0.5,0.14,220.1,Weak,8.8
TRN07961,Tunnel,AES-256-GCM,modp3072(15),On,IPv6,file_transfer,1300.8,133.6,0.5,0.85,207.3,Strong,1.8
TRN07226,Tunnel,AES-256-GCM,modp2048(14),On,IPv6,web_browsing,297.0,15.2,0.5,0.4,114.5,Strong,1.0
TRN07205,Tunnel,3DES,modp1024(2),Off,IPv4,web_browsing,523.5,13.4,0.5,0.69,153.0,Weak,8.8
TRN04728,Tunnel,3DES,modp1536(5),Off,IPv6,whatsapp_msg,178.2,5.7,0.5,0.24,75.6,Weak,9.6
TRN00974,Tunnel,AES-192,modp2048(14),On,IPv4,video_streaming,1509.7,97.2,0.5,0.68,115.4,Medium,5.9
TRN01239,Tunnel,AES-192,modp2048(14),On,IPv6,voip,127.7,53.5,0.5,0.13,126.6,Medium,4.3
TRN02952,Tunnel,AES-256-GCM,modp1024(2),On,IPv4,web_browsing,409.4,12.3,10.3,0.76,200.7,Medium,3.2
TRN02343,Transport,AES-256-GCM,modp2048(14),Off,IPv4,dns_query,81.2,3.1,1.2,0.12,159.8,Strong,2.3
TRN06271,Tunnel,AES-256-GCM,modp1024(2),Off,IPv4,icmp,55.8,2.2,7.5,0.04,204.6,Medium,4.6
TRN02159,Tunnel,AES-128,modp8192(21),On,IPv6,video_streaming,1099.2,78.7,299.4,0.56,68.8,Strong,1.8
TRN05310,Transport,DES,modp4096(16),On,IPv4,web_browsing,154.4,14.7,0.5,0.58,175.9,Medium,3.2
TRN01498,Tunnel,AES-256-GCM,modp8192(21),Off,IPv4,email,616.5,8.0,0.5,0.25,132.9,Strong,0.3
TRN04546,Tunnel,AES-128,modp1024(2),Off,IPv6,dns_query,103.3,2.2,4.6,0.11,150.6,Weak,8.2
TRN04258,Transport,AES-256,modp2048(14),On,IPv6,file_transfer,1396.2,107.8,36.9,0.73,94.2,Medium,3.9
TRN02423,Tunnel,AES-128,modp3072(15),Off,IPv6,file_transfer,1394.5,137.6,371.1,0.69,155.0,Medium,3.6
TRN05186,Tunnel,AES-128,modp8192(21),On,IPv4,icmp,67.2,2.2,28.1,0.05,229.6,Strong,2.7
TRN00358,Transport,3DES,modp2048(14),Off,IPv6,icmp,68.8,2.2,2.6,0.08,212.3,Weak,7.8
TRN05243,Tunnel,3DES,modp6144(17),On,IPv6,voip,162.9,46.6,0.5,0.27,192.8,Medium,4.9
TRN08936,Tunnel,AES-128,modp1536(5),Off,IPv6,dns_query,88.2,2.6,1.8,0.03,187.2,Weak,10.0
TRN08580,Tunnel,DES,modp8192(21),On,IPv6,icmp,46.0,1.8,12.6,0.07,142.7,Medium,4.8
TRN02093,Transport,DES,modp1536(5),On,IPv6,dns_query,91.3,4.9,1.8,0.08,170.9,Weak,7.6
TRN02016,Tunnel,3DES,modp1024(2),On,IPv4,icmp,62.3,2.5,0.5,0.03,184.9,Weak,8.8
TRN08094,Tunnel,DES,modp3072(15),Off,IPv4,dns_query,66.1,1.7,3.4,0.14,149.5,Weak,8.3
TRN07143,Transport,AES-192,modp1536(5),Off,IPv4,icmp,50.8,2.1,4.7,0.04,132.2,Weak,7.1
TRN00188,Transport,DES,modp2048(14),Off,IPv6,whatsapp_msg,125.6,6.7,22.3,0.24,146.7,Weak,6.4
TRN06500,Transport,AES-128,modp1536(5),Off,IPv4,file_transfer,1397.1,109.3,0.5,0.75,170.9,Weak,7.8
TRN03656,Tunnel,AES-192,modp4096(16),On,IPv6,dns_query,62.0,4.1,0.5,0.1,178.6,Strong,2.7
TRN03427,Transport,AES-256-GCM,modp8192(21),Off,IPv6,video_streaming,1157.5,96.8,695.8,0.48,138.0,Strong,3.5
TRN05788,Tunnel,3DES,modp2048(14),Off,IPv6,video_streaming,1183.5,94.0,35.2,0.56,102.9,Weak,9.6
TRN01382,Tunnel,3DES,modp2048(14),On,IPv4,whatsapp_msg,219.6,10.2,5.5,0.2,186.8,Weak,9.2
TRN08106,Tunnel,AES-256-GCM,modp768(1),Off,IPv4,file_transfer,1385.3,107.8,294.2,0.85,157.6,Weak,9.2
TRN00414,Transport,AES-256-GCM,modp1024(2),On,IPv4,whatsapp_msg,127.0,9.0,0.5,0.18,169.4,Medium,4.0
TRN05038,Tunnel,AES-256,modp8192(21),On,IPv6,dns_query,88.1,4.0,0.5,0.08,241.8,Strong,1.6
TRN04898,Tunnel,AES-128,modp8192(21),On,IPv4,email,515.7,6.6,16.1,0.1,234.6,Strong,1.9
TRN03337,Tunnel,AES-192,modp2048(14),Off,IPv6,voip,121.3,41.4,0.5,0.26,170.2,Medium,5.8
TRN03607,Transport,AES-192,modp2048(14),Off,IPv4,email,739.0,5.9,0.5,0.28,124.3,Medium,5.2
TRN03176,Tunnel,DES,modp3072(15),Off,IPv4,file_transfer,1333.7,145.2,311.8,0.72,136.3,Weak,9.4
TRN08062,Tunnel,AES-256-GCM,modp1024(2),On,IPv4,whatsapp_msg,175.1,5.5,1.5,0.35,199.6,Medium,6.5
TRN08737,Tunnel,DES,modp4096(16),Off,IPv4,voip,110.3,48.0,0.5,0.14,152.0,Weak,9.8
TRN06269,Tunnel,DES,modp1024(2),Off,IPv6,whatsapp_msg,84.2,4.7,15.7,0.05,91.3,Weak,9.4
TRN00257,Transport,AES-256-GCM,modp8192(21),On,IPv4,file_transfer,1542.6,124.0,211.6,0.76,141.3,Strong,1.0
TRN05690,Transport,3DES,modp768(1),On,IPv6,dns_query,85.2,2.1,0.5,0.11,143.7,Weak,6.3
TRN00201,Tunnel,AES-256-GCM,modp2048(14),On,IPv4,whatsapp_msg,173.8,4.2,4.2,0.23,261.1,Strong,0.3
TRN02236,Tunnel,AES-192,modp8192(21),Off,IPv4,web_browsing,296.6,19.9,0.5,0.42,108.7,Strong,2.9
TRN04744,Tunnel,AES-192,modp1024(2),Off,IPv6,video_streaming,1198.0,83.1,0.5,0.6,141.5,Weak,6.9
TRN01768,Tunnel,AES-192,modp3072(15),On,IPv4,whatsapp_msg,251.0,8.5,9.4,0.39,217.5,Medium,4.1
TRN04237,Tunnel,3DES,modp2048(14),Off,IPv4,icmp,60.2,2.1,6.1,0.05,173.3,Weak,8.7
TRN07011,Tunnel,AES-192,modp1536(5),On,IPv4,video_streaming,1308.3,81.2,361.6,0.41,183.4,Medium,5.2
TRN01573,Tunnel,AES-256-GCM,modp768(1),Off,IPv4,video_streaming,1373.5,90.3,537.0,0.45,116.7,Weak,7.8
TRN00025,Transport,AES-192,modp3072(15),Off,IPv6,video_streaming,1074.3,76.5,0.5,0.54,158.9,Medium,3.6
TRN07739,Transport,AES-192,modp768(1),On,IPv6,whatsapp_msg,108.0,7.2,0.5,0.34,146.4,Weak,6.6
TRN01089,Tunnel,AES-128,modp4096(16),Off,IPv4,file_transfer,1388.3,98.8,120.6,0.96,169.8,Medium,4.5
TRN04675,Tunnel,DES,modp1536(5),On,IPv6,video_streaming,1450.7,90.7,0.5,0.67,145.9,Weak,7.0
TRN02695,Transport,AES-128,modp1536(5),On,IPv6,icmp,65.6,1.8,0.5,0.04,177.1,Weak,7.2
TRN07283,Tunnel,AES-192,modp8192(21),Off,IPv6,file_transfer,1457.3,94.3,240.3,0.8,225.8,Strong,1.7
TRN03399,Tunnel,AES-256,modp8192(21),On,IPv4,web_browsing,347.2,15.5,0.8,0.56,149.0,Strong,1.4
TRN03560,Tunnel,3DES,modp1536(5),On,IPv4,icmp,71.3,2.8,9.8,0.09,144.1,Weak,8.7
TRN08230,Transport,3DES,modp3072(15),On,IPv4,file_transfer,1416.1,118.4,233.9,0.86,150.5,Medium,4.3
TRN02842,Tunnel,AES-128,modp768(1),On,IPv4,voip,115.0,52.1,299.3,0.21,57.7,Weak,8.4
TRN02312,Tunnel,AES-192,modp768(1),Off,IPv6,icmp,53.0,1.9,13.2,0.04,103.3,Weak,7.5
TRN07730,Transport,DES,modp1536(5),On,IPv6,dns_query,99.0,5.0,2.1,0.11,178.8,Weak,9.2
TRN03235,Tunnel,DES,modp4096(16),Off,IPv4,video_streaming,1303.3,92.3,0.5,0.62,117.0,Weak,8.4
TRN04153,Transport,AES-256,modp1024(2),On,IPv6,whatsapp_msg,181.3,8.5,3.5,0.3,83.5,Medium,4.8
TRN01310,Tunnel,AES-128,modp768(1),On,IPv4,video_streaming,1189.7,78.2,564.8,0.63,189.1,Weak,7.4
TRN00696,Tunnel,AES-256-GCM,modp768(1),Off,IPv6,dns_query,54.4,3.4,0.5,0.04,70.5,Medium,5.6
TRN05376,Tunnel,AES-128,modp8192(21),On,IPv6,email,533.8,4.5,5.9,0.36,128.6,Strong,1.5
TRN03753,Transport,AES-192,modp1536(5),On,IPv4,file_transfer,1426.6,139.3,0.5,0.81,150.9,Medium,3.6
TRN01228,Tunnel,3DES,modp1536(5),Off,IPv6,file_transfer,1419.2,110.3,45.3,0.9,238.5,Weak,10.0
TRN02000,Transport,AES-128,modp8192(21),Off,IPv6,voip,115.7,39.5,163.7,0.14,180.3,Strong,3.9
TRN00277,Transport,AES-256-GCM,modp8192(21),On,IPv4,file_transfer,1347.2,135.4,0.5,0.82,87.0,Strong,2.5
TRN05453,Transport,DES,modp1536(5),Off,IPv6,web_browsing,446.7,27.7,58.3,0.35,150.0,Weak,7.8
TRN05702,Tunnel,DES,modp6144(17),On,IPv4,icmp,66.9,2.5,0.5,0.04,96.7,Medium,5.7
TRN07756,Tunnel,DES,modp2048(14),On,IPv6,web_browsing,199.3,15.8,6.1,0.57,109.6,Weak,9.6
TRN03638,Transport,3DES,modp4096(16),Off,IPv4,whatsapp_msg,185.0,3.5,0.5,0.29,212.0,Medium,5.9
TRN06643,Transport,AES-128,modp3072(15),Off,IPv4,file_transfer,1370.8,152.7,121.6,0.79,119.8,Medium,5.4
TRN04779,Transport,AES-128,modp3072(15),Off,IPv4,web_browsing,441.8,17.7,0.5,0.54,142.6,Medium,3.4
TRN08728,Tunnel,DES,modp768(1),Off,IPv6,icmp,70.0,2.1,16.5,0.04,136.1,Weak,8.8
TRN04118,Tunnel,AES-192,modp1024(2),Off,IPv4,dns_query,85.3,2.1,3.2,0.06,127.6,Weak,9.5
TRN05664,Tunnel,AES-128,modp2048(14),Off,IPv4,whatsapp_msg,143.1,4.3,0.5,0.19,167.5,Medium,5.6
TRN01138,Tunnel,DES,modp4096(16),Off,IPv4,whatsapp_msg,151.6,4.7,9.0,0.34,176.5,Medium,7.0
TRN02768,Transport,AES-256,modp6144(17),On,IPv6,whatsapp_msg,164.9,5.1,2.6,0.27,226.9,Strong,3.7
TRN06583,Tunnel,AES-192,modp3072(15),Off,IPv4,video_streaming,1360.6,110.8,0.5,0.6,174.9,Medium,5.2
TRN06197,Transport,3DES,modp768(1),Off,IPv6,video_streaming,990.0,81.5,220.5,0.64,133.1,Weak,9.2
TRN00943,Tunnel,AES-128,modp768(1),On,IPv6,video_streaming,1134.5,117.0,975.2,0.66,142.4,Weak,7.7
TRN06163,Transport,DES,modp3072(15),Off,IPv4,dns_query,70.4,4.2,1.9,0.03,106.5,Weak,9.3
TRN08436,Transport,AES-256,modp6144(17),Off,IPv6,icmp,63.9,2.8,20.6,0.07,190.2,Strong,2.3
TRN04936,Tunnel,AES-256,modp8192(21),Off,IPv6,whatsapp_msg,155.8,4.7,0.5,0.22,190.5,Strong,1.8
TRN03936,Transport,AES-192,modp4096(16),Off,IPv6,video_streaming,1325.7,116.7,1358.1,0.65,51.8,Strong,1.0
TRN07654,Transport,3DES,modp768(1),On,IPv4,video_streaming,1012.3,117.1,0.5,0.59,227.1,Weak,7.4
TRN02385,Tunnel,DES,modp1536(5),Off,IPv6,dns_query,57.2,3.1,0.5,0.11,253.5,Weak,8.3
TRN00116,Tunnel,AES-128,modp6144(17),On,IPv6,whatsapp_msg,140.6,9.2,0.5,0.18,121.4,Strong,1.5
TRN07843,Transport,AES-256,modp3072(15),Off,IPv4,voip,85.5,60.7,220.5,0.2,184.7,Strong,2.3
TRN08978,Tunnel,AES-256-GCM,modp1536(5),On,IPv6,dns_query,51.2,1.5,1.3,0.15,53.6,Medium,5.1
TRN03120,Tunnel,AES-128,modp6144(17),On,IPv6,video_streaming,1183.9,72.4,0.5,0.69,149.2,Strong,0.9
TRN04259,Transport,AES-192,modp3072(15),Off,IPv6,voip,149.7,41.3,0.5,0.16,127.0,Medium,3.6
TRN05405,Tunnel,AES-128,modp8192(21),On,IPv6,file_transfer,1372.3,128.8,418.8,0.91,110.8,Strong,1.3
TRN07053,Transport,AES-128,modp2048(14),On,IPv6,icmp,68.5,2.2,0.5,0.09,227.9,Medium,5.5
TRN02820,Tunnel,AES-256-GCM,modp3072(15),On,IPv6,web_browsing,325.0,22.4,36.7,0.64,115.8,Strong,1.3
TRN03823,Tunnel,AES-192,modp2048(14),Off,IPv6,whatsapp_msg,153.2,5.8,5.0,0.3,182.5,Medium,4.3
TRN08149,Tunnel,3DES,modp2048(14),On,IPv6,whatsapp_msg,127.4,5.8,12.8,0.21,104.1,Weak,8.8
TRN04700,Tunnel,3DES,modp4096(16),Off,IPv4,web_browsing,418.9,10.8,29.9,0.63,104.7,Medium,4.9
TRN07847,Transport,3DES,modp2048(14),On,IPv4,web_browsing,335.0,18.0,23.5,0.53,176.7,Weak,8.2
TRN03803,Transport,AES-192,modp768(1),Off,IPv6,voip,133.1,51.4,0.5,0.14,180.8,Weak,6.6
TRN03537,Tunnel,3DES,modp3072(15),On,IPv4,email,123.1,8.2,0.5,0.41,127.4,Medium,5.0
TRN03826,Tunnel,AES-192,modp8192(21),On,IPv4,video_streaming,1140.4,88.4,0.5,0.7,171.4,Strong,2.7
TRN07377,Transport,AES-192,modp8192(21),On,IPv6,web_browsing,382.7,15.8,0.5,0.51,193.1,Strong,1.7
TRN07310,Transport,AES-256-GCM,modp1536(5),On,IPv6,video_streaming,1326.7,88.5,1569.9,0.67,193.3,Medium,6.0
TRN04811,Tunnel,AES-192,modp2048(14),On,IPv4,email,707.6,13.6,4.1,0.47,262.5,Medium,5.9
TRN01947,Transport,DES,modp768(1),On,IPv4,web_browsing,371.9,6.4,0.5,0.53,189.4,Weak,8.3
TRN06308,Transport,DES,modp3072(15),On,IPv6,voip,114.3,45.1,489.2,0.27,137.5,Weak,9.9
TRN05747,Tunnel,AES-256-GCM,modp3072(15),Off,IPv6,voip,116.0,51.3,0.5,0.21,144.4,Strong,0.3
TRN05336,Transport,AES-256,modp3072(15),On,IPv4,video_streaming,1122.1,95.7,171.6,0.46,228.5,Strong,1.5
TRN03489,Transport,AES-256-GCM,modp2048(14),On,IPv6,video_streaming,1085.2,105.4,24.8,0.76,201.0,Strong,2.6
TRN01611,Transport,AES-192,modp768(1),Off,IPv4,whatsapp_msg,165.5,6.5,4.9,0.41,157.7,Weak,7.3
TRN05688,Tunnel,AES-128,modp4096(16),Off,IPv6,video_streaming,1268.6,73.4,50.9,0.49,140.0,Medium,6.7
TRN04678,Transport,AES-256-GCM,modp1024(2),On,IPv4,voip,98.5,47.4,0.5,0.16,111.4,Medium,4.1
TRN04960,Tunnel,DES,modp4096(16),Off,IPv6,file_transfer,1348.0,136.2,0.5,0.64,167.4,Medium,3.6
TRN07605,Tunnel,AES-256-GCM,modp768(1),On,IPv4,dns_query,96.5,2.6,1.3,0.09,165.5,Medium,5.5
TRN04762,Tunnel,AES-256,modp8192(21),On,IPv6,email,607.3,7.5,0.5,0.32,139.5,Strong,0.3
TRN02195,Tunnel,AES-192,modp8192(21),Off,IPv4,icmp,68.6,1.4,0.5,0.03,151.8,Strong,2.6
TRN06630,Tunnel,DES,modp8192(21),On,IPv4,video_streaming,1147.1,90.8,734.3,0.79,208.6,Medium,4.9
TRN05114,Transport,AES-128,modp2048(14),Off,IPv4,email,930.0,3.7,18.2,0.18,53.3,Medium,3.9
TRN00558,Transport,AES-192,modp4096(16),On,IPv4,voip,113.2,46.7,100.0,0.18,77.2,Strong,2.3
TRN08615,Tunnel,3DES,modp1024(2),Off,IPv6,video_streaming,1259.7,72.9,43.4,0.79,155.8,Weak,7.5
TRN07479,Transport,AES-256,modp6144(17),Off,IPv6,email,768.1,7.8,16.6,0.21,141.6,Strong,0.5
TRN01208,Transport,3DES,modp2048(14),On,IPv4,file_transfer,1455.4,103.1,0.5,0.68,141.8,Weak,8.1
TRN05667,Transport,AES-192,modp6144(17),On,IPv4,voip,127.8,55.1,0.5,0.22,87.2,Strong,2.2
TRN08603,Transport,AES-256,modp8192(21),On,IPv6,file_transfer,1363.9,132.8,0.5,0.78,114.4,Strong,3.0
TRN01511,Tunnel,AES-256,modp1536(5),Off,IPv4,web_browsing,445.5,12.9,0.5,0.77,142.2,Medium,5.6
TRN03830,Transport,AES-256,modp1024(2),Off,IPv4,web_browsing,490.1,20.2,0.5,0.3,148.1,Weak,7.0
TRN03733,Transport,AES-256-GCM,modp2048(14),Off,IPv6,icmp,68.2,1.3,5.5,0.05,162.5,Strong,2.8
TRN06399,Transport,DES,modp8192(21),On,IPv6,email,758.2,7.6,6.6,0.56,240.8,Medium,3.3
TRN03212,Tunnel,DES,modp1024(2),Off,IPv4,dns_query,58.8,3.3,3.7,0.11,125.9,Weak,8.5
TRN03631,Tunnel,AES-192,modp1024(2),Off,IPv4,whatsapp_msg,167.7,3.4,0.5,0.24,186.5,Weak,7.3
TRN08142,Transport,3DES,modp6144(17),On,IPv4,voip,130.5,35.5,0.5,0.26,201.8,Medium,5.8
TRN06702,Tunnel,AES-192,modp6144(17),On,IPv4,voip,74.1,57.9,69.5,0.26,166.1,Strong,0.8
TRN00267,Transport,AES-128,modp1536(5),On,IPv4,video_streaming,1110.3,60.6,217.4,0.39,173.7,Medium,4.5
TRN01141,Transport,AES-192,modp768(1),On,IPv6,web_browsing,314.8,13.1,0.5,0.73,106.5,Weak,10.0
TRN03163,Tunnel,AES-192,modp4096(16),Off,IPv6,whatsapp_msg,258.9,6.0,13.1,0.09,115.3,Strong,0.3
TRN08414,Tunnel,AES-128,modp8192(21),Off,IPv6,file_transfer,1439.8,92.1,0.5,0.63,111.4,Strong,1.6
TRN03731,Tunnel,AES-256,modp1024(2),Off,IPv4,voip,127.3,47.3,139.6,0.35,153.1,Medium,4.7
TRN01910,Transport,AES-128,modp2048(14),Off,IPv6,dns_query,76.2,1.0,0.5,0.06,176.3,Medium,3.4
TRN05877,Transport,AES-256,modp8192(21),Off,IPv4,icmp,70.3,2.6,0.5,0.07,126.0,Strong,2.2
TRN02661,Tunnel,AES-128,modp1536(5),Off,IPv6,email,576.2,12.3,34.2,0.08,167.7,Weak,7.8
TRN00657,Transport,AES-192,modp4096(16),Off,IPv4,video_streaming,1166.3,108.2,0.5,0.46,95.1,Strong,2.4
TRN06943,Tunnel,AES-256,modp768(1),On,IPv6,whatsapp_msg,176.4,5.9,0.5,0.16,125.8,Weak,8.3
TRN06297,Transport,3DES,modp1536(5),Off,IPv4,video_streaming,1545.8,83.4,0.5,0.66,129.8,Weak,8.2
TRN00999,Tunnel,AES-256,modp1536(5),On,IPv4,voip,152.1,53.4,134.0,0.17,208.7,Medium,5.4
TRN05968,Tunnel,DES,modp1536(5),On,IPv4,email,625.0,10.2,14.8,0.31,147.6,Weak,7.0
TRN02835,Transport,AES-256,modp4096(16),Off,IPv4,web_browsing,383.6,20.5,0.5,0.44,173.6,Strong,2.3
TRN08247,Transport,AES-256,modp4096(16),On,IPv4,icmp,64.7,2.3,11.3,0.07,195.1,Strong,1.6
TRN01238,Transport,AES-256,modp8192(21),Off,IPv4,whatsapp_msg,171.9,6.4,18.4,0.32,147.5,Strong,1.5
TRN08152,Tunnel,3DES,modp6144(17),On,IPv4,dns_query,69.3,5.6,1.6,0.13,221.8,Medium,5.7
TRN06367,Transport,DES,modp1024(2),Off,IPv4,video_streaming,1515.8,112.4,0.5,0.64,224.4,Weak,6.8
TRN07716,Tunnel,AES-128,modp1024(2),Off,IPv6,whatsapp_msg,196.0,7.9,0.5,0.21,146.1,Weak,8.8
TRN05092,Tunnel,AES-128,modp768(1),On,IPv6,web_browsing,448.6,23.6,0.5,0.24,164.7,Weak,7.8
TRN02187,Tunnel,AES-256-GCM,modp6144(17),On,IPv4,email,623.5,9.0,9.3,0.44,178.2,Strong,2.4
TRN01135,Transport,AES-256-GCM,modp6144(17),Off,IPv6,email,532.3,12.9,10.8,0.32,167.5,Strong,1.3
TRN05005,Tunnel,3DES,modp2048(14),Off,IPv4,dns_query,79.7,3.0,1.8,0.07,91.3,Weak,7.7
TRN01304,Transport,AES-256-GCM,modp6144(17),Off,IPv6,file_transfer,1361.3,132.1,0.5,0.89,186.7,Strong,2.1
TRN01628,Tunnel,AES-192,modp8192(21),On,IPv4,web_browsing,427.7,17.9,0.5,0.49,157.9,Strong,2.6
TRN07976,Transport,3DES,modp1024(2),Off,IPv4,file_transfer,1441.8,139.5,45.9,1.0,138.0,Weak,6.7
TRN01523,Transport,DES,modp1024(2),Off,IPv6,file_transfer,1474.1,131.1,74.3,0.72,192.9,Weak,7.5
TRN08827,Transport,3DES,modp3072(15),On,IPv4,video_streaming,1114.4,86.9,0.5,0.49,166.6,Medium,5.7
TRN00359,Transport,DES,modp1536(5),Off,IPv6,file_transfer,1392.4,114.6,219.7,0.75,140.3,Weak,8.6
TRN00139,Transport,AES-192,modp6144(17),Off,IPv4,whatsapp_msg,156.7,7.2,0.5,0.23,109.5,Strong,3.6
TRN00300,Transport,AES-128,modp1536(5),Off,IPv6,file_transfer,1407.6,124.3,0.5,0.84,119.4,Weak,8.8
TRN01557,Transport,3DES,modp6144(17),On,IPv4,email,411.9,4.4,0.5,0.34,158.3,Medium,4.4
TRN05100,Transport,AES-192,modp768(1),On,IPv6,dns_query,64.8,1.9,0.7,0.14,234.5,Weak,8.2
TRN00383,Tunnel,DES,modp768(1),On,IPv6,voip,148.5,29.2,140.3,0.23,140.3,Weak,8.8
TRN06785,Tunnel,3DES,modp1536(5),Off,IPv4,file_transfer,1399.1,104.2,0.5,0.72,85.4,Weak,8.4
TRN05598,Transport,AES-192,modp2048(14),On,IPv4,email,563.5,10.7,0.5,0.27,106.3,Medium,6.0
TRN04858,Transport,AES-256,modp1536(5),On,IPv6,video_streaming,1253.9,109.9,518.9,0.47,125.0,Medium,4.7
TRN07790,Tunnel,AES-128,modp1536(5),On,IPv6,dns_query,74.6,5.0,0.5,0.15,198.3,Medium,2.8
TRN07116,Tunnel,AES-192,modp2048(14),On,IPv4,email,780.4,5.0,0.5,0.11,171.6,Medium,6.8
TRN05744,Tunnel,AES-256-GCM,modp1024(2),On,IPv6,dns_query,83.3,3.2,0.5,0.12,100.4,Medium,3.8
TRN07921,Tunnel,AES-192,modp1536(5),On,IPv4,voip,113.6,48.0,193.4,0.18,186.7,Medium,3.7
TRN06762,Tunnel,AES-256-GCM,modp6144(17),On,IPv6,dns_query,88.6,4.0,2.3,0.16,217.4,Strong,0.3
TRN05699,Transport,DES,modp4096(16),Off,IPv6,voip,91.1,41.6,0.5,0.19,204.7,Medium,3.6
TRN08298,Transport,AES-256-GCM,modp4096(16),On,IPv6,voip,180.6,43.7,365.2,0.19,152.4,Strong,2.4
TRN02722,Transport,AES-192,modp8192(21),Off,IPv6,dns_query,90.1,2.7,0.5,0.13,150.8,Strong,2.0
TRN01933,Tunnel,AES-256,modp4096(16),On,IPv6,file_transfer,1392.4,138.0,0.5,0.72,247.1,Strong,0.7
TRN08079,Tunnel,3DES,modp3072(15),On,IPv4,whatsapp_msg,141.6,3.5,5.5,0.21,103.0,Medium,3.8
TRN03237,Tunnel,AES-128,modp4096(16),Off,IPv6,video_streaming,1182.7,95.0,1777.3,0.69,132.8,Medium,2.8
TRN03141,Transport,AES-192,modp2048(14),On,IPv4,video_streaming,1051.9,86.5,0.5,0.73,77.3,Medium,3.7
TRN04164,Transport,AES-192,modp8192(21),On,IPv4,icmp,53.4,2.7,0.5,0.07,144.4,Strong,2.1
TRN07797,Tunnel,AES-256,modp2048(14),Off,IPv6,whatsapp_msg,95.2,4.7,0.5,0.35,120.3,Medium,4.7
TRN03808,Tunnel,AES-128,modp768(1),Off,IPv4,dns_query,81.8,2.5,0.5,0.13,263.2,Weak,6.6
TRN08526,Tunnel,AES-128,modp2048(14),On,IPv4,email,963.5,7.9,0.9,0.42,122.4,Medium,4.8
TRN08687,Tunnel,3DES,modp1024(2),On,IPv4,email,81.8,7.8,0.5,0.28,187.2,Weak,9.0
TRN04155,Tunnel,3DES,modp768(1),On,IPv4,whatsapp_msg,216.0,4.4,0.5,0.16,182.2,Weak,8.7
TRN04173,Tunnel,3DES,modp2048(14),Off,IPv4,file_transfer,1324.2,117.5,0.5,0.78,175.0,Weak,10.0
TRN00797,Tunnel,AES-128,modp768(1),On,IPv4,email,523.7,6.8,2.7,0.29,126.6,Weak,9.5
TRN02417,Transport,AES-256-GCM,modp6144(17),On,IPv6,video_streaming,1162.1,77.3,0.5,0.73,124.4,Strong,2.6
TRN00786,Tunnel,3DES,modp2048(14),On,IPv4,icmp,69.4,2.1,0.5,0.06,167.0,Weak,6.4
TRN03159,Tunnel,AES-256-GCM,modp1536(5),Off,IPv4,web_browsing,285.3,6.9,0.5,0.36,87.3,Medium,5.9
TRN00124,Transport,DES,modp1024(2),On,IPv4,file_transfer,1469.9,140.1,117.3,0.8,107.8,Weak,6.6
TRN02173,Tunnel,AES-192,modp8192(21),Off,IPv4,icmp,75.4,2.8,0.5,0.05,171.0,Strong,2.2
TRN07082,Tunnel,AES-256-GCM,modp2048(14),Off,IPv6,video_streaming,1158.9,100.7,0.5,0.72,118.2,Strong,1.9
TRN07022,Tunnel,AES-256,modp3072(15),Off,IPv4,whatsapp_msg,159.0,5.5,10.8,0.34,141.6,Medium,4.4
TRN08361,Tunnel,AES-192,modp6144(17),On,IPv6,icmp,65.6,2.9,4.6,0.05,150.3,Strong,1.0
TRN04341,Transport,AES-192,modp1536(5),Off,IPv6,dns_query,60.0,3.2,0.5,0.08,112.1,Weak,8.4
TRN00911,Transport,DES,modp2048(14),On,IPv4,email,628.5,9.1,0.5,0.32,144.0,Weak,7.8
TRN02310,Transport,AES-128,modp6144(17),Off,IPv4,icmp,69.8,1.9,6.0,0.04,181.3,Medium,4.7
TRN08689,Transport,AES-256,modp768(1),On,IPv6,voip,124.2,42.3,339.0,0.2,146.8,Weak,9.9
TRN03635,Tunnel,3DES,modp1024(2),On,IPv4,video_streaming,1064.6,107.8,684.2,0.49,134.1,Weak,7.1
TRN01258,Transport,AES-128,modp768(1),On,IPv4,web_browsing,505.2,18.1,0.5,0.52,181.2,Weak,7.6
TRN04459,Tunnel,AES-256,modp4096(16),On,IPv4,email,672.7,3.5,32.1,0.13,87.9,Strong,1.5
TRN01179,Transport,AES-128,modp1024(2),Off,IPv6,file_transfer,1358.1,140.3,0.5,0.89,214.0,Weak,7.5
TRN04653,Tunnel,AES-256-GCM,modp2048(14),On,IPv6,web_browsing,455.3,13.5,0.5,0.51,144.2,Strong,2.0
TRN03651,Tunnel,AES-256-GCM,modp1536(5),On,IPv6,dns_query,102.9,2.7,1.4,0.15,144.0,Medium,4.2
TRN00443,Transport,AES-192,modp8192(21),Off,IPv4,dns_query,87.5,3.4,0.6,0.11,110.0,Strong,1.2
TRN07526,Transport,AES-192,modp1536(5),On,IPv6,dns_query,72.8,2.4,0.5,0.12,181.2,Medium,5.0
TRN01400,Tunnel,AES-192,modp1024(2),On,IPv6,file_transfer,1411.5,119.7,0.5,0.71,172.4,Weak,9.8
TRN01458,Tunnel,AES-256-GCM,modp4096(16),On,IPv4,file_transfer,1428.7,124.0,7.8,0.89,196.7,Strong,2.9
TRN08441,Transport,DES,modp1024(2),On,IPv6,web_browsing,589.8,12.1,0.5,0.55,141.4,Weak,6.8
TRN01055,Tunnel,DES,modp4096(16),Off,IPv4,icmp,75.1,2.1,9.3,0.06,241.2,Weak,8.0
TRN05557,Transport,AES-256,modp3072(15),Off,IPv6,video_streaming,1283.7,92.9,339.4,0.72,157.9,Medium,5.9
TRN03276,Tunnel,AES-256,modp8192(21),Off,IPv4,video_streaming,1462.0,92.4,83.3,0.57,163.4,Strong,1.3
TRN07515,Tunnel,3DES,modp768(1),On,IPv4,email,504.7,10.9,9.9,0.3,213.7,Weak,8.5
TRN03700,Tunnel,DES,modp1024(2),Off,IPv6,icmp,78.4,2.0,0.5,0.06,172.0,Weak,6.5
TRN03760,Transport,3DES,modp8192(21),On,IPv4,whatsapp_msg,165.5,4.1,15.5,0.33,98.0,Strong,0.3
TRN00930,Transport,AES-192,modp8192(21),On,IPv4,dns_query,92.5,3.3,4.4,0.11,208.7,Strong,0.8
TRN07172,Transport,AES-256,modp4096(16),Off,IPv4,dns_query,92.5,1.4,2.2,0.08,174.4,Strong,1.9
TRN01830,Tunnel,AES-128,modp1536(5),On,IPv6,icmp,59.6,3.4,0.5,0.08,82.4,Medium,6.2
TRN02929,Transport,3DES,modp8192(21),On,IPv6,whatsapp_msg,113.2,6.0,0.5,0.25,118.8,Strong,1.9
TRN08437,Transport,DES,modp768(1),Off,IPv6,video_streaming,1044.3,78.9,584.7,0.61,112.9,Weak,8.3
TRN04222,Tunnel,AES-256,modp8192(21),Off,IPv4,voip,89.9,40.6,510.3,0.22,186.3,Strong,2.2
TRN03547,Tunnel,AES-128,modp1024(2),On,IPv4,whatsapp_msg,228.4,5.0,13.2,0.3,146.7,Weak,7.0
TRN07881,Transport,3DES,modp2048(14),Off,IPv6,file_transfer,1369.0,102.1,0.5,0.73,158.1,Weak,8.8
TRN06524,Transport,AES-256,modp6144(17),Off,IPv6,voip,125.6,33.0,327.9,0.28,154.7,Strong,2.6
TRN02012,Tunnel,DES,modp1536(5),On,IPv6,dns_query,100.9,3.3,0.9,0.09,168.4,Weak,7.6
TRN07428,Transport,AES-192,modp3072(15),Off,IPv6,whatsapp_msg,191.8,4.8,12.7,0.31,158.3,Medium,4.6
TRN06673,Transport,AES-128,modp768(1),Off,IPv4,file_transfer,1395.7,112.8,221.3,0.91,180.0,Weak,8.9
TRN03220,Tunnel,DES,modp1024(2),On,IPv6,video_streaming,1092.5,93.3,609.3,0.63,171.9,Weak,9.6
TRN02607,Transport,AES-256,modp3072(15),Off,IPv6,dns_query,86.7,3.2,0.5,0.17,153.6,Strong,2.7
TRN03265,Transport,AES-256,modp768(1),Off,IPv4,web_browsing,575.0,18.1,26.1,0.5,212.8,Weak,8.1
TRN04929,Tunnel,AES-192,modp1024(2),On,IPv4,file_transfer,1359.1,162.8,0.5,0.71,213.4,Weak,9.2
TRN08883,Tunnel,AES-128,modp1024(2),Off,IPv6,video_streaming,1444.2,82.3,0.5,0.57,139.7,Weak,9.6
TRN06527,Transport,AES-256,modp768(1),On,IPv4,email,639.5,5.6,2.6,0.34,180.8,Medium,4.3
TRN00007,Tunnel,AES-256-GCM,modp3072(15),On,IPv4,icmp,61.0,2.3,0.5,0.04,129.9,Strong,1.5
TRN02981,Tunnel,DES,modp6144(17),On,IPv4,whatsapp_msg,119.7,5.7,6.5,0.24,117.8,Medium,5.3
TRN03362,Tunnel,AES-256,modp1536(5),On,IPv4,voip,119.8,41.8,198.5,0.16,133.4,Medium,4.6
TRN04775,Transport,AES-192,modp8192(21),On,IPv6,email,777.4,9.7,0.5,0.18,152.3,Strong,1.7
TRN01944,Transport,3DES,modp6144(17),On,IPv6,video_streaming,1354.0,91.6,0.5,0.57,169.5,Medium,4.1
TRN05982,Tunnel,AES-256-GCM,modp8192(21),Off,IPv6,video_streaming,1182.8,94.0,0.5,0.59,166.4,Strong,0.4
TRN01636,Tunnel,DES,modp4096(16),Off,IPv4,video_streaming,1054.8,82.0,742.5,0.55,124.2,Weak,7.7
TRN01142,Transport,AES-128,modp4096(16),Off,IPv4,file_transfer,1434.9,110.4,45.8,0.96,168.2,Medium,5.1
TRN07522,Tunnel,DES,modp3072(15),On,IPv4,file_transfer,1406.8,130.2,0.5,0.99,139.2,Medium,4.9
TRN06287,Tunnel,AES-256-GCM,modp2048(14),On,IPv6,video_streaming,949.5,127.1,894.3,0.77,76.4,Strong,2.9
TRN02071,Transport,AES-192,modp2048(14),Off,IPv6,icmp,60.6,1.3,0.5,0.01,128.7,Medium,3.4
TRN03135,Transport,AES-256,modp768(1),Off,IPv6,email,369.9,8.4,0.5,0.34,200.6,Weak,8.7
TRN05161,Tunnel,AES-256-GCM,modp2048(14),On,IPv6,web_browsing,525.4,18.7,4.4,0.63,156.0,Strong,2.5
TRN06240,Transport,AES-256-GCM,modp2048(14),On,IPv6,email,99.9,9.9,19.9,0.25,95.2,Strong,1.3
TRN06729,Transport,AES-256-GCM,modp8192(21),On,IPv4,file_transfer,1503.6,110.2,257.4,0.81,107.6,Strong,1.9
TRN02243,Transport,AES-256-GCM,modp4096(16),On,IPv6,file_transfer,1369.8,111.9,324.8,0.89,212.1,Strong,1.3
TRN01475,Transport,AES-128,modp6144(17),Off,IPv6,web_browsing,358.7,16.9,0.5,0.48,125.7,Strong,2.4
TRN07273,Transport,AES-192,modp4096(16),Off,IPv6,video_streaming,1227.3,71.1,181.6,0.69,112.5,Strong,1.9
TRN01890,Tunnel,AES-256-GCM,modp2048(14),On,IPv4,icmp,66.9,2.1,10.3,0.08,204.0,Strong,3.5
TRN03436,Transport,AES-192,modp8192(21),On,IPv6,video_streaming,1179.9,99.4,189.0,0.51,157.0,Strong,1.8
TRN06534,Transport,AES-256,modp8192(21),On,IPv4,email,605.1,9.8,30.3,0.33,102.6,Strong,2.4
TRN06188,Transport,AES-256,modp1024(2),On,IPv4,dns_query,74.4,3.8,0.8,0.13,56.1,Medium,4.3
TRN03706,Tunnel,3DES,modp8192(21),Off,IPv6,web_browsing,392.7,12.6,7.7,0.51,99.5,Medium,5.2
TRN02022,Tunnel,AES-192,modp6144(17),On,IPv6,file_transfer,1425.7,121.1,205.4,0.76,199.3,Strong,1.5
TRN04021,Tunnel,AES-256,modp1024(2),Off,IPv6,web_browsing,468.8,14.6,23.9,0.48,161.7,Medium,5.3
TRN07697,Tunnel,DES,modp1536(5),On,IPv4,icmp,59.8,1.3,12.4,0.04,93.2,Weak,7.8
TRN06998,Tunnel,AES-256-GCM,modp2048(14),Off,IPv4,dns_query,74.3,1.2,0.9,0.12,211.0,Medium,2.9
TRN07541,Tunnel,AES-192,modp8192(21),On,IPv6,email,418.4,4.7,13.7,0.34,212.6,Strong,1.5
TRN02659,Transport,AES-192,modp4096(16),Off,IPv6,whatsapp_msg,114.2,5.5,0.5,0.25,190.1,Medium,4.9
TRN01131,Transport,AES-256-GCM,modp768(1),Off,IPv4,icmp,66.0,2.2,0.5,0.03,102.8,Weak,8.8
TRN07634,Transport,DES,modp768(1),On,IPv6,icmp,61.3,2.0,0.5,0.02,139.0,Weak,7.5
TRN01820,Tunnel,DES,modp2048(14),On,IPv6,email,96.3,7.1,8.8,0.3,105.5,Weak,7.3
TRN06012,Tunnel,AES-256-GCM,modp1024(2),On,IPv4,icmp,58.9,1.9,0.5,0.07,138.1,Medium,4.9
TRN04319,Tunnel,DES,modp8192(21),Off,IPv6,video_streaming,1197.5,85.9,0.5,0.41,113.2,Medium,5.9
TRN08641,Tunnel,AES-128,modp4096(16),On,IPv6,voip,156.4,34.2,317.4,0.15,141.0,Strong,1.7
TRN04145,Tunnel,AES-256,modp8192(21),Off,IPv6,voip,93.8,51.8,0.5,0.22,74.9,Strong,0.7
TRN04670,Transport,AES-192,modp2048(14),On,IPv6,video_streaming,1209.1,91.5,989.2,0.51,109.9,Medium,4.7
TRN01237,Transport,3DES,modp4096(16),On,IPv6,web_browsing,485.5,11.3,0.5,0.58,132.0,Medium,3.4
TRN05477,Transport,DES,modp2048(14),On,IPv4,whatsapp_msg,113.5,5.3,1.4,0.16,107.0,Weak,8.5
TRN08853,Transport,DES,modp768(1),Off,IPv6,email,431.8,6.2,0.5,0.32,165.2,Weak,9.0
TRN01857,Transport,AES-256-GCM,modp768(1),On,IPv6,web_browsing,350.6,14.3,0.5,0.55,172.4,Medium,4.1
TRN02283,Tunnel,3DES,modp1536(5),Off,IPv4,voip,98.2,53.9,31.5,0.2,122.2,Weak,6.8
TRN06947,Transport,3DES,modp3072(15),On,IPv6,web_browsing,424.1,19.3,1.5,0.73,185.9,Medium,5.3
TRN08383,Transport,AES-192,modp1024(2),Off,IPv6,file_transfer,1375.1,115.4,386.1,0.73,137.2,Weak,7.9
TRN04094,Tunnel,AES-192,modp1024(2),On,IPv6,web_browsing,605.5,13.8,61.1,0.71,131.7,Weak,9.8
TRN07504,Tunnel,DES,modp1536(5),On,IPv6,icmp,66.0,2.0,0.5,0.04,130.1,Weak,9.0
TRN05201,Tunnel,AES-256,modp1024(2),Off,IPv4,icmp,68.6,1.7,0.5,0.02,210.0,Weak,9.4
TRN03422,Transport,AES-256,modp4096(16),On,IPv6,web_browsing,336.8,17.4,0.5,0.65,173.8,Strong,0.4
TRN00387,Transport,DES,modp4096(16),Off,IPv6,whatsapp_msg,95.4,6.3,0.8,0.36,214.2,Medium,5.8
TRN01629,Transport,AES-256-GCM,modp1024(2),On,IPv4,email,329.7,10.6,10.4,0.34,112.9,Medium,3.7
TRN03586,Tunnel,AES-128,modp1024(2),On,IPv4,video_streaming,1054.8,54.5,65.2,0.67,115.9,Weak,7.1
TRN07895,Transport,DES,modp6144(17),On,IPv6,email,878.7,8.7,0.5,0.22,156.2,Medium,5.2
TRN02715,Transport,AES-256-GCM,modp1024(2),On,IPv4,voip,118.2,37.7,875.1,0.14,97.7,Medium,6.9
TRN05771,Tunnel,AES-192,modp1024(2),On,IPv4,video_streaming,1558.9,109.2,257.8,0.68,204.0,Medium,4.2
TRN06983,Tunnel,3DES,modp3072(15),Off,IPv4,voip,138.8,46.3,153.8,0.13,152.6,Medium,5.3
TRN08384,Transport,AES-128,modp6144(17),On,IPv6,web_browsing,432.8,26.3,0.5,0.43,81.4,Strong,2.2
TRN03190,Tunnel,AES-192,modp6144(17),Off,IPv6,web_browsing,476.4,19.2,8.7,0.31,191.6,Strong,1.3
TRN08971,Tunnel,AES-192,modp6144(17),Off,IPv4,icmp,52.7,1.7,3.1,0.05,156.0,Strong,0.9
TRN04306,Tunnel,DES,modp2048(14),On,IPv4,dns_query,74.9,4.1,1.3,0.12,158.2,Weak,8.6
TRN00910,Tunnel,AES-128,modp3072(15),On,IPv6,video_streaming,818.6,94.3,218.4,0.62,168.1,Medium,6.0
TRN05386,Transport,DES,modp3072(15),On,IPv6,email,927.0,5.7,0.5,0.39,143.4,Medium,2.9
TRN07404,Transport,AES-256-GCM,modp768(1),Off,IPv4,web_browsing,389.9,16.7,24.4,0.67,182.6,Weak,8.9
TRN01867,Tunnel,AES-256-GCM,modp4096(16),On,IPv6,video_streaming,1052.0,87.8,0.5,0.44,205.1,Strong,2.0
TRN01843,Transport,AES-256,modp3072(15),On,IPv4,dns_query,90.6,4.2,0.5,0.09,94.0,Strong,1.6
TRN02498,Transport,AES-256,modp1536(5),On,IPv6,file_transfer,1436.8,104.2,229.0,0.75,125.1,Medium,5.4
TRN08010,Transport,3DES,modp6144(17),On,IPv4,dns_query,77.3,2.9,1.1,0.11,101.2,Medium,5.5
TRN06355,Tunnel,AES-128,modp4096(16),On,IPv4,icmp,54.0,2.4,7.9,0.05,90.8,Strong,1.5
TRN07717,Tunnel,AES-128,modp1536(5),On,IPv4,email,742.4,6.7,0.5,0.26,80.7,Medium,3.2
TRN05055,Tunnel,AES-192,modp1024(2),Off,IPv6,dns_query,94.1,3.0,0.5,0.07,176.0,Weak,8.7
TRN04007,Tunnel,AES-192,modp4096(16),Off,IPv6,file_transfer,1449.4,102.6,379.0,0.82,124.6,Medium,4.8
TRN02703,Transport,AES-256,modp2048(14),On,IPv4,dns_query,105.0,2.5,2.1,0.09,121.1,Medium,2.6
TRN08043,Tunnel,3DES,modp3072(15),Off,IPv4,email,779.7,6.2,0.5,0.27,64.8,Medium,2.9
TRN00332,Transport,DES,modp2048(14),On,IPv6,file_transfer,1342.7,132.3,193.3,0.96,133.3,Weak,8.6
TRN05749,Transport,AES-192,modp768(1),Off,IPv6,dns_query,66.8,2.2,2.2,0.07,221.1,Weak,8.0
TRN07925,Transport,AES-192,modp768(1),Off,IPv4,video_streaming,871.7,85.3,499.1,0.41,131.3,Weak,6.6
TRN06555,Transport,DES,modp768(1),Off,IPv6,email,527.5,5.7,0.5,0.34,266.6,Weak,7.3
TRN05776,Tunnel,3DES,modp3072(15),On,IPv4,icmp,54.5,2.8,0.5,0.08,150.9,Medium,4.5
TRN02460,Transport,AES-192,modp6144(17),Off,IPv4,dns_query,85.7,2.0,1.6,0.08,147.7,Strong,0.8
TRN01775,Transport,3DES,modp4096(16),On,IPv6,file_transfer,1372.2,123.0,0.5,0.87,155.7,Medium,2.9
TRN06109,Tunnel,DES,modp6144(17),Off,IPv6,dns_query,85.3,2.0,0.5,0.09,201.7,Medium,5.6
TRN06419,Transport,AES-128,modp768(1),On,IPv4,dns_query,78.2,3.8,1.8,0.15,182.0,Weak,8.1
TRN02687,Transport,DES,modp2048(14),Off,IPv4,email,1073.3,11.4,10.4,0.4,191.5,Weak,8.6
TRN08221,Transport,AES-256,modp768(1),On,IPv6,dns_query,76.2,3.3,0.5,0.1,177.9,Weak,8.8
TRN07950,Tunnel,AES-192,modp2048(14),Off,IPv6,voip,130.7,51.2,0.5,0.15,225.7,Medium,4.0
TRN05669,Transport,AES-192,modp2048(14),On,IPv6,web_browsing,399.8,12.6,0.5,0.76,131.5,Medium,4.1
TRN06839,Transport,AES-256-GCM,modp1536(5),On,IPv4,dns_query,79.9,3.9,2.5,0.16,70.9,Medium,6.2
TRN07203,Transport,3DES,modp3072(15),Off,IPv6,whatsapp_msg,97.5,9.1,0.5,0.32,135.5,Medium,5.5
TRN07543,Transport,AES-256-GCM,modp8192(21),Off,IPv4,email,859.8,14.4,3.3,0.28,203.0,Strong,1.8
TRN07483,Transport,DES,modp3072(15),On,IPv6,video_streaming,1124.5,94.9,734.1,0.78,88.4,Medium,4.2
TRN06994,Transport,AES-128,modp768(1),Off,IPv6,web_browsing,281.3,4.9,19.4,0.51,147.5,Weak,9.7
TRN07370,Tunnel,AES-256-GCM,modp3072(15),Off,IPv4,whatsapp_msg,171.8,5.1,4.9,0.26,98.8,Strong,2.7
TRN05463,Transport,AES-128,modp4096(16),Off,IPv4,icmp,70.1,1.0,0.5,0.06,228.3,Medium,3.9
TRN00174,Tunnel,AES-256-GCM,modp1536(5),On,IPv6,dns_query,54.5,1.4,0.5,0.09,126.0,Medium,6.1
TRN08715,Tunnel,AES-128,modp1536(5),Off,IPv6,dns_query,84.7,1.7,2.1,0.14,104.0,Weak,9.4
TRN04616,Transport,AES-256,modp4096(16),On,IPv4,video_streaming,1311.0,124.8,350.0,0.55,136.6,Strong,1.0
TRN03322,Transport,AES-256-GCM,modp4096(16),On,IPv4,email,559.4,6.7,0.5,0.3,186.2,Strong,1.8
TRN08664,Transport,DES,modp8192(21),Off,IPv4,file_transfer,1383.6,125.7,49.2,0.7,107.6,Medium,6.1
TRN03373,Transport,AES-256-GCM,modp6144(17),On,IPv4,file_transfer,1432.1,144.0,0.5,0.78,92.3,Strong,2.4
TRN03312,Tunnel,3DES,modp2048(14),On,IPv4,video_streaming,1179.9,117.0,0.5,0.51,141.3,Weak,8.5
TRN05868,Tunnel,AES-128,modp2048(14),On,IPv4,file_transfer,1413.6,123.0,38.3,0.89,122.6,Medium,4.1
TRN06099,Transport,DES,modp1536(5),On,IPv6,whatsapp_msg,143.3,5.9,0.5,0.28,159.2,Weak,9.0
TRN07670,Tunnel,DES,modp4096(16),On,IPv4,web_browsing,234.1,19.5,19.4,0.69,125.2,Medium,5.9
TRN06552,Tunnel,AES-256-GCM,modp768(1),Off,IPv6,video_streaming,918.8,64.2,617.1,0.51,202.1,Weak,8.6
TRN04680,Transport,3DES,modp6144(17),On,IPv4,web_browsing,461.8,20.2,44.1,0.46,160.6,Medium,4.5
TRN03404,Transport,3DES,modp1024(2),On,IPv6,video_streaming,1087.6,90.9,0.5,0.56,168.5,Weak,8.4
TRN00019,Tunnel,AES-256-GCM,modp1024(2),Off,IPv6,file_transfer,1461.9,95.3,74.9,0.79,140.5,Medium,4.2
TRN03692,Transport,AES-256,modp6144(17),Off,IPv4,email,601.6,6.6,0.5,0.34,175.4,Strong,2.1
TRN07397,Tunnel,AES-128,modp768(1),On,IPv4,email,627.5,10.7,1.0,0.32,81.8,Weak,8.7
TRN04097,Transport,AES-192,modp3072(15),Off,IPv4,web_browsing,289.0,10.4,25.7,0.61,228.1,Medium,3.9
TRN03629,Transport,3DES,modp3072(15),Off,IPv4,file_transfer,1494.4,134.0,139.8,0.83,122.3,Weak,10.0
TRN07748,Transport,DES,modp4096(16),Off,IPv4,file_transfer,1392.1,91.4,182.6,0.92,157.2,Weak,9.2
TRN02175,Transport,AES-256-GCM,modp1536(5),On,IPv4,voip,97.5,41.4,0.5,0.19,168.5,Medium,4.3
TRN01357,Tunnel,DES,modp8192(21),On,IPv4,whatsapp_msg,215.5,6.0,0.5,0.25,142.7,Medium,2.9
TRN05003,Tunnel,DES,modp6144(17),Off,IPv4,whatsapp_msg,198.0,10.2,6.5,0.25,220.1,Medium,3.1
TRN05940,Tunnel,AES-192,modp1024(2),On,IPv4,web_browsing,596.9,14.1,15.6,0.58,205.9,Weak,10.0
TRN08549,Transport,3DES,modp2048(14),Off,IPv6,email,490.9,6.3,13.5,0.5,172.6,Weak,8.0
TRN03113,Tunnel,AES-256-GCM,modp768(1),Off,IPv6,email,543.2,7.6,11.0,0.42,170.5,Medium,6.5
TRN00183,Transport,AES-256,modp3072(15),On,IPv4,whatsapp_msg,219.7,7.2,0.5,0.21,122.8,Strong,3.2
TRN07645,Tunnel,AES-192,modp1024(2),On,IPv6,dns_query,68.9,2.3,0.5,0.12,79.1,Weak,8.9
TRN07741,Tunnel,DES,modp768(1),On,IPv6,icmp,73.2,1.5,0.5,0.05,167.5,Weak,7.1
TRN01813,Tunnel,AES-192,modp1536(5),On,IPv6,video_streaming,1240.8,84.7,0.5,0.74,151.7,Medium,4.8
TRN06331,Transport,3DES,modp768(1),Off,IPv4,file_transfer,1382.1,120.1,82.2,0.8,114.7,Weak,9.1
TRN06993,Tunnel,AES-192,modp6144(17),Off,IPv4,email,769.5,7.6,0.5,0.22,196.7,Strong,2.5
TRN04913,Transport,3DES,modp2048(14),Off,IPv4,video_streaming,1325.3,80.9,1080.0,0.55,92.8,Weak,7.5
TRN07192,Transport,AES-256,modp1024(2),On,IPv4,email,287.7,7.9,0.5,0.19,116.2,Medium,5.4
TRN01801,Tunnel,AES-192,modp6144(17),Off,IPv4,icmp,59.1,1.9,2.8,0.02,104.9,Strong,0.7
TRN02430,Transport,AES-256,modp768(1),On,IPv4,file_transfer,1408.5,96.3,91.7,0.6,78.7,Weak,9.7
TRN05483,Transport,3DES,modp4096(16),Off,IPv6,file_transfer,1341.2,100.1,179.5,0.87,59.8,Medium,6.2
TRN07559,Tunnel,AES-192,modp1536(5),On,IPv4,video_streaming,992.0,118.0,643.7,0.59,229.6,Medium,5.9
TRN06033,Transport,DES,modp8192(21),On,IPv6,voip,110.4,36.4,43.0,0.18,171.6,Medium,4.6
TRN01969,Transport,AES-256-GCM,modp1024(2),Off,IPv4,voip,159.0,37.1,0.5,0.17,216.3,Medium,5.8
TRN06830,Transport,AES-256,modp1024(2),Off,IPv6,file_transfer,1396.0,147.0,305.4,0.86,99.5,Weak,8.6
TRN06536,Transport,DES,modp1024(2),Off,IPv4,file_transfer,1414.6,127.7,0.5,0.98,203.6,Weak,7.5
TRN06058,Tunnel,AES-256,modp1024(2),Off,IPv6,email,647.2,5.9,0.5,0.15,152.7,Medium,6.0
TRN04988,Transport,3DES,modp2048(14),Off,IPv4,email,737.3,11.0,2.6,0.27,149.8,Weak,7.8
TRN08778,Transport,AES-128,modp1024(2),Off,IPv4,icmp,67.6,1.4,7.9,0.07,164.9,Weak,9.0
TRN04651,Tunnel,AES-256,modp3072(15),Off,IPv4,web_browsing,564.8,19.7,48.2,0.5,144.3,Strong,3.3
TRN01160,Transport,AES-256,modp4096(16),Off,IPv4,web_browsing,273.6,17.4,12.1,0.65,184.4,Strong,3.0
TRN01214,Tunnel,3DES,modp2048(14),On,IPv4,voip,124.4,51.8,0.5,0.21,233.8,Medium,4.6
TRN05901,Transport,AES-256,modp6144(17),Off,IPv6,file_transfer,1425.9,94.5,391.7,0.84,131.2,Strong,2.5
TRN01326,Tunnel,AES-256-GCM,modp2048(14),On,IPv4,icmp,53.7,1.4,0.5,0.07,204.3,Strong,0.3
TRN06034,Tunnel,AES-128,modp4096(16),Off,IPv4,file_transfer,1412.7,128.5,0.5,0.79,176.7,Medium,3.5
TRN07530,Tunnel,AES-256,modp4096(16),On,IPv6,email,758.7,5.5,0.5,0.22,226.2,Strong,0.9
TRN04797,Tunnel,AES-192,modp4096(16),On,IPv4,whatsapp_msg,140.6,3.7,0.5,0.18,87.0,Strong,1.0
TRN01456,Transport,AES-256,modp2048(14),Off,IPv4,voip,134.9,33.1,330.1,0.24,175.3,Medium,5.3
TRN05411,Tunnel,DES,modp2048(14),Off,IPv6,dns_query,85.2,2.7,0.5,0.16,187.0,Weak,8.6
TRN05742,Tunnel,AES-256-GCM,modp8192(21),Off,IPv4,email,619.2,9.1,0.5,0.32,165.8,Strong,0.4
TRN06969,Transport,AES-256-GCM,modp6144(17),On,IPv4,video_streaming,1109.5,110.1,372.2,0.78,153.1,Strong,2.2
TRN04963,Transport,AES-256,modp8192(21),On,IPv6,video_streaming,1332.4,92.0,198.2,0.58,144.9,Strong,1.5
TRN07491,Tunnel,AES-128,modp1536(5),On,IPv4,icmp,77.7,2.5,3.9,0.03,135.3,Medium,5.7
TRN01645,Transport,AES-256-GCM,modp768(1),On,IPv6,file_transfer,1381.1,109.3,333.4,0.73,170.0,Medium,3.6
TRN02141,Transport,AES-256,modp6144(17),Off,IPv4,video_streaming,1221.8,62.3,0.5,0.49,97.0,Strong,0.6
TRN04537,Tunnel,AES-128,modp6144(17),Off,IPv6,voip,86.3,54.4,27.2,0.29,91.8,Medium,4.3
TRN04458,Transport,AES-192,modp8192(21),On,IPv6,voip,128.8,45.0,451.3,0.14,154.7,Strong,2.5
TRN07908,Tunnel,DES,modp6144(17),Off,IPv6,web_browsing,394.8,14.3,29.3,0.5,156.7,Medium,5.9
TRN05587,Transport,DES,modp3072(15),On,IPv4,video_streaming,887.3,77.4,822.1,0.57,193.3,Weak,10.0
TRN04379,Transport,AES-256-GCM,modp768(1),On,IPv4,video_streaming,1246.1,61.7,196.1,0.46,100.0,Medium,6.1
TRN00730,Tunnel,AES-256-GCM,modp4096(16),On,IPv6,icmp,58.4,2.1,0.5,0.04,154.5,Strong,2.8
TRN04358,Transport,DES,modp6144(17),On,IPv4,icmp,74.9,1.3,1.5,0.05,143.7,Medium,2.4
TRN08275,Tunnel,3DES,modp3072(15),Off,IPv4,email,738.5,3.5,0.5,0.24,204.0,Medium,5.8
TRN01937,Tunnel,AES-192,modp768(1),On,IPv6,video_streaming,1196.7,81.0,935.4,0.74,167.3,Weak,9.6
TRN03794,Tunnel,3DES,modp1024(2),Off,IPv6,video_streaming,1176.2,95.9,51.1,0.65,150.4,Weak,10.0
TRN03737,Tunnel,AES-128,modp4096(16),On,IPv6,whatsapp_msg,136.1,7.3,0.5,0.14,180.6,Strong,0.3
TRN02262,Tunnel,AES-256,modp1536(5),On,IPv6,web_browsing,550.4,16.3,0.7,0.39,209.6,Medium,6.3
TRN06995,Transport,AES-256-GCM,modp4096(16),On,IPv4,whatsapp_msg,186.2,8.8,2.4,0.2,108.9,Strong,3.5
TRN01111,Transport,AES-256-GCM,modp1024(2),Off,IPv6,web_browsing,394.0,16.7,0.5,0.58,160.8,Medium,2.7
TRN07953,Transport,AES-192,modp8192(21),On,IPv4,voip,108.9,38.6,38.0,0.16,252.7,Strong,3.1
TRN05481,Tunnel,AES-256-GCM,modp8192(21),Off,IPv4,file_transfer,1351.9,95.3,0.5,0.74,182.2,Strong,0.3
TRN02999,Transport,AES-256-GCM,modp1536(5),On,IPv4,voip,123.2,60.9,0.5,0.13,114.5,Medium,6.3
TRN02395,Tunnel,DES,modp3072(15),On,IPv6,icmp,72.2,1.3,0.5,0.01,68.4,Medium,4.6
TRN01186,Transport,AES-192,modp1536(5),Off,IPv4,file_transfer,1439.3,137.6,24.0,0.88,142.4,Medium,2.2
TRN02008,Tunnel,DES,modp1536(5),Off,IPv6,email,459.2,8.9,31.4,0.39,126.5,Weak,9.6
TRN00194,Tunnel,3DES,modp4096(16),On,IPv6,dns_query,77.3,4.7,0.5,0.08,104.4,Medium,5.4
TRN05612,Tunnel,3DES,modp8192(21),Off,IPv6,video_streaming,1193.5,58.0,1079.3,0.69,79.7,Medium,3.5
TRN07820,Tunnel,AES-256-GCM,modp1024(2),Off,IPv6,dns_query,70.1,2.4,0.5,0.09,142.3,Medium,4.4
TRN00579,Tunnel,3DES,modp768(1),On,IPv6,video_streaming,1259.5,76.7,734.8,0.58,133.1,Weak,7.4
TRN05526,Tunnel,DES,modp6144(17),Off,IPv4,file_transfer,1438.7,121.5,0.5,0.86,127.8,Medium,3.7
TRN00772,Transport,AES-256-GCM,modp1024(2),On,IPv6,whatsapp_msg,92.4,2.3,0.5,0.31,243.7,Medium,4.7
TRN02396,Transport,DES,modp3072(15),On,IPv4,file_transfer,1420.0,103.5,114.9,0.9,203.8,Medium,5.0
TRN01479,Transport,DES,modp4096(16),Off,IPv4,voip,144.2,43.4,108.1,0.27,119.1,Weak,9.1
TRN01847,Transport,AES-192,modp768(1),Off,IPv6,icmp,65.7,2.7,25.3,0.04,172.8,Weak,6.1
TRN08181,Tunnel,AES-256,modp1536(5),On,IPv4,icmp,63.2,2.6,10.1,0.04,181.4,Medium,4.2
TRN04275,Tunnel,AES-256-GCM,modp8192(21),Off,IPv6,whatsapp_msg,183.6,7.8,0.5,0.27,97.8,Strong,1.9
TRN03741,Tunnel,AES-128,modp768(1),On,IPv6,icmp,54.2,2.0,3.6,0.02,87.6,Weak,7.5
TRN04601,Tunnel,AES-192,modp768(1),Off,IPv6,web_browsing,425.5,16.5,35.4,0.51,179.3,Weak,7.7
TRN08671,Transport,3DES,modp8192(21),On,IPv6,whatsapp_msg,129.1,5.6,0.5,0.14,167.5,Strong,1.9
TRN06523,Transport,AES-128,modp1536(5),On,IPv4,whatsapp_msg,83.3,7.3,0.5,0.25,95.8,Weak,7.4
TRN04916,Transport,AES-192,modp3072(15),On,IPv4,icmp,65.3,1.5,0.5,0.06,110.9,Strong,1.2
TRN02074,Tunnel,AES-256-GCM,modp3072(15),On,IPv6,video_streaming,1302.2,90.2,330.4,0.63,184.2,Strong,2.9
TRN04755,Transport,3DES,modp8192(21),Off,IPv4,file_transfer,1307.2,128.8,176.4,0.82,116.9,Medium,5.6
TRN01897,Tunnel,3DES,modp1024(2),On,IPv4,voip,140.4,45.7,42.3,0.17,110.0,Weak,9.7
TRN07211,Transport,AES-256-GCM,modp2048(14),Off,IPv6,email,564.6,8.9,0.5,0.17,137.2,Strong,1.0
TRN03660,Tunnel,AES-256-GCM,modp3072(15),Off,IPv6,icmp,53.3,2.8,4.3,0.06,167.1,Strong,2.2
TRN02380,Transport,AES-192,modp768(1),On,IPv4,icmp,63.1,2.3,0.5,0.06,188.6,Weak,8.1
TRN01448,Tunnel,AES-128,modp1536(5),On,IPv6,email,659.3,9.5,2.5,0.21,180.0,Weak,9.7
TRN00343,Transport,AES-192,modp3072(15),On,IPv4,icmp,68.0,2.4,12.6,0.07,207.2,Strong,2.2
TRN05128,Tunnel,AES-192,modp6144(17),On,IPv4,web_browsing,384.2,8.9,1.8,0.46,128.2,Strong,2.5
TRN03137,Transport,3DES,modp8192(21),Off,IPv6,file_transfer,1398.5,140.6,0.5,0.79,195.6,Medium,4.9
TRN02528,Transport,AES-256-GCM,modp4096(16),Off,IPv6,whatsapp_msg,181.4,6.6,7.6,0.18,181.4,Strong,0.9
TRN00728,Tunnel,3DES,modp8192(21),On,IPv6,icmp,75.0,1.4,4.0,0.06,155.0,Strong,2.3
TRN04578,Transport,3DES,modp6144(17),On,IPv4,video_streaming,1226.0,109.1,0.5,0.43,144.5,Medium,4.2
TRN00977,Tunnel,AES-128,modp4096(16),Off,IPv4,video_streaming,1323.4,117.0,0.5,0.68,206.7,Medium,5.3
TRN06914,Transport,AES-128,modp1536(5),On,IPv4,video_streaming,1339.8,103.2,0.5,0.49,183.5,Weak,8.6
TRN08053,Tunnel,AES-256-GCM,modp1024(2),Off,IPv6,icmp,72.6,2.7,0.5,0.06,138.4,Medium,3.1
TRN03517,Tunnel,AES-192,modp8192(21),On,IPv4,video_streaming,1143.2,86.2,0.5,0.54,131.1,Strong,1.9
TRN07761,Transport,AES-192,modp4096(16),Off,IPv6,email,1228.6,1.4,1.0,0.4,177.2,Strong,0.3
TRN08807,Transport,DES,modp4096(16),Off,IPv4,icmp,72.9,1.5,0.5,0.03,74.9,Medium,4.3
TRN03941,Transport,AES-192,modp6144(17),Off,IPv6,file_transfer,1425.8,113.5,0.5,1.0,113.5,Strong,1.5
TRN01300,Tunnel,AES-128,modp3072(15),On,IPv6,voip,120.1,42.5,0.5,0.13,145.2,Medium,4.2
TRN08786,Transport,AES-192,modp3072(15),Off,IPv6,web_browsing,414.5,21.9,37.8,0.35,137.8,Medium,4.7
TRN01349,Transport,3DES,modp8192(21),Off,IPv6,email,800.6,8.4,0.5,0.24,164.2,Medium,3.3
TRN00661,Tunnel,DES,modp2048(14),On,IPv4,icmp,62.0,2.1,0.5,0.03,200.1,Weak,8.6
TRN01493,Tunnel,3DES,modp8192(21),Off,IPv6,icmp,66.0,1.9,0.5,0.02,124.4,Medium,4.1
TRN06605,Transport,DES,modp768(1),Off,IPv6,dns_query,66.0,1.3,2.5,0.08,118.7,Weak,8.6
TRN06823,Tunnel,3DES,modp6144(17),Off,IPv4,web_browsing,456.9,28.1,15.2,0.8,194.0,Medium,6.4
TRN07839,Tunnel,DES,modp4096(16),On,IPv6,video_streaming,1377.4,88.6,0.5,0.57,170.0,Medium,3.8
TRN05155,Tunnel,DES,modp768(1),Off,IPv6,video_streaming,1447.4,71.4,0.5,0.5,172.4,Weak,8.1
TRN02316,Transport,3DES,modp8192(21),Off,IPv4,whatsapp_msg,78.6,5.5,6.5,0.3,219.2,Medium,4.8
TRN08649,Tunnel,AES-256,modp2048(14),Off,IPv4,email,479.8,3.3,12.6,0.31,206.1,Medium,5.0
TRN08616,Transport,AES-192,modp3072(15),On,IPv4,dns_query,89.6,3.2,0.5,0.13,51.1,Strong,0.3
TRN01086,Transport,AES-256,modp1536(5),On,IPv4,icmp,65.6,2.1,9.7,0.03,177.2,Medium,3.3
TRN02525,Tunnel,AES-192,modp1536(5),On,IPv4,voip,140.2,38.4,0.5,0.15,124.7,Medium,5.6
TRN07073,Tunnel,AES-192,modp1536(5),Off,IPv6,email,723.9,8.4,13.3,0.31,218.0,Medium,6.1
TRN05375,Tunnel,AES-128,modp1024(2),On,IPv6,file_transfer,1359.3,105.9,153.1,0.9,196.6,Weak,9.2
TRN03199,Tunnel,AES-128,modp1536(5),Off,IPv4,web_browsing,362.8,14.1,0.5,0.63,146.5,Weak,6.6
TRN07592,Transport,AES-192,modp768(1),Off,IPv4,icmp,87.4,1.8,0.5,0.07,143.0,Weak,9.2
TRN08682,Transport,DES,modp768(1),On,IPv6,whatsapp_msg,140.7,5.2,0.5,0.28,89.8,Weak,8.5
TRN00068,Transport,AES-128,modp768(1),Off,IPv4,icmp,67.9,1.9,18.3,0.04,152.4,Weak,7.4
TRN07779,Transport,DES,modp1024(2),On,IPv6,icmp,68.3,2.3,0.5,0.0,118.6,Weak,7.6
TRN02270,Transport,DES,modp1024(2),Off,IPv4,web_browsing,343.7,7.5,0.5,0.46,114.8,Weak,9.1
TRN06922,Tunnel,AES-256-GCM,modp1024(2),On,IPv4,web_browsing,476.5,8.2,17.3,0.37,130.0,Medium,4.8
TRN05904,Tunnel,3DES,modp3072(15),On,IPv6,email,646.2,6.2,0.5,0.19,206.8,Medium,5.5
TRN07710,Tunnel,3DES,modp3072(15),On,IPv4,email,624.5,4.1,4.0,0.23,184.4,Medium,3.4
TRN08154,Transport,DES,modp1024(2),Off,IPv4,dns_query,86.6,3.2,0.5,0.16,208.2,Weak,7.4
TRN05323,Tunnel,DES,modp4096(16),Off,IPv4,video_streaming,1184.5,108.8,546.9,0.52,122.2,Weak,8.2
TRN03448,Transport,3DES,modp1024(2),On,IPv6,icmp,68.7,1.7,15.1,0.05,205.9,Weak,6.7
TRN02368,Tunnel,AES-256-GCM,modp8192(21),Off,IPv4,icmp,73.8,1.2,10.1,0.07,181.2,Strong,3.0
TRN05821,Transport,AES-192,modp1536(5),On,IPv4,file_transfer,1460.5,120.5,208.3,0.83,153.0,Medium,4.9
TRN06557,Tunnel,AES-192,modp2048(14),On,IPv4,whatsapp_msg,50.1,6.1,3.8,0.18,205.6,Medium,3.4
TRN02513,Transport,AES-128,modp6144(17),Off,IPv4,file_transfer,1343.1,89.7,0.5,1.0,190.2,Medium,2.9
TRN02724,Transport,DES,modp3072(15),On,IPv4,voip,92.4,49.7,93.1,0.32,108.4,Weak,9.5
TRN08254,Tunnel,AES-256-GCM,modp6144(17),On,IPv6,icmp,66.9,2.7,10.6,0.05,178.6,Strong,2.5
TRN07248,Tunnel,AES-256-GCM,modp1536(5),Off,IPv6,whatsapp_msg,231.2,7.6,3.4,0.23,156.8,Medium,5.6
TRN01144,Tunnel,3DES,modp6144(17),On,IPv4,file_transfer,1373.0,109.6,58.9,0.79,217.5,Medium,6.4
TRN08759,Transport,DES,modp3072(15),Off,IPv4,video_streaming,998.7,113.5,0.5,0.41,182.0,Weak,7.3
TRN05814,Transport,AES-128,modp1024(2),Off,IPv6,dns_query,98.5,2.4,2.7,0.06,129.5,Weak,9.8
TRN08261,Tunnel,3DES,modp4096(16),Off,IPv6,file_transfer,1399.8,121.0,0.5,0.85,52.6,Medium,4.4
TRN08288,Transport,AES-256,modp6144(17),On,IPv6,whatsapp_msg,167.2,6.5,0.5,0.15,81.7,Strong,2.3
TRN04729,Tunnel,AES-128,modp1024(2),On,IPv4,dns_query,55.6,4.8,0.5,0.14,158.8,Weak,8.3
TRN05495,Tunnel,DES,modp4096(16),On,IPv6,voip,118.2,38.6,0.5,0.16,128.1,Medium,3.0
TRN07535,Tunnel,AES-128,modp1024(2),Off,IPv6,video_streaming,1167.3,73.3,0.5,0.54,212.1,Weak,8.3
TRN03790,Transport,AES-128,modp8192(21),Off,IPv4,icmp,65.9,2.0,9.8,0.04,157.2,Strong,2.1
TRN02221,Tunnel,DES,modp1024(2),Off,IPv6,file_transfer,1419.0,116.6,169.2,0.76,169.8,Weak,7.5
TRN05076,Tunnel,AES-256,modp1536(5),Off,IPv4,web_browsing,379.1,15.5,0.5,0.64,148.8,Medium,5.2
TRN02332,Tunnel,3DES,modp2048(14),On,IPv4,video_streaming,911.5,79.6,0.5,0.5,156.0,Medium,4.3
TRN05395,Tunnel,3DES,modp4096(16),On,IPv4,file_transfer,1365.8,111.3,0.5,0.86,76.6,Medium,5.3
TRN05974,Tunnel,DES,modp8192(21),Off,IPv6,whatsapp_msg,99.7,6.8,1.1,0.35,237.2,Medium,4.9
TRN06482,Tunnel,AES-256,modp3072(15),On,IPv6,whatsapp_msg,142.1,1.7,2.0,0.3,133.3,Strong,2.4
TRN08398,Transport,3DES,modp4096(16),On,IPv6,email,654.2,11.9,0.5,0.0,141.0,Medium,7.4
TRN04089,Transport,AES-256-GCM,modp4096(16),On,IPv6,icmp,68.0,2.1,0.5,0.05,141.1,Strong,1.3
TRN01968,Tunnel,AES-256,modp6144(17),On,IPv4,web_browsing,543.2,16.3,21.2,0.66,114.9,Strong,2.2
TRN07972,Tunnel,3DES,modp768(1),On,IPv4,web_browsing,578.4,6.7,0.5,0.6,163.1,Weak,6.5
TRN07655,Tunnel,AES-256,modp768(1),Off,IPv4,video_streaming,1172.9,113.5,186.7,0.39,194.5,Weak,8.3
TRN08624,Tunnel,DES,modp3072(15),On,IPv6,icmp,82.7,1.8,0.5,0.06,221.3,Weak,8.9
TRN04366,Tunnel,3DES,modp1536(5),On,IPv4,whatsapp_msg,74.2,5.3,8.0,0.25,181.0,Weak,8.3
TRN00424,Tunnel,3DES,modp8192(21),On,IPv4,icmp,57.5,2.2,8.5,0.03,117.4,Strong,0.3
TRN00281,Tunnel,3DES,modp2048(14),On,IPv6,whatsapp_msg,105.1,7.3,13.6,0.37,170.7,Weak,7.8
TRN01905,Transport,AES-128,modp1024(2),Off,IPv6,video_streaming,1315.7,113.6,270.5,0.51,108.0,Weak,8.5
TRN00596,Transport,3DES,modp3072(15),On,IPv6,email,741.3,12.1,3.9,0.3,171.9,Medium,5.1
TRN07251,Transport,AES-256,modp1024(2),Off,IPv6,whatsapp_msg,186.2,5.1,3.8,0.25,61.3,Weak,8.0
TRN03918,Tunnel,AES-256,modp2048(14),Off,IPv6,file_transfer,1330.9,101.4,0.5,0.85,90.2,Medium,2.2
TRN05662,Transport,AES-256,modp4096(16),On,IPv4,whatsapp_msg,129.9,7.2,7.3,0.26,124.2,Strong,0.8
TRN03619,Tunnel,3DES,modp4096(16),Off,IPv4,email,386.2,6.6,23.1,0.49,211.2,Medium,5.0
TRN00840,Transport,3DES,modp768(1),On,IPv6,dns_query,88.3,2.2,0.5,0.11,181.4,Weak,7.5
TRN04597,Transport,AES-256-GCM,modp8192(21),Off,IPv6,web_browsing,264.4,16.9,0.5,0.64,186.4,Strong,1.3
TRN06023,Tunnel,DES,modp6144(17),Off,IPv6,web_browsing,551.9,12.1,0.5,0.24,186.7,Medium,4.4
TRN00142,Transport,3DES,modp4096(16),On,IPv4,voip,139.0,41.8,367.9,0.12,154.1,Medium,4.8
TRN08077,Transport,DES,modp8192(21),On,IPv4,email,511.4,5.9,0.5,0.22,197.1,Medium,5.7
TRN01378,Tunnel,AES-256,modp8192(21),On,IPv6,video_streaming,1137.3,93.3,742.8,0.66,69.3,Strong,1.9
TRN03675,Transport,AES-256,modp2048(14),Off,IPv4,file_transfer,1386.1,135.0,0.5,0.82,91.7,Medium,4.7
TRN07612,Transport,AES-256-GCM,modp768(1),Off,IPv4,file_transfer,1464.8,142.4,313.8,0.78,203.9,Weak,7.7
TRN08904,Tunnel,DES,modp4096(16),On,IPv6,email,494.4,12.4,4.3,0.28,118.0,Medium,2.8
TRN04742,Tunnel,AES-256,modp4096(16),On,IPv6,web_browsing,456.4,19.2,16.9,0.58,119.7,Strong,0.3
TRN03809,Tunnel,3DES,modp6144(17),On,IPv4,email,581.6,6.5,13.5,0.23,178.4,Medium,3.1
TRN01139,Transport,AES-256,modp4096(16),On,IPv6,dns_query,85.4,1.9,4.9,0.15,93.9,Strong,0.9
TRN02258,Transport,DES,modp3072(15),On,IPv4,voip,120.5,44.6,32.5,0.27,109.1,Medium,5.9
TRN06326,Transport,AES-128,modp6144(17),Off,IPv4,video_streaming,1147.5,67.4,0.5,0.5,293.6,Medium,4.8
TRN01788,Transport,3DES,modp3072(15),On,IPv4,dns_query,94.9,3.7,1.0,0.08,150.3,Medium,4.8
TRN03939,Tunnel,DES,modp768(1),Off,IPv6,whatsapp_msg,198.3,4.3,10.3,0.31,92.7,Weak,9.0
TRN06351,Transport,AES-128,modp3072(15),Off,IPv6,file_transfer,1413.8,112.1,226.4,0.89,109.9,Medium,4.4
TRN04647,Tunnel,AES-256-GCM,modp4096(16),On,IPv6,video_streaming,1291.6,65.2,999.2,0.65,255.7,Strong,1.1
TRN00460,Tunnel,AES-192,modp2048(14),On,IPv6,web_browsing,491.8,15.6,33.1,0.82,135.3,Medium,4.8
TRN08584,Transport,AES-128,modp6144(17),On,IPv6,whatsapp_msg,142.6,1.3,12.3,0.07,130.6,Strong,2.3
TRN00949,Transport,AES-192,modp6144(17),Off,IPv4,whatsapp_msg,207.2,5.0,7.5,0.28,181.7,Strong,1.3
TRN03701,Tunnel,AES-192,modp2048(14),Off,IPv6,voip,113.3,44.4,233.2,0.26,119.7,Medium,2.2
TRN01337,Transport,AES-192,modp6144(17),Off,IPv6,dns_query,49.1,2.7,0.5,0.09,157.9,Strong,3.5
TRN04629,Tunnel,AES-192,modp2048(14),Off,IPv4,icmp,65.2,2.4,0.5,0.05,181.8,Medium,6.1
TRN07792,Transport,3DES,modp1536(5),Off,IPv4,voip,105.9,42.4,0.5,0.2,180.3,Weak,9.5
TRN01603,Transport,AES-128,modp2048(14),Off,IPv6,email,663.6,10.8,0.5,0.33,195.0,Medium,7.3
TRN02239,Transport,AES-192,modp1536(5),On,IPv4,email,648.1,8.2,12.6,0.26,180.8,Medium,3.8
TRN00640,Tunnel,AES-192,modp8192(21),Off,IPv6,video_streaming,1253.4,100.3,0.5,0.65,116.8,Strong,0.7
TRN08837,Transport,3DES,modp2048(14),Off,IPv4,file_transfer,1391.0,96.7,0.5,0.86,173.8,Weak,6.9
TRN03831,Tunnel,AES-128,modp2048(14),Off,IPv4,voip,122.6,50.9,306.5,0.25,197.2,Medium,6.0
TRN08453,Tunnel,3DES,modp1024(2),On,IPv4,web_browsing,238.1,9.1,0.5,0.37,118.2,Weak,7.3
TRN06418,Transport,AES-128,modp6144(17),Off,IPv6,icmp,63.9,2.3,10.1,0.02,111.9,Medium,5.7
TRN08861,Tunnel,3DES,modp6144(17),On,IPv4,web_browsing,415.2,18.9,14.7,0.35,158.2,Medium,5.3
TRN01959,Transport,AES-192,modp1536(5),Off,IPv4,dns_query,83.0,3.0,2.2,0.06,208.1,Medium,4.4
TRN01071,Transport,DES,modp2048(14),On,IPv4,voip,123.0,45.1,131.5,0.26,164.8,Weak,8.5
TRN00156,Tunnel,AES-192,modp4096(16),On,IPv4,web_browsing,382.2,19.0,13.3,0.52,238.2,Strong,2.8
TRN02296,Transport,AES-256,modp768(1),On,IPv6,file_transfer,1430.2,109.5,288.2,0.72,129.1,Medium,5.1
TRN06253,Tunnel,AES-128,modp3072(15),On,IPv4,web_browsing,500.4,12.9,0.5,0.44,64.0,Medium,4.3
TRN04579,Transport,3DES,modp3072(15),Off,IPv6,email,118.2,8.2,11.1,0.18,157.8,Weak,9.2
TRN01090,Tunnel,AES-128,modp768(1),On,IPv6,whatsapp_msg,139.8,9.9,1.9,0.25,152.1,Weak,9.2
TRN02941,Tunnel,AES-256,modp3072(15),On,IPv6,icmp,63.6,1.8,10.7,0.05,192.8,Strong,2.3
TRN00724,Tunnel,AES-256-GCM,modp2048(14),On,IPv6,whatsapp_msg,125.4,4.3,16.8,0.26,98.7,Strong,2.2
TRN04385,Tunnel,DES,modp4096(16),Off,IPv6,dns_query,54.6,4.1,5.2,0.07,161.3,Weak,8.4
TRN00931,Transport,AES-256,modp768(1),Off,IPv6,video_streaming,1111.7,104.7,1567.3,0.75,207.2,Weak,6.7
TRN02910,Transport,DES,modp6144(17),Off,IPv4,whatsapp_msg,205.2,5.5,0.5,0.23,217.0,Medium,5.5
TRN06310,Tunnel,DES,modp4096(16),Off,IPv4,web_browsing,379.9,12.1,18.0,0.53,155.8,Weak,9.4
TRN00896,Transport,AES-192,modp8192(21),On,IPv4,dns_query,80.4,2.8,2.2,0.09,72.0,Strong,2.2
TRN03248,Transport,DES,modp8192(21),Off,IPv6,dns_query,77.6,5.2,2.8,0.1,121.6,Medium,4.9
TRN02327,Transport,AES-256-GCM,modp1024(2),On,IPv4,email,195.5,6.8,0.5,0.33,197.6,Medium,5.7
TRN07496,Tunnel,3DES,modp2048(14),Off,IPv6,whatsapp_msg,182.0,6.4,0.5,0.27,183.0,Weak,9.3
TRN06847,Tunnel,DES,modp3072(15),Off,IPv6,dns_query,110.7,3.3,3.6,0.14,139.9,Weak,7.6
TRN07181,Transport,AES-128,modp1536(5),Off,IPv6,file_transfer,1418.7,100.5,225.1,0.86,95.2,Weak,10.0
TRN05039,Transport,AES-256,modp1536(5),On,IPv6,email,652.1,13.5,0.5,0.36,100.8,Medium,5.7
TRN04137,Tunnel,DES,modp2048(14),On,IPv6,email,560.2,3.2,12.9,0.13,175.1,Weak,9.6
TRN08315,Transport,AES-128,modp2048(14),On,IPv4,voip,123.6,45.1,34.7,0.19,119.5,Medium,5.3
TRN01716,Transport,AES-256-GCM,modp1536(5),On,IPv4,file_transfer,1431.2,107.2,117.9,0.97,118.7,Medium,5.3
TRN01699,Transport,AES-192,modp1536(5),Off,IPv4,voip,130.7,39.5,73.7,0.17,156.3,Medium,5.2
TRN08721,Transport,DES,modp1024(2),Off,IPv6,web_browsing,379.3,12.4,9.0,0.58,227.3,Weak,7.0
TRN08591,Transport,3DES,modp1024(2),On,IPv6,web_browsing,334.3,4.7,71.6,0.62,99.5,Weak,8.1
TRN08974,Tunnel,AES-128,modp4096(16),On,IPv6,web_browsing,280.2,2.5,25.6,0.3,158.3,Medium,5.2
TRN06633,Transport,AES-192,modp3072(15),On,IPv4,icmp,67.9,2.0,10.9,0.01,147.5,Medium,3.3
TRN03832,Transport,3DES,modp6144(17),On,IPv6,whatsapp_msg,151.6,7.0,7.5,0.31,244.5,Medium,4.8
TRN03349,Tunnel,DES,modp8192(21),On,IPv6,whatsapp_msg,145.4,4.3,22.8,0.35,127.6,Medium,3.2
TRN08564,Transport,AES-192,modp2048(14),On,IPv6,file_transfer,1385.0,147.1,158.7,0.79,224.4,Medium,4.7
TRN00986,Transport,AES-256-GCM,modp1536(5),On,IPv4,dns_query,99.9,1.9,2.2,0.15,117.6,Medium,3.8
TRN01822,Transport,AES-128,modp768(1),Off,IPv4,voip,115.3,52.3,0.5,0.11,206.8,Weak,10.0
TRN04572,Tunnel,AES-128,modp1024(2),Off,IPv6,voip,141.7,59.1,0.5,0.22,175.2,Weak,8.0
TRN00588,Tunnel,3DES,modp1024(2),On,IPv6,dns_query,72.5,1.7,0.5,0.08,164.7,Weak,7.8
TRN08779,Transport,3DES,modp6144(17),Off,IPv4,video_streaming,1162.6,91.8,0.5,0.67,154.5,Medium,5.2
TRN05078,Transport,AES-256,modp3072(15),On,IPv4,email,911.6,13.0,2.7,0.31,147.7,Strong,1.3
TRN06539,Transport,3DES,modp8192(21),On,IPv4,whatsapp_msg,169.5,7.9,0.5,0.25,101.2,Strong,0.9
TRN06808,Tunnel,AES-256,modp6144(17),Off,IPv6,video_streaming,1099.4,103.2,0.5,0.62,148.1,Strong,1.5
TRN08568,Tunnel,AES-256-GCM,modp2048(14),Off,IPv4,file_transfer,1455.1,81.9,0.5,0.64,71.8,Strong,2.8
TRN08970,Tunnel,3DES,modp1536(5),On,IPv4,web_browsing,522.2,16.8,39.6,0.5,90.2,Weak,9.1
TRN05484,Tunnel,DES,modp1024(2),Off,IPv6,video_streaming,880.8,90.2,261.4,0.54,120.7,Weak,9.6
TRN06228,Tunnel,AES-128,modp8192(21),Off,IPv4,voip,107.2,37.2,365.9,0.16,167.5,Strong,1.5
TRN08327,Tunnel,3DES,modp6144(17),On,IPv6,icmp,63.2,1.7,12.5,0.05,189.0,Medium,4.6
TRN05515,Tunnel,3DES,modp2048(14),Off,IPv4,whatsapp_msg,134.9,9.1,0.5,0.07,160.1,Weak,7.6
TRN07765,Transport,AES-256,modp3072(15),On,IPv6,email,703.4,11.2,12.9,0.47,150.3,Strong,2.7
TRN05554,Transport,AES-128,modp768(1),Off,IPv4,dns_query,87.6,1.2,1.8,0.12,187.8,Weak,7.9
TRN03558,Transport,AES-192,modp6144(17),Off,IPv4,voip,106.1,18.9,236.5,0.2,138.6,Strong,1.0
TRN01396,Transport,AES-192,modp6144(17),Off,IPv6,dns_query,94.3,2.7,2.7,0.14,85.6,Strong,2.5
TRN00265,Transport,AES-256-GCM,modp8192(21),Off,IPv4,icmp,69.2,2.3,2.0,0.07,206.9,Strong,1.2
TRN03548,Transport,AES-256,modp1536(5),On,IPv4,voip,133.9,36.1,50.3,0.24,167.7,Medium,4.6
TRN06135,Tunnel,AES-256,modp8192(21),On,IPv6,file_transfer,1316.9,139.9,527.3,0.8,103.7,Strong,1.7
TRN03070,Transport,AES-256,modp768(1),On,IPv4,file_transfer,1428.0,126.7,0.5,0.93,154.5,Weak,8.7
TRN05026,Tunnel,AES-128,modp2048(14),Off,IPv6,file_transfer,1417.9,114.7,0.5,0.64,193.3,Medium,2.4
TRN06924,Transport,AES-256-GCM,modp3072(15),Off,IPv4,web_browsing,458.1,13.0,43.5,0.58,162.9,Strong,2.7
TRN03865,Tunnel,AES-256,modp2048(14),Off,IPv4,voip,113.9,47.7,101.0,0.19,199.6,Medium,4.4
TRN08120,Transport,AES-128,modp2048(14),Off,IPv4,dns_query,56.4,3.1,2.3,0.17,108.2,Medium,5.1
TRN02401,Transport,AES-128,modp3072(15),Off,IPv4,file_transfer,1397.7,93.1,0.5,0.83,163.6,Medium,4.2
TRN07085,Tunnel,3DES,modp3072(15),On,IPv4,email,611.3,1.8,0.5,0.27,124.9,Medium,5.4
TRN03712,Transport,3DES,modp8192(21),On,IPv6,video_streaming,1252.3,94.7,0.5,0.73,137.8,Medium,3.1
TRN00247,Tunnel,DES,modp2048(14),On,IPv4,email,384.3,12.2,0.5,0.3,213.2,Weak,6.9
TRN01595,Transport,3DES,modp1024(2),Off,IPv6,voip,129.7,55.7,553.6,0.13,109.7,Weak,8.1
TRN01530,Transport,DES,modp2048(14),On,IPv6,icmp,67.0,2.0,0.5,0.1,206.6,Weak,7.4
TRN06632,Transport,3DES,modp3072(15),Off,IPv6,video_streaming,1138.7,95.2,1144.2,0.7,55.7,Weak,9.4
TRN00924,Transport,AES-128,modp3072(15),Off,IPv6,voip,95.7,52.6,39.1,0.2,125.8,Medium,3.5
TRN06069,Transport,3DES,modp2048(14),Off,IPv4,web_browsing,461.9,12.0,34.0,0.52,225.7,Weak,8.3
TRN04365,Transport,DES,modp8192(21),On,IPv4,dns_query,58.7,3.7,3.0,0.08,167.4,Medium,5.3
TRN00670,Tunnel,AES-256,modp8192(21),Off,IPv6,voip,119.6,46.2,147.5,0.24,147.4,Strong,1.7
TRN03605,Tunnel,AES-192,modp4096(16),Off,IPv4,whatsapp_msg,223.8,4.1,0.5,0.23,169.4,Medium,2.4
TRN05109,Transport,AES-256,modp8192(21),On,IPv6,video_streaming,1092.9,84.9,0.5,0.58,150.7,Strong,1.0
TRN01911,Transport,AES-256,modp8192(21),Off,IPv6,whatsapp_msg,185.5,6.2,0.5,0.23,184.7,Strong,0.5
TRN06836,Transport,AES-192,modp1536(5),On,IPv4,dns_query,84.2,2.0,0.5,0.09,185.8,Medium,5.0
TRN05249,Tunnel,AES-128,modp1024(2),Off,IPv4,email,532.7,8.3,0.5,0.3,123.0,Weak,8.0
TRN03959,Tunnel,AES-192,modp768(1),On,IPv4,icmp,63.8,2.3,0.5,0.05,99.3,Weak,8.1
TRN05644,Tunnel,3DES,modp8192(21),On,IPv4,icmp,55.2,1.5,4.6,0.09,127.2,Strong,1.6
TRN02697,Transport,AES-128,modp768(1),Off,IPv6,video_streaming,1245.8,95.6,138.9,0.53,161.5,Weak,10.0
TRN02592,Transport,AES-128,modp1536(5),Off,IPv4,video_streaming,1192.6,68.0,484.8,0.57,145.7,Weak,9.0
TRN01782,Transport,AES-128,modp4096(16),On,IPv4,email,506.3,8.3,17.3,0.31,180.2,Strong,1.6
TRN03014,Transport,AES-128,modp2048(14),Off,IPv4,dns_query,70.2,4.9,0.5,0.1,141.6,Medium,4.6
TRN02308,Transport,DES,modp8192(21),On,IPv4,web_browsing,480.5,14.5,12.7,0.4,208.1,Medium,6.5
TRN08713,Tunnel,AES-192,modp1024(2),On,IPv6,dns_query,80.3,2.8,0.5,0.15,146.3,Medium,4.1
TRN03691,Tunnel,AES-256-GCM,modp3072(15),On,IPv6,file_transfer,1357.1,143.5,1.2,0.7,150.9,Strong,2.3
TRN00688,Transport,AES-192,modp6144(17),On,IPv6,icmp,71.8,2.6,0.5,0.09,140.8,Strong,0.3
TRN00613,Tunnel,AES-128,modp2048(14),On,IPv6,email,638.1,7.4,8.8,0.24,123.6,Medium,5.5
TRN06146,Transport,AES-128,modp1536(5),Off,IPv6,dns_query,82.6,4.3,2.0,0.12,156.1,Weak,7.6
TRN03201,Transport,3DES,modp8192(21),Off,IPv4,video_streaming,976.3,80.4,392.0,0.44,131.9,Medium,4.0
TRN02268,Transport,3DES,modp3072(15),Off,IPv6,email,544.3,9.8,0.5,0.24,172.9,Weak,8.4
TRN08814,Transport,AES-256,modp4096(16),Off,IPv4,dns_query,91.1,2.6,1.0,0.05,142.1,Strong,1.3
TRN07443,Transport,AES-256-GCM,modp2048(14),On,IPv6,icmp,77.9,3.3,10.2,0.04,174.8,Strong,1.9
TRN01899,Transport,AES-192,modp1536(5),On,IPv6,dns_query,67.9,3.5,0.5,0.11,75.4,Medium,4.1
TRN08575,Tunnel,AES-192,modp3072(15),On,IPv4,file_transfer,1402.0,94.0,97.4,0.74,81.9,Medium,4.9
TRN06208,Tunnel,DES,modp3072(15),On,IPv4,whatsapp_msg,211.9,6.3,9.5,0.26,79.7,Medium,4.0
TRN00259,Transport,3DES,modp768(1),On,IPv6,voip,130.7,36.4,215.8,0.14,143.3,Weak,8.5
TRN02925,Tunnel,AES-256,modp1024(2),Off,IPv4,whatsapp_msg,182.1,8.1,7.4,0.16,169.9,Medium,5.5
TRN04944,Tunnel,AES-192,modp6144(17),Off,IPv4,video_streaming,934.1,88.2,0.5,0.59,225.7,Strong,1.3
TRN02823,Tunnel,3DES,modp3072(15),Off,IPv6,voip,107.0,45.1,137.6,0.39,231.8,Medium,4.1
TRN03340,Transport,3DES,modp3072(15),On,IPv4,dns_query,86.2,4.7,0.5,0.07,225.5,Medium,5.3
TRN03526,Transport,3DES,modp768(1),Off,IPv4,voip,154.3,31.9,472.2,0.12,144.7,Weak,7.5
TRN04564,Tunnel,AES-256-GCM,modp1024(2),Off,IPv6,whatsapp_msg,111.8,5.2,0.5,0.28,190.1,Medium,4.8
TRN05330,Transport,3DES,modp3072(15),Off,IPv4,icmp,61.9,2.5,0.5,0.03,143.0,Medium,6.0
TRN05224,Tunnel,DES,modp6144(17),On,IPv6,dns_query,93.3,2.4,0.5,0.13,129.8,Medium,5.4
TRN02286,Tunnel,AES-256-GCM,modp2048(14),Off,IPv4,icmp,60.9,2.4,8.2,0.05,94.3,Strong,2.2
TRN04655,Transport,AES-256,modp1536(5),On,IPv4,web_browsing,128.6,18.1,4.4,0.37,124.6,Medium,3.2
TRN07827,Transport,AES-256,modp1536(5),On,IPv4,file_transfer,1397.9,107.0,88.0,0.66,229.2,Medium,5.5
TRN00485,Tunnel,AES-256,modp3072(15),Off,IPv6,video_streaming,1490.3,103.7,353.9,0.58,188.1,Medium,5.9
TRN02212,Tunnel,AES-256,modp6144(17),Off,IPv4,whatsapp_msg,139.1,8.1,0.5,0.25,151.8,Strong,1.3
TRN05417,Transport,3DES,modp2048(14),On,IPv6,file_transfer,1405.6,131.6,123.7,0.85,134.7,Medium,5.0
TRN07056,Tunnel,AES-256-GCM,modp768(1),On,IPv6,email,427.9,10.7,0.5,0.36,110.7,Medium,5.6
TRN02556,Transport,DES,modp1536(5),Off,IPv4,file_transfer,1402.2,137.9,98.0,0.72,133.1,Weak,9.0
TRN00008,Tunnel,AES-256-GCM,modp3072(15),Off,IPv6,file_transfer,1396.1,132.1,142.9,1.0,101.7,Strong,2.8
TRN03658,Transport,DES,modp8192(21),Off,IPv4,video_streaming,1053.7,73.6,812.2,0.62,61.4,Medium,3.0
TRN08237,Tunnel,AES-128,modp1024(2),On,IPv4,whatsapp_msg,137.8,2.5,4.7,0.19,151.3,Weak,9.7
TRN04875,Transport,AES-256,modp2048(14),On,IPv4,icmp,61.9,1.4,1.5,0.03,178.6,Strong,2.7
TRN04403,Transport,AES-128,modp1024(2),Off,IPv4,email,446.6,10.0,0.5,0.18,111.2,Weak,9.8
TRN05547,Transport,DES,modp1536(5),Off,IPv6,whatsapp_msg,170.9,4.7,4.7,0.33,158.3,Weak,8.7
TRN08381,Transport,AES-192,modp4096(16),On,IPv6,icmp,63.3,1.1,5.5,0.06,223.1,Strong,0.8
TRN02427,Transport,AES-256-GCM,modp6144(17),Off,IPv4,web_browsing,441.3,15.0,45.8,0.21,120.9,Strong,2.3
TRN01815,Transport,AES-256,modp1536(5),On,IPv4,voip,78.1,42.8,321.6,0.15,184.9,Medium,6.6
TRN08659,Transport,AES-192,modp6144(17),On,IPv6,icmp,60.4,1.9,2.2,0.05,137.6,Strong,0.9
TRN02275,Tunnel,AES-192,modp1536(5),Off,IPv4,web_browsing,466.2,18.1,28.9,0.61,121.3,Weak,9.4
TRN01012,Transport,AES-128,modp2048(14),On,IPv4,dns_query,59.4,2.8,0.5,0.12,178.3,Medium,6.0
TRN06642,Tunnel,3DES,modp1024(2),On,IPv4,dns_query,97.9,3.5,0.5,0.06,67.7,Weak,9.6
TRN01068,Tunnel,AES-256,modp768(1),Off,IPv4,voip,77.9,51.5,62.2,0.25,179.7,Weak,9.1
TRN01992,Transport,3DES,modp3072(15),Off,IPv4,icmp,66.6,1.1,2.5,0.07,114.5,Medium,3.9
TRN03971,Tunnel,AES-256,modp8192(21),Off,IPv6,dns_query,71.7,3.0,0.5,0.06,103.1,Strong,2.2
TRN08456,Transport,AES-192,modp768(1),On,IPv6,video_streaming,1100.4,112.8,58.6,0.78,190.0,Weak,8.3
TRN05880,Transport,AES-128,modp2048(14),Off,IPv4,web_browsing,255.0,13.7,0.5,0.56,93.4,Medium,4.6
TRN06974,Transport,AES-256-GCM,modp4096(16),Off,IPv6,web_browsing,304.7,3.1,0.5,0.69,157.7,Strong,1.3
TRN04543,Transport,DES,modp3072(15),On,IPv4,email,933.7,11.7,11.2,0.52,164.6,Medium,6.3
TRN08388,Transport,AES-256,modp8192(21),Off,IPv4,whatsapp_msg,155.2,6.3,0.5,0.19,196.7,Strong,1.6
TRN03868,Tunnel,DES,modp3072(15),Off,IPv6,email,716.6,11.0,28.4,0.32,165.5,Weak,8.9
TRN08472,Transport,AES-128,modp768(1),On,IPv6,dns_query,54.6,2.8,2.8,0.11,187.4,Weak,8.9
TRN03049,Tunnel,AES-256-GCM,modp8192(21),On,IPv4,video_streaming,1267.5,93.8,431.5,0.48,164.1,Strong,2.7
TRN00782,Transport,DES,modp1536(5),Off,IPv4,dns_query,120.6,5.1,4.8,0.15,160.8,Weak,8.4
TRN02676,Tunnel,AES-192,modp768(1),Off,IPv4,voip,114.8,43.0,335.6,0.24,203.7,Weak,7.7
TRN01750,Transport,3DES,modp1024(2),Off,IPv6,whatsapp_msg,160.2,7.6,4.9,0.19,198.3,Weak,8.1
TRN02792,Tunnel,AES-256,modp8192(21),On,IPv4,whatsapp_msg,212.4,5.8,3.1,0.24,176.0,Strong,1.5
TRN05775,Transport,AES-256,modp6144(17),Off,IPv4,whatsapp_msg,191.6,7.3,0.8,0.2,206.4,Strong,1.5
TRN04980,Tunnel,3DES,modp2048(14),On,IPv6,icmp,61.7,2.0,1.2,0.06,98.3,Medium,7.1
TRN01092,Tunnel,AES-128,modp1024(2),Off,IPv4,video_streaming,1090.8,113.4,711.3,0.73,91.1,Weak,9.2
TRN06774,Transport,AES-256,modp4096(16),On,IPv6,whatsapp_msg,194.0,6.6,1.5,0.36,221.6,Strong,1.2
TRN04628,Transport,AES-192,modp8192(21),Off,IPv6,video_streaming,1218.7,72.2,0.5,0.5,128.0,Strong,2.3
TRN02325,Tunnel,DES,modp6144(17),Off,IPv4,web_browsing,533.4,7.8,0.5,0.32,167.3,Medium,3.4
TRN08263,Tunnel,AES-128,modp4096(16),On,IPv6,voip,110.8,47.8,0.5,0.24,222.6,Strong,2.6
TRN05056,Tunnel,3DES,modp1024(2),Off,IPv6,video_streaming,1118.8,94.0,0.5,0.57,77.3,Weak,9.6
TRN02609,Transport,3DES,modp8192(21),On,IPv4,whatsapp_msg,169.7,5.2,17.2,0.28,206.5,Medium,6.0
TRN08021,Transport,DES,modp1024(2),Off,IPv4,icmp,67.5,2.0,1.6,0.06,158.1,Weak,8.1
TRN02291,Transport,AES-256-GCM,modp3072(15),On,IPv4,icmp,57.0,1.9,14.4,0.07,173.3,Strong,1.7
TRN01728,Transport,AES-256-GCM,modp1024(2),On,IPv6,voip,109.4,53.9,405.5,0.25,129.2,Medium,5.9
TRN00611,Tunnel,AES-256,modp4096(16),Off,IPv4,icmp,65.7,2.2,0.5,0.06,110.8,Strong,1.3
TRN04667,Tunnel,AES-256-GCM,modp4096(16),Off,IPv4,video_streaming,1020.6,100.8,305.2,0.56,108.8,Strong,3.5
TRN07726,Tunnel,AES-256-GCM,modp1024(2),On,IPv6,email,280.2,8.7,28.5,0.13,136.4,Medium,4.9
TRN00344,Transport,DES,modp1536(5),Off,IPv6,whatsapp_msg,154.6,3.2,10.7,0.19,152.4,Weak,7.5
TRN06855,Tunnel,DES,modp6144(17),Off,IPv6,email,591.9,8.3,22.2,0.36,19.2,Medium,3.0
TRN07632,Tunnel,AES-192,modp1024(2),Off,IPv4,video_streaming,1320.2,85.2,71.8,0.55,50.7,Weak,6.6
TRN03751,Transport,AES-128,modp6144(17),On,IPv6,video_streaming,1022.0,93.6,919.7,0.75,120.4,Strong,2.3
TRN07017,Transport,AES-256-GCM,modp768(1),Off,IPv4,dns_query,95.0,2.7,0.5,0.08,108.1,Medium,4.4
TRN08372,Transport,DES,modp1536(5),On,IPv6,video_streaming,1165.7,79.6,634.6,0.49,149.6,Weak,8.0
TRN03216,Tunnel,AES-128,modp4096(16),On,IPv4,voip,91.8,35.2,0.5,0.18,133.4,Medium,5.6
TRN00098,Tunnel,AES-192,modp1536(5),On,IPv4,email,781.5,9.5,11.6,0.14,203.7,Medium,6.4
TRN06358,Tunnel,DES,modp1536(5),Off,IPv4,email,410.5,10.5,28.7,0.39,115.9,Weak,7.2
TRN05177,Tunnel,AES-128,modp6144(17),On,IPv4,video_streaming,1092.8,82.7,802.1,0.72,105.8,Strong,1.6
TRN01538,Transport,AES-192,modp1536(5),On,IPv6,voip,121.7,40.5,126.4,0.21,171.3,Medium,5.9
TRN03589,Transport,AES-128,modp768(1),Off,IPv4,video_streaming,1236.0,88.7,0.5,0.63,91.3,Weak,6.7
TRN05959,Transport,AES-192,modp1024(2),Off,IPv4,web_browsing,369.8,21.1,21.0,0.74,83.6,Weak,7.1
TRN03649,Tunnel,3DES,modp6144(17),Off,IPv6,whatsapp_msg,166.1,4.7,9.0,0.26,167.8,Medium,3.3
TRN07789,Tunnel,3DES,modp8192(21),Off,IPv4,file_transfer,1422.3,153.5,0.5,0.85,115.2,Medium,5.6
TRN06070,Tunnel,AES-128,modp1024(2),On,IPv4,voip,95.5,63.1,0.5,0.2,208.7,Weak,9.5
TRN01518,Transport,AES-256,modp4096(16),On,IPv6,file_transfer,1408.5,127.3,262.5,0.79,110.3,Strong,1.8
TRN05062,Tunnel,DES,modp3072(15),Off,IPv4,whatsapp_msg,149.9,4.3,0.5,0.18,174.6,Weak,6.8
TRN08410,Tunnel,DES,modp1536(5),Off,IPv6,icmp,73.1,1.7,0.6,0.02,166.0,Weak,7.9
TRN04625,Tunnel,DES,modp3072(15),Off,IPv4,email,652.0,1.7,23.2,0.15,88.4,Weak,9.9
TRN04273,Transport,AES-256,modp2048(14),On,IPv6,icmp,79.2,2.3,0.5,0.06,69.6,Strong,0.9
TRN03670,Tunnel,AES-256-GCM,modp4096(16),On,IPv6,email,314.7,11.0,5.6,0.29,100.5,Strong,3.1
TRN05801,Tunnel,3DES,modp4096(16),On,IPv4,dns_query,74.0,4.1,0.9,0.1,143.4,Medium,2.3
TRN02091,Transport,AES-256,modp1024(2),On,IPv4,email,501.2,3.2,0.5,0.44,145.3,Medium,6.1
TRN00573,Transport,3DES,modp1536(5),On,IPv6,file_transfer,1383.8,106.0,179.2,0.84,137.9,Weak,7.7
TRN08600,Transport,AES-128,modp2048(14),Off,IPv6,voip,115.5,51.8,6.0,0.18,109.5,Medium,4.6
TRN08422,Transport,AES-192,modp8192(21),Off,IPv4,video_streaming,1135.0,84.7,241.4,0.54,135.8,Strong,4.0
TRN08122,Transport,AES-192,modp8192(21),On,IPv4,voip,134.5,34.2,413.6,0.2,154.2,Strong,0.5
TRN03063,Transport,DES,modp4096(16),On,IPv4,whatsapp_msg,202.4,7.9,0.5,0.26,150.3,Medium,4.2
TRN06218,Transport,DES,modp4096(16),Off,IPv6,video_streaming,1226.6,98.0,683.5,0.64,122.5,Medium,5.0
TRN07094,Transport,AES-128,modp6144(17),Off,IPv6,video_streaming,1043.3,77.1,652.2,0.61,204.3,Medium,4.7
TRN06373,Tunnel,3DES,modp4096(16),Off,IPv6,web_browsing,403.3,14.6,22.3,0.51,211.5,Medium,4.0
TRN06350,Transport,DES,modp2048(14),Off,IPv6,web_browsing,462.9,23.1,0.5,0.72,214.4,Weak,7.3
TRN06570,Tunnel,AES-192,modp1536(5),On,IPv6,video_streaming,1054.4,96.2,0.5,0.47,72.6,Medium,5.0
TRN04480,Tunnel,AES-256,modp8192(21),On,IPv4,voip,109.0,56.1,0.5,0.12,205.5,Strong,1.3
TRN04949,Tunnel,AES-192,modp1536(5),Off,IPv6,whatsapp_msg,136.0,7.9,0.7,0.24,191.4,Medium,3.9
TRN00371,Tunnel,DES,modp768(1),Off,IPv6,email,301.9,7.7,8.1,0.43,173.9,Weak,9.4
TRN01939,Transport,AES-256,modp1024(2),Off,IPv6,file_transfer,1345.0,109.9,0.5,0.95,90.0,Medium,4.7
TRN06936,Tunnel,AES-256,modp4096(16),On,IPv4,voip,74.4,46.2,320.8,0.32,97.2,Strong,0.3
TRN01754,Tunnel,AES-128,modp1024(2),Off,IPv4,video_streaming,1279.7,50.2,0.5,0.71,162.6,Weak,9.2
TRN03671,Tunnel,DES,modp3072(15),Off,IPv4,email,815.2,2.8,10.0,0.42,143.2,Weak,7.8
TRN03653,Tunnel,AES-256-GCM,modp1536(5),Off,IPv6,file_transfer,1459.3,75.2,195.4,0.65,223.4,Medium,6.5
TRN05202,Tunnel,AES-128,modp768(1),On,IPv4,web_browsing,649.3,14.2,32.3,0.47,188.0,Weak,8.4
TRN02362,Transport,AES-256-GCM,modp3072(15),Off,IPv4,video_streaming,1287.1,103.5,1048.6,0.46,191.4,Strong,1.0
TRN04261,Transport,3DES,modp3072(15),On,IPv4,web_browsing,368.7,14.8,0.5,0.58,193.0,Medium,3.4
TRN05433,Tunnel,3DES,modp3072(15),Off,IPv4,video_streaming,995.0,91.0,0.5,0.6,185.9,Weak,7.2
TRN04992,Tunnel,AES-192,modp768(1),On,IPv4,web_browsing,374.4,10.0,0.5,0.61,93.2,Weak,9.7
TRN06113,Transport,3DES,modp4096(16),Off,IPv4,icmp,81.0,2.5,17.3,0.05,88.4,Medium,4.8
TRN08511,Transport,3DES,modp1536(5),On,IPv6,whatsapp_msg,147.1,0.5,0.5,0.26,198.5,Weak,8.8
TRN03738,Transport,3DES,modp768(1),Off,IPv4,web_browsing,413.5,20.3,0.5,0.57,183.0,Weak,9.0
TRN06040,Tunnel,AES-256-GCM,modp3072(15),Off,IPv6,email,704.8,7.6,0.5,0.14,172.4,Strong,2.4
TRN06763,Transport,AES-128,modp2048(14),Off,IPv6,whatsapp_msg,174.1,8.8,6.3,0.25,116.2,Medium,4.5
TRN08559,Transport,AES-128,modp8192(21),On,IPv4,whatsapp_msg,156.0,5.3,2.3,0.12,196.0,Strong,2.0
TRN05592,Transport,3DES,modp2048(14),Off,IPv4,video_streaming,1459.7,89.5,280.5,0.68,113.4,Weak,8.5
TRN01172,Tunnel,AES-128,modp768(1),On,IPv6,video_streaming,1474.1,100.8,0.5,0.59,150.3,Weak,7.4
TRN06385,Transport,AES-256,modp768(1),On,IPv4,web_browsing,418.6,17.1,8.6,0.51,96.4,Medium,3.3
TRN01423,Transport,DES,modp4096(16),Off,IPv6,video_streaming,1545.0,80.9,0.5,0.6,184.1,Medium,4.6
TRN08496,Tunnel,AES-128,modp768(1),Off,IPv4,file_transfer,1388.0,107.4,93.9,0.73,101.8,Weak,8.6
TRN08411,Transport,AES-192,modp1024(2),On,IPv4,voip,113.5,30.9,16.0,0.25,185.6,Medium,5.6
TRN07258,Tunnel,3DES,modp1024(2),On,IPv4,web_browsing,464.0,8.6,40.8,0.4,157.2,Weak,7.8
TRN08236,Tunnel,AES-192,modp3072(15),On,IPv6,video_streaming,1108.7,86.0,0.5,0.56,133.2,Medium,6.7
TRN00875,Transport,AES-256-GCM,modp8192(21),Off,IPv6,icmp,56.1,2.2,2.4,0.07,217.4,Strong,1.4
TRN02298,Tunnel,AES-192,modp2048(14),Off,IPv6,email,409.3,6.2,0.5,0.14,151.5,Medium,3.9
TRN02644,Tunnel,DES,modp6144(17),On,IPv4,whatsapp_msg,172.7,4.1,0.5,0.15,144.3,Medium,4.7
TRN07150,Tunnel,3DES,modp6144(17),Off,IPv4,whatsapp_msg,121.7,5.2,19.4,0.28,167.0,Medium,3.0
TRN01720,Transport,AES-128,modp3072(15),Off,IPv4,file_transfer,1377.0,99.7,31.0,0.86,228.4,Medium,4.9
TRN05348,Tunnel,AES-192,modp4096(16),On,IPv6,whatsapp_msg,150.3,5.3,0.5,0.37,173.0,Strong,2.3
TRN05933,Tunnel,DES,modp2048(14),On,IPv4,web_browsing,467.4,17.0,22.4,0.65,83.9,Weak,7.9
TRN00841,Tunnel,AES-128,modp8192(21),Off,IPv6,email,716.3,3.8,5.0,0.14,177.7,Strong,3.1
TRN08943,Tunnel,AES-128,modp1024(2),On,IPv6,file_transfer,1377.5,162.3,0.5,0.77,76.6,Weak,10.0
TRN00582,Tunnel,AES-256-GCM,modp1536(5),On,IPv6,dns_query,91.1,1.8,0.5,0.09,116.3,Medium,3.5
TRN00205,Transport,AES-256-GCM,modp1024(2),Off,IPv6,file_transfer,1408.3,116.0,14.6,0.8,167.0,Medium,3.6
TRN01642,Tunnel,AES-128,modp768(1),Off,IPv4,email,692.6,5.3,0.9,0.42,84.8,Weak,8.9
TRN02015,Tunnel,AES-128,modp3072(15),Off,IPv4,video_streaming,1350.9,80.6,802.7,0.51,209.3,Medium,4.6
TRN03254,Tunnel,DES,modp8192(21),On,IPv6,dns_query,78.9,2.6,0.5,0.11,187.0,Medium,6.6
TRN06057,Transport,AES-256,modp4096(16),On,IPv6,whatsapp_msg,175.1,4.8,0.5,0.1,167.0,Strong,0.9
TRN00906,Transport,AES-256-GCM,modp768(1),Off,IPv6,whatsapp_msg,181.9,11.0,1.6,0.17,98.7,Medium,4.3
TRN00632,Transport,AES-256,modp4096(16),On,IPv4,whatsapp_msg,174.2,9.0,6.6,0.23,181.9,Strong,1.4
TRN07844,Transport,AES-256,modp768(1),On,IPv6,web_browsing,422.6,1.6,0.5,0.54,189.1,Weak,7.3
TRN06291,Transport,AES-128,modp8192(21),Off,IPv6,video_streaming,999.5,104.5,1262.2,0.7,17.6,Strong,1.9
TRN01975,Tunnel,DES,modp1024(2),Off,IPv4,dns_query,75.0,2.3,0.5,0.11,159.2,Weak,9.7
TRN00163,Transport,DES,modp8192(21),Off,IPv4,video_streaming,1531.4,79.8,878.7,0.6,146.8,Medium,2.4
TRN04999,Tunnel,AES-192,modp8192(21),Off,IPv6,voip,115.4,42.8,0.5,0.16,93.7,Strong,1.3
TRN06693,Transport,3DES,modp3072(15),Off,IPv4,email,854.0,8.0,0.5,0.27,167.0,Weak,7.2
TRN08500,Transport,DES,modp4096(16),On,IPv6,file_transfer,1415.1,111.7,332.4,0.91,193.6,Medium,5.4
TRN06243,Transport,AES-128,modp4096(16),Off,IPv4,web_browsing,324.0,17.0,31.7,0.49,161.5,Medium,5.8
TRN04714,Transport,AES-192,modp2048(14),Off,IPv6,file_transfer,1322.7,110.0,444.1,0.84,174.7,Medium,5.9
TRN00876,Transport,AES-192,modp2048(14),Off,IPv6,voip,108.7,36.0,283.5,0.18,133.4,Medium,3.8
TRN01432,Transport,AES-192,modp6144(17),Off,IPv4,whatsapp_msg,160.9,4.5,0.5,0.38,168.1,Strong,2.3
TRN04644,Transport,DES,modp4096(16),On,IPv4,icmp,58.2,1.6,4.9,0.05,151.5,Medium,6.7
TRN05081,Tunnel,AES-128,modp2048(14),On,IPv4,whatsapp_msg,132.7,7.9,0.5,0.28,116.4,Medium,6.2
TRN05784,Tunnel,AES-128,modp768(1),Off,IPv6,email,458.6,7.9,9.6,0.53,162.8,Weak,6.5
TRN08213,Transport,AES-256-GCM,modp6144(17),Off,IPv6,file_transfer,1409.3,143.0,0.5,0.94,188.3,Strong,1.0
TRN06126,Transport,AES-192,modp1024(2),Off,IPv6,video_streaming,1043.9,106.1,649.4,0.65,193.7,Weak,8.8
TRN06462,Transport,3DES,modp3072(15),Off,IPv6,icmp,69.7,1.7,0.5,0.03,137.8,Weak,6.5
TRN06238,Transport,DES,modp1024(2),On,IPv4,icmp,61.7,1.5,2.8,0.07,148.9,Weak,9.0
TRN08490,Transport,AES-128,modp768(1),On,IPv4,email,432.1,8.5,0.5,0.25,178.4,Weak,7.4
TRN02857,Transport,DES,modp1536(5),Off,IPv4,voip,122.1,37.3,0.5,0.2,89.8,Weak,8.5
TRN01862,Tunnel,AES-256-GCM,modp8192(21),Off,IPv4,dns_query,84.0,4.1,0.6,0.1,172.2,Strong,0.3
TRN02660,Tunnel,AES-192,modp3072(15),On,IPv4,email,594.0,5.1,8.8,0.24,211.3,Strong,2.5
TRN03385,Transport,DES,modp1024(2),On,IPv4,file_transfer,1378.5,87.0,66.1,0.79,187.5,Weak,9.9
TRN08605,Tunnel,3DES,modp2048(14),On,IPv4,video_streaming,1227.9,94.0,0.5,0.54,182.6,Weak,9.1
TRN08796,Transport,AES-128,modp768(1),On,IPv6,web_browsing,422.6,10.0,0.5,0.47,217.2,Weak,9.3
TRN06498,Transport,AES-192,modp2048(14),On,IPv4,whatsapp_msg,123.7,7.1,0.8,0.37,118.8,Medium,6.1
TRN06838,Tunnel,AES-256-GCM,modp768(1),Off,IPv4,dns_query,69.5,0.3,1.8,0.11,43.2,Medium,4.7
TRN04734,Transport,AES-256-GCM,modp1536(5),On,IPv4,dns_query,88.7,2.0,0.5,0.15,176.8,Medium,4.9
TRN03332,Tunnel,AES-256,modp768(1),On,IPv4,video_streaming,1476.1,96.8,1030.2,0.55,165.0,Weak,8.7
TRN08000,Tunnel,AES-192,modp1024(2),Off,IPv6,video_streaming,1032.5,80.0,0.5,0.6,175.5,Weak,8.7
TRN07366,Tunnel,AES-256,modp3072(15),Off,IPv6,whatsapp_msg,93.5,7.9,0.5,0.09,132.6,Strong,2.3
TRN06837,Tunnel,AES-256-GCM,modp2048(14),Off,IPv4,whatsapp_msg,142.1,4.8,0.5,0.19,240.5,Strong,1.4
TRN02097,Transport,AES-128,modp768(1),On,IPv4,icmp,66.0,1.5,7.9,0.06,91.5,Weak,7.7
TRN02004,Tunnel,AES-256-GCM,modp2048(14),On,IPv6,icmp,58.5,2.4,13.3,0.07,133.7,Strong,1.0
TRN07590,Transport,AES-128,modp4096(16),On,IPv6,file_transfer,1343.8,98.6,0.5,0.75,113.7,Medium,3.3
TRN06667,Transport,AES-256,modp6144(17),Off,IPv6,whatsapp_msg,168.5,7.8,0.5,0.19,155.8,Strong,2.1
TRN05018,Transport,DES,modp3072(15),Off,IPv4,video_streaming,1119.6,115.8,32.4,0.6,151.1,Weak,7.3
TRN00547,Transport,AES-256,modp4096(16),Off,IPv6,email,636.8,8.0,15.6,0.51,190.7,Strong,2.2
TRN01450,Transport,AES-192,modp2048(14),Off,IPv6,voip,121.4,42.3,246.7,0.25,138.2,Medium,4.5
TRN06801,Tunnel,3DES,modp8192(21),Off,IPv4,file_transfer,1338.8,110.0,448.9,0.92,136.7,Medium,5.1
TRN02611,Tunnel,3DES,modp4096(16),On,IPv4,whatsapp_msg,205.8,8.2,12.8,0.32,138.1,Medium,6.0
TRN01901,Tunnel,3DES,modp4096(16),Off,IPv4,dns_query,76.7,3.3,2.8,0.11,194.4,Medium,3.6
TRN07707,Transport,AES-192,modp1024(2),Off,IPv4,voip,120.5,46.2,611.7,0.29,204.1,Weak,8.4
TRN02758,Tunnel,AES-128,modp4096(16),On,IPv4,video_streaming,1209.6,89.5,0.5,0.51,140.6,Strong,2.7
TRN01886,Transport,AES-256-GCM,modp768(1),Off,IPv4,whatsapp_msg,127.1,8.2,8.9,0.28,122.0,Weak,7.3
TRN08840,Tunnel,AES-192,modp6144(17),Off,IPv6,whatsapp_msg,61.6,5.1,6.8,0.31,127.5,Strong,2.7
TRN05739,Tunnel,AES-192,modp1536(5),Off,IPv4,video_streaming,1157.3,106.0,285.9,0.62,135.2,Medium,5.0
TRN08495,Transport,3DES,modp2048(14),On,IPv4,file_transfer,1425.6,150.8,0.5,1.0,142.0,Medium,4.0
TRN05891,Transport,AES-192,modp768(1),Off,IPv4,email,404.7,7.6,9.2,0.25,136.0,Weak,8.1
TRN02098,Transport,3DES,modp8192(21),Off,IPv6,video_streaming,1344.1,91.8,4.0,0.58,145.1,Medium,3.0
TRN08354,Tunnel,DES,modp8192(21),Off,IPv4,dns_query,70.8,2.2,0.5,0.1,164.9,Medium,4.2
TRN05693,Tunnel,3DES,modp8192(21),Off,IPv4,file_transfer,1355.2,135.7,0.5,0.8,194.7,Medium,4.0
TRN00500,Transport,DES,modp1024(2),Off,IPv4,email,40.0,6.6,27.5,0.27,225.7,Weak,8.4
TRN05625,Tunnel,AES-192,modp1536(5),On,IPv4,email,779.3,8.3,0.5,0.33,152.9,Medium,6.0
TRN00837,Tunnel,AES-128,modp6144(17),On,IPv6,voip,141.3,42.3,290.0,0.17,186.4,Strong,2.8
TRN03472,Tunnel,3DES,modp1024(2),On,IPv4,video_streaming,1195.4,96.4,752.1,0.67,155.8,Weak,8.3
TRN04698,Transport,AES-128,modp2048(14),Off,IPv4,whatsapp_msg,178.1,8.7,15.3,0.16,162.8,Medium,5.2
TRN07786,Tunnel,DES,modp8192(21),On,IPv6,email,814.3,9.6,18.1,0.24,146.2,Medium,4.7
TRN02172,Tunnel,AES-256-GCM,modp2048(14),Off,IPv4,icmp,62.1,3.1,4.3,0.07,63.5,Strong,2.3
TRN08299,Transport,DES,modp8192(21),Off,IPv6,icmp,68.5,2.0,6.1,0.03,262.8,Medium,4.2
TRN05679,Transport,DES,modp2048(14),On,IPv4,dns_query,110.7,2.1,2.0,0.13,186.3,Weak,6.7
TRN08253,Transport,3DES,modp3072(15),Off,IPv6,icmp,70.1,2.2,0.5,0.05,169.5,Medium,4.3
TRN00399,Transport,AES-256,modp3072(15),Off,IPv4,icmp,73.8,2.1,11.8,0.06,148.0,Strong,1.7
TRN02011,Transport,AES-192,modp1536(5),On,IPv4,web_browsing,592.1,18.0,73.9,0.81,220.2,Medium,5.3
TRN05167,Tunnel,AES-256-GCM,modp1024(2),On,IPv6,email,888.9,3.4,10.9,0.16,115.1,Medium,3.6
TRN05872,Tunnel,AES-128,modp1536(5),On,IPv6,web_browsing,233.1,19.7,0.5,0.52,131.2,Medium,5.7
TRN08811,Transport,AES-192,modp3072(15),Off,IPv4,web_browsing,464.4,4.6,41.7,0.51,262.3,Medium,5.0
TRN01284,Tunnel,3DES,modp4096(16),Off,IPv6,dns_query,73.9,3.5,1.1,0.15,152.2,Medium,5.3
TRN06913,Tunnel,DES,modp6144(17),On,IPv6,icmp,63.4,1.7,26.0,0.07,148.1,Medium,4.5
TRN07162,Tunnel,AES-128,modp1536(5),Off,IPv6,file_transfer,1399.1,108.1,200.2,0.91,180.2,Weak,6.5
TRN04257,Tunnel,AES-256,modp6144(17),Off,IPv4,voip,96.7,43.0,588.9,0.21,8.2,Strong,0.3
TRN01837,Tunnel,AES-256,modp3072(15),On,IPv6,file_transfer,1393.4,97.7,0.5,0.93,176.5,Strong,1.9
TRN08112,Transport,AES-192,modp1536(5),Off,IPv4,web_browsing,419.3,13.7,40.1,0.45,140.7,Weak,10.0
TRN01020,Transport,AES-256-GCM,modp3072(15),On,IPv6,dns_query,73.1,3.3,0.5,0.09,103.7,Strong,2.1
TRN07089,Transport,AES-256-GCM,modp3072(15),Off,IPv6,whatsapp_msg,102.2,6.8,0.5,0.19,153.5,Strong,1.1
TRN01327,Tunnel,AES-256-GCM,modp3072(15),On,IPv4,email,477.3,5.5,4.5,0.28,121.5,Strong,2.6
TRN06080,Transport,AES-192,modp3072(15),Off,IPv6,video_streaming,1193.7,105.8,0.5,0.62,205.5,Medium,5.1
TRN00476,Tunnel,AES-192,modp6144(17),On,IPv6,email,833.9,3.6,1.2,0.38,136.1,Strong,1.6
TRN02811,Tunnel,AES-128,modp4096(16),Off,IPv4,file_transfer,1486.1,99.0,84.9,0.89,220.7,Medium,3.9
TRN07355,Transport,3DES,modp8192(21),Off,IPv4,video_streaming,1229.8,59.1,900.6,0.81,159.5,Medium,3.9
TRN01652,Transport,AES-192,modp8192(21),Off,IPv4,web_browsing,501.1,11.5,2.2,0.38,181.7,Strong,0.4
TRN08646,Transport,AES-256-GCM,modp8192(21),On,IPv4,file_transfer,1514.3,138.2,88.3,0.85,87.2,Strong,2.9
TRN01170,Tunnel,3DES,modp3072(15),On,IPv6,file_transfer,1358.8,104.7,201.4,0.72,199.9,Medium,4.8
TRN02529,Tunnel,DES,modp4096(16),On,IPv4,whatsapp_msg,85.7,6.7,1.4,0.29,71.8,Medium,3.2
TRN01207,Transport,AES-256,modp1536(5),Off,IPv6,voip,88.6,43.6,0.5,0.1,125.0,Medium,4.4
TRN06374,Transport,AES-256,modp768(1),Off,IPv6,icmp,56.9,2.9,14.1,0.03,146.8,Weak,7.9
TRN05470,Tunnel,AES-192,modp8192(21),On,IPv6,web_browsing,353.4,12.9,39.7,0.38,199.6,Strong,1.2
TRN08443,Tunnel,AES-256,modp6144(17),Off,IPv6,icmp,62.2,0.9,0.5,0.04,110.3,Strong,3.4
TRN07533,Transport,3DES,modp1536(5),On,IPv6,web_browsing,479.4,9.1,0.5,0.47,137.4,Weak,8.1
TRN08698,Tunnel,AES-256-GCM,modp768(1),On,IPv6,icmp,62.5,2.3,12.0,0.04,99.5,Medium,5.0
TRN00868,Tunnel,3DES,modp6144(17),Off,IPv4,dns_query,77.3,3.8,0.5,0.17,204.0,Medium,4.7
TRN02975,Tunnel,AES-192,modp1536(5),Off,IPv6,dns_query,82.7,1.7,0.8,0.03,207.2,Medium,5.2
TRN05237,Tunnel,3DES,modp3072(15),Off,IPv6,voip,89.5,37.7,172.7,0.18,91.6,Weak,8.6
TRN05094,Tunnel,AES-256,modp2048(14),On,IPv6,dns_query,53.5,4.8,3.7,0.07,71.9,Medium,6.3
TRN05434,Tunnel,AES-256,modp6144(17),On,IPv4,icmp,67.9,1.9,0.5,0.07,222.9,Strong,3.2
TRN00542,Transport,AES-192,modp1024(2),On,IPv6,dns_query,73.4,2.3,0.5,0.08,124.4,Weak,7.5
TRN05196,Transport,3DES,modp768(1),On,IPv4,file_transfer,1331.0,134.0,250.2,0.91,91.0,Weak,8.8
TRN01133,Tunnel,DES,modp1024(2),On,IPv4,email,881.7,13.6,0.5,0.32,191.9,Weak,7.4
TRN08854,Tunnel,AES-192,modp2048(14),Off,IPv6,video_streaming,1428.3,104.3,1.2,0.57,169.2,Medium,4.6
TRN07718,Tunnel,AES-128,modp1536(5),On,IPv6,web_browsing,196.7,21.7,0.5,0.65,190.5,Weak,8.6
TRN08395,Tunnel,DES,modp3072(15),On,IPv4,whatsapp_msg,95.9,6.6,9.8,0.24,145.1,Weak,7.2
TRN03391,Tunnel,AES-128,modp6144(17),Off,IPv4,file_transfer,1347.5,120.0,168.6,0.77,154.3,Medium,5.4
TRN07051,Tunnel,3DES,modp6144(17),Off,IPv4,voip,118.5,37.8,372.2,0.22,91.7,Medium,7.1
TRN02963,Tunnel,DES,modp1536(5),Off,IPv4,voip,184.3,49.4,549.8,0.26,83.5,Weak,8.0
TRN04156,Tunnel,AES-256-GCM,modp2048(14),On,IPv6,web_browsing,528.0,27.4,8.2,0.62,222.8,Strong,2.5
TRN03260,Tunnel,AES-192,modp1536(5),On,IPv4,video_streaming,1153.9,111.5,0.5,0.51,140.2,Medium,3.2
TRN06035,Tunnel,AES-128,modp6144(17),On,IPv4,web_browsing,598.1,16.3,35.0,0.38,139.6,Strong,2.6
TRN06366,Tunnel,3DES,modp1536(5),On,IPv6,video_streaming,1289.0,106.2,375.7,0.71,179.1,Weak,10.0
TRN08942,Transport,AES-192,modp1024(2),Off,IPv6,dns_query,81.8,3.5,0.5,0.11,142.6,Weak,7.9
TRN02584,Transport,AES-256,modp1536(5),Off,IPv4,dns_query,72.3,2.1,0.5,0.11,117.7,Medium,5.2
TRN02814,Tunnel,AES-192,modp6144(17),Off,IPv6,web_browsing,382.0,11.8,0.5,0.43,133.2,Strong,2.5
TRN07593,Tunnel,AES-256-GCM,modp8192(21),Off,IPv4,file_transfer,1413.9,95.3,20.0,0.86,161.1,Strong,1.9
TRN02948,Transport,3DES,modp2048(14),On,IPv6,icmp,50.0,2.5,1.8,0.04,112.5,Medium,4.6
TRN05175,Tunnel,AES-128,modp1536(5),Off,IPv4,voip,91.1,41.4,0.5,0.19,141.9,Weak,9.5
TRN06752,Tunnel,AES-128,modp8192(21),Off,IPv4,email,571.1,9.6,5.4,0.39,109.9,Strong,2.5
TRN03587,Tunnel,AES-192,modp3072(15),On,IPv6,video_streaming,1091.1,79.1,0.5,0.82,156.5,Strong,0.3
TRN08296,Tunnel,AES-256,modp768(1),Off,IPv6,icmp,61.5,2.6,8.8,0.02,140.1,Weak,6.4
TRN08984,Transport,AES-256,modp1536(5),On,IPv6,dns_query,88.7,3.7,0.5,0.09,176.9,Medium,5.1
TRN02564,Transport,DES,modp8192(21),On,IPv6,icmp,75.7,2.5,0.5,0.05,179.5,Medium,5.5
TRN02631,Transport,AES-192,modp8192(21),On,IPv4,file_transfer,1384.4,121.6,245.3,0.72,238.0,Strong,3.9
TRN07835,Tunnel,DES,modp1536(5),On,IPv4,file_transfer,1489.6,140.9,0.5,0.94,78.2,Weak,7.7
TRN06254,Transport,AES-192,modp1536(5),Off,IPv4,web_browsing,400.3,3.5,38.4,0.49,185.9,Weak,10.0
TRN05037,Transport,DES,modp8192(21),On,IPv6,email,745.6,7.5,0.5,0.28,102.7,Medium,3.9
TRN01081,Tunnel,DES,modp3072(15),On,IPv4,file_transfer,1377.4,130.0,0.5,0.83,129.4,Weak,7.1
TRN04284,Tunnel,AES-192,modp4096(16),On,IPv4,dns_query,84.8,0.9,0.9,0.08,49.8,Strong,0.3
TRN06428,Transport,AES-192,modp2048(14),On,IPv6,file_transfer,1400.8,97.3,74.8,0.91,238.5,Medium,6.2
TRN02086,Transport,DES,modp4096(16),Off,IPv4,icmp,69.9,2.5,1.2,0.03,40.8,Medium,6.3
TRN02453,Tunnel,AES-256-GCM,modp1536(5),Off,IPv4,web_browsing,472.6,23.4,0.5,0.53,117.7,Medium,4.7
TRN04967,Transport,AES-128,modp4096(16),Off,IPv4,icmp,67.5,1.9,7.6,0.02,190.1,Medium,5.2
TRN02024,Tunnel,AES-128,modp8192(21),Off,IPv6,email,652.0,6.9,12.7,0.15,155.1,Strong,0.5
TRN06484,Transport,AES-192,modp4096(16),On,IPv4,video_streaming,1302.4,89.8,0.5,0.5,107.2,Strong,2.7
TRN07969,Tunnel,AES-256,modp768(1),On,IPv4,dns_query,60.4,2.7,1.9,0.07,119.1,Medium,4.4
TRN07521,Transport,DES,modp4096(16),On,IPv4,web_browsing,241.5,15.9,9.0,0.48,187.1,Medium,3.2
TRN00227,Tunnel,AES-256-GCM,modp1536(5),On,IPv4,icmp,46.5,1.8,0.5,0.04,177.2,Medium,6.0
TRN01014,Tunnel,3DES,modp1536(5),On,IPv6,file_transfer,1497.0,113.3,0.5,0.72,159.6,Weak,7.7
TRN01930,Tunnel,AES-256,modp4096(16),On,IPv4,dns_query,51.3,0.8,0.5,0.14,145.6,Strong,0.3
TRN07119,Transport,AES-256,modp2048(14),On,IPv4,email,483.5,5.8,15.8,0.13,193.9,Strong,1.0
TRN05252,Tunnel,AES-256-GCM,modp8192(21),On,IPv4,whatsapp_msg,117.1,8.7,1.1,0.38,163.2,Strong,1.1
TRN01405,Transport,DES,modp8192(21),Off,IPv4,video_streaming,1107.4,76.1,0.5,0.32,103.6,Medium,5.5
TRN02180,Transport,3DES,modp1024(2),Off,IPv6,email,864.4,14.9,27.1,0.32,111.1,Weak,10.0
TRN00698,Tunnel,AES-192,modp1024(2),Off,IPv6,file_transfer,1391.4,117.1,164.0,0.65,72.3,Weak,9.2
TRN01125,Transport,AES-128,modp3072(15),On,IPv6,voip,148.3,46.5,0.5,0.2,127.1,Medium,6.2
TRN03896,Transport,3DES,modp6144(17),On,IPv6,file_transfer,1313.7,149.1,123.7,0.76,223.8,Medium,3.4
TRN06619,Transport,AES-256,modp4096(16),On,IPv6,web_browsing,449.5,11.1,32.1,0.42,97.7,Strong,1.8
TRN05111,Tunnel,AES-256-GCM,modp4096(16),Off,IPv4,file_transfer,1345.5,128.1,59.3,0.7,169.8,Strong,1.2
TRN01779,Tunnel,3DES,modp768(1),Off,IPv6,voip,107.1,53.9,219.5,0.18,149.0,Weak,8.2
TRN06261,Transport,AES-256,modp2048(14),On,IPv6,video_streaming,1097.1,81.9,1067.2,0.65,128.9,Medium,2.9
TRN02635,Tunnel,DES,modp3072(15),Off,IPv4,icmp,68.9,2.7,5.0,0.06,129.7,Weak,7.7
TRN03490,Tunnel,AES-192,modp6144(17),Off,IPv6,whatsapp_msg,129.9,5.8,0.5,0.2,137.1,Strong,2.3
TRN06685,Transport,AES-256,modp6144(17),On,IPv6,file_transfer,1336.2,105.5,0.5,0.94,185.7,Strong,2.0
TRN01038,Tunnel,3DES,modp1024(2),Off,IPv4,file_transfer,1406.3,128.7,0.5,0.89,168.9,Weak,9.0
TRN06094,Tunnel,3DES,modp2048(14),Off,IPv6,video_streaming,1316.4,100.3,0.5,0.68,142.5,Weak,7.9
TRN02257,Transport,AES-192,modp768(1),On,IPv6,icmp,64.9,2.4,0.5,0.05,127.4,Weak,8.9
TRN06573,Transport,3DES,modp8192(21),Off,IPv6,video_streaming,994.0,99.7,0.5,0.61,113.6,Medium,5.8
TRN02614,Transport,AES-256,modp6144(17),Off,IPv6,web_browsing,538.6,16.4,14.1,0.56,153.1,Strong,2.2
TRN00314,Tunnel,AES-256-GCM,modp2048(14),Off,IPv4,dns_query,83.8,2.6,0.5,0.1,82.0,Strong,0.6
TRN02650,Tunnel,AES-256-GCM,modp2048(14),Off,IPv4,video_streaming,1268.1,117.7,140.1,0.68,188.5,Strong,2.2
TRN02282,Transport,DES,modp8192(21),Off,IPv4,whatsapp_msg,134.6,3.3,21.3,0.27,133.3,Medium,3.1
TRN07025,Tunnel,3DES,modp3072(15),Off,IPv6,video_streaming,1270.1,85.5,0.5,0.66,165.4,Weak,7.5
TRN02548,Transport,AES-192,modp1024(2),On,IPv4,video_streaming,1352.0,72.8,106.5,0.69,92.4,Weak,10.0
TRN05513,Tunnel,DES,modp8192(21),On,IPv4,web_browsing,361.6,15.8,15.1,0.26,150.5,Medium,2.8
TRN05133,Tunnel,AES-256,modp1024(2),Off,IPv6,email,534.0,7.8,23.1,0.45,164.4,Weak,7.4
TRN02160,Tunnel,AES-256-GCM,modp1536(5),Off,IPv4,video_streaming,1168.8,96.5,684.3,0.55,105.9,Medium,5.6
TRN03138,Tunnel,AES-192,modp8192(21),Off,IPv4,icmp,61.2,0.9,16.4,0.06,166.1,Strong,1.9
TRN08132,Transport,3DES,modp3072(15),On,IPv6,email,721.8,6.8,0.5,0.41,122.8,Medium,4.0
TRN05851,Tunnel,DES,modp2048(14),Off,IPv4,dns_query,78.9,3.7,3.8,0.11,149.4,Weak,7.5
TRN03968,Transport,AES-192,modp1536(5),Off,IPv4,dns_query,71.9,4.6,2.4,0.04,308.0,Weak,5.8
TRN01429,Transport,DES,modp768(1),On,IPv6,icmp,61.0,2.6,0.5,0.02,92.2,Weak,7.0
TRN06962,Tunnel,AES-256,modp6144(17),On,IPv6,web_browsing,314.6,15.5,0.5,0.33,145.3,Strong,1.7
TRN02521,Transport,AES-256-GCM,modp1536(5),Off,IPv6,web_browsing,151.7,18.8,0.5,0.27,121.6,Medium,6.8
TRN06713,Tunnel,AES-192,modp4096(16),Off,IPv6,file_transfer,1331.4,125.9,0.5,0.87,126.4,Strong,0.3
TRN07091,Tunnel,AES-256-GCM,modp768(1),Off,IPv6,web_browsing,319.0,14.8,0.5,0.68,131.4,Medium,4.1
TRN07244,Tunnel,3DES,modp1024(2),Off,IPv4,email,552.9,10.0,17.3,0.38,163.9,Weak,6.7
TRN07359,Tunnel,AES-256-GCM,modp4096(16),On,IPv6,icmp,63.2,2.2,20.6,0.04,114.5,Strong,2.4
TRN05603,Tunnel,AES-192,modp1024(2),On,IPv6,icmp,53.5,1.8,0.5,0.06,183.7,Weak,9.4
TRN08880,Transport,AES-256,modp768(1),On,IPv6,whatsapp_msg,169.2,5.8,0.5,0.28,177.8,Medium,4.7
TRN00449,Tunnel,AES-256-GCM,modp1024(2),On,IPv4,voip,107.0,26.6,0.5,0.17,224.9,Medium,5.1
TRN06194,Tunnel,AES-192,modp3072(15),Off,IPv6,icmp,63.5,1.6,7.9,0.04,68.7,Medium,3.7
TRN01285,Tunnel,DES,modp3072(15),On,IPv4,video_streaming,1227.1,101.4,554.3,0.64,166.6,Medium,4.7
TRN05996,Transport,AES-192,modp1024(2),On,IPv4,web_browsing,407.7,10.2,36.0,0.35,86.8,Medium,3.5
TRN03728,Transport,DES,modp8192(21),Off,IPv6,voip,115.2,35.0,360.7,0.24,191.0,Medium,6.4
TRN00362,Tunnel,DES,modp6144(17),On,IPv4,whatsapp_msg,145.1,1.3,5.6,0.23,204.7,Medium,2.9
TRN05231,Transport,AES-256,modp768(1),Off,IPv6,whatsapp_msg,150.0,4.8,0.5,0.16,85.7,Weak,7.4
TRN07886,Transport,3DES,modp6144(17),Off,IPv4,web_browsing,534.8,12.7,0.5,0.17,187.8,Medium,6.6
TRN07801,Tunnel,AES-128,modp1024(2),Off,IPv6,whatsapp_msg,122.2,10.4,0.5,0.37,156.4,Weak,6.6
TRN05927,Tunnel,AES-256,modp768(1),On,IPv6,voip,146.7,45.1,0.5,0.24,190.9,Weak,8.4
TRN05150,Tunnel,AES-128,modp1024(2),On,IPv4,video_streaming,1210.7,68.4,219.8,0.58,119.7,Weak,7.6
TRN02461,Transport,DES,modp1536(5),Off,IPv6,email,561.2,7.7,0.5,0.22,161.2,Weak,10.0
TRN00023,Transport,AES-128,modp768(1),Off,IPv4,email,526.3,11.8,12.6,0.33,62.5,Weak,7.6
TRN02067,Tunnel,AES-192,modp2048(14),On,IPv6,voip,108.1,47.2,244.2,0.18,189.9,Medium,4.5
TRN01654,Transport,DES,modp768(1),Off,IPv4,video_streaming,1452.6,93.2,0.5,0.64,203.4,Weak,7.5
TRN00703,Transport,3DES,modp768(1),On,IPv6,dns_query,78.3,1.6,2.6,0.08,153.4,Weak,7.5
TRN07531,Transport,AES-128,modp3072(15),Off,IPv4,dns_query,72.2,3.0,0.8,0.11,83.3,Medium,4.1
TRN02744,Tunnel,DES,modp768(1),On,IPv4,web_browsing,414.1,13.3,39.2,0.51,167.1,Weak,8.1
TRN01377,Tunnel,AES-192,modp1024(2),Off,IPv6,file_transfer,1425.6,90.7,0.5,0.76,153.2,Weak,8.9
TRN08325,Transport,AES-128,modp3072(15),Off,IPv6,email,630.9,11.5,0.5,0.32,196.4,Medium,4.0
TRN02469,Tunnel,AES-256,modp1536(5),On,IPv4,video_streaming,1439.9,91.5,512.6,0.36,114.1,Medium,4.1
TRN03755,Transport,3DES,modp2048(14),Off,IPv6,icmp,67.7,2.3,2.1,0.04,178.6,Weak,9.1
TRN02326,Tunnel,DES,modp1024(2),Off,IPv6,file_transfer,1475.4,127.3,394.9,0.99,138.5,Weak,9.9
TRN00461,Tunnel,AES-256,modp1536(5),Off,IPv4,dns_query,73.1,4.7,1.2,0.12,139.1,Medium,5.5
TRN05164,Tunnel,AES-192,modp8192(21),On,IPv4,icmp,66.6,2.5,0.5,0.07,144.9,Strong,0.5
TRN04184,Tunnel,AES-256,modp3072(15),Off,IPv4,icmp,71.5,2.7,19.9,0.04,179.1,Strong,1.4
TRN08033,Transport,AES-192,modp1024(2),Off,IPv4,email,830.5,8.7,8.1,0.05,130.1,Weak,9.5
TRN04083,Transport,3DES,modp6144(17),On,IPv4,dns_query,68.8,4.6,0.5,0.1,105.1,Medium,5.2
TRN01487,Transport,AES-256,modp8192(21),Off,IPv6,file_transfer,1461.9,126.3,0.5,0.81,160.9,Strong,0.3
TRN03679,Transport,AES-256-GCM,modp768(1),Off,IPv6,dns_query,85.2,4.1,0.5,0.06,111.4,Medium,5.3
TRN00283,Transport,DES,modp2048(14),Off,IPv6,video_streaming,1053.5,91.5,560.3,0.32,130.6,Weak,8.2
TRN04559,Tunnel,AES-256,modp768(1),On,IPv4,dns_query,54.4,2.8,3.1,0.1,131.4,Medium,5.6
TRN04309,Tunnel,AES-192,modp4096(16),Off,IPv6,whatsapp_msg,138.0,7.6,0.5,0.28,112.2,Medium,3.2
TRN04866,Tunnel,AES-128,modp3072(15),Off,IPv4,email,489.2,2.4,2.3,0.34,95.9,Medium,3.4
TRN03538,Transport,AES-128,modp1536(5),Off,IPv4,web_browsing,469.3,15.1,0.5,0.37,124.2,Weak,8.0
TRN06895,Tunnel,3DES,modp768(1),On,IPv6,voip,103.6,42.4,0.5,0.19,126.6,Weak,8.9
TRN02582,Transport,AES-256,modp4096(16),Off,IPv6,icmp,68.0,1.3,19.6,0.09,226.0,Strong,1.7
TRN01369,Tunnel,3DES,modp4096(16),Off,IPv6,email,565.5,4.3,0.5,0.28,158.9,Medium,4.2
TRN08518,Tunnel,AES-256,modp8192(21),Off,IPv4,web_browsing,356.8,7.0,0.5,0.45,179.0,Strong,0.5
TRN06588,Transport,DES,modp1536(5),On,IPv4,video_streaming,1095.1,115.1,976.0,0.56,138.2,Weak,7.8
TRN00598,Tunnel,AES-128,modp768(1),On,IPv4,whatsapp_msg,143.6,8.3,6.0,0.25,150.6,Weak,8.0
TRN04352,Transport,AES-256,modp3072(15),Off,IPv4,voip,145.0,40.4,0.5,0.3,194.9,Medium,6.1
TRN07952,Tunnel,AES-256,modp1536(5),On,IPv4,web_browsing,301.6,21.1,15.0,0.55,128.3,Medium,3.0
TRN04759,Tunnel,AES-192,modp1024(2),On,IPv6,voip,105.0,31.5,113.4,0.24,235.2,Medium,6.6
TRN00647,Transport,AES-256,modp1536(5),On,IPv6,video_streaming,1101.2,59.7,96.5,0.59,110.1,Medium,4.3
TRN08727,Transport,AES-128,modp4096(16),On,IPv6,icmp,57.7,2.1,6.5,0.06,105.8,Strong,1.9
TRN06024,Tunnel,AES-128,modp6144(17),On,IPv6,dns_query,66.6,2.1,0.5,0.1,128.2,Strong,1.9
TRN08926,Tunnel,AES-256-GCM,modp8192(21),Off,IPv6,whatsapp_msg,124.7,7.8,1.4,0.28,125.8,Strong,2.2
TRN03469,Transport,AES-256-GCM,modp6144(17),On,IPv4,web_browsing,448.8,11.6,0.5,0.54,131.6,Strong,2.4
TRN08343,Tunnel,3DES,modp3072(15),Off,IPv6,icmp,64.8,2.0,4.3,0.04,162.9,Weak,9.4
TRN02991,Tunnel,AES-128,modp8192(21),On,IPv4,email,853.4,11.9,0.5,0.37,162.2,Strong,3.2
TRN08464,Transport,AES-192,modp768(1),On,IPv4,video_streaming,989.8,100.1,537.5,0.57,153.5,Weak,7.5
TRN04876,Tunnel,AES-256,modp2048(14),Off,IPv6,file_transfer,1388.6,145.2,117.6,0.6,110.5,Medium,3.3
TRN02545,Tunnel,DES,modp2048(14),On,IPv6,email,871.6,9.5,0.5,0.28,184.1,Weak,8.7
TRN07280,Tunnel,AES-128,modp768(1),Off,IPv6,icmp,56.4,2.1,0.6,0.06,198.7,Weak,8.4
TRN05342,Transport,3DES,modp2048(14),On,IPv4,video_streaming,1117.3,94.5,774.9,0.77,44.6,Weak,7.8
TRN07176,Transport,AES-128,modp8192(21),Off,IPv4,file_transfer,1389.1,97.9,329.1,0.87,161.2,Strong,2.8
TRN04067,Transport,3DES,modp1024(2),On,IPv6,icmp,59.1,1.7,8.4,0.01,125.5,Weak,8.8
TRN03989,Transport,AES-256-GCM,modp3072(15),Off,IPv6,voip,132.0,52.8,913.1,0.22,194.9,Strong,1.6
TRN02161,Transport,3DES,modp1536(5),On,IPv6,icmp,65.1,1.8,0.5,0.07,134.9,Weak,9.6
TRN00686,Transport,AES-128,modp8192(21),Off,IPv6,dns_query,73.2,2.8,3.6,0.16,300.8,Strong,1.4
TRN06259,Tunnel,DES,modp3072(15),Off,IPv6,web_browsing,473.8,10.7,19.4,0.69,173.5,Weak,7.4
TRN03244,Transport,AES-256,modp8192(21),Off,IPv6,voip,113.0,51.1,44.3,0.17,60.6,Strong,2.5
TRN07049,Transport,AES-128,modp6144(17),On,IPv6,icmp,64.0,2.0,0.5,0.06,93.9,Strong,1.6
TRN06562,Tunnel,AES-256-GCM,modp2048(14),On,IPv4,video_streaming,1394.8,84.4,0.5,0.52,173.8,Strong,0.8
TRN07574,Tunnel,AES-256-GCM,modp6144(17),Off,IPv4,file_transfer,1337.3,144.5,0.5,0.67,54.0,Strong,1.1
TRN04084,Transport,DES,modp768(1),On,IPv6,icmp,69.9,2.2,8.4,0.05,238.4,Weak,8.7
TRN02838,Tunnel,DES,modp2048(14),Off,IPv4,video_streaming,1499.2,90.7,0.5,0.59,191.4,Weak,10.0
TRN03698,Transport,AES-256-GCM,modp2048(14),On,IPv4,file_transfer,1350.3,119.7,291.4,0.84,79.8,Strong,2.1
TRN04942,Transport,AES-256,modp6144(17),On,IPv6,video_streaming,1349.0,100.9,0.5,0.65,125.6,Strong,0.3
TRN05947,Transport,AES-256-GCM,modp4096(16),On,IPv6,whatsapp_msg,203.2,4.6,8.2,0.23,196.4,Strong,2.4
TRN04584,Transport,DES,modp2048(14),Off,IPv6,icmp,72.6,1.3,0.5,0.05,168.2,Weak,8.1
TRN05785,Transport,3DES,modp1024(2),On,IPv6,whatsapp_msg,142.8,7.8,12.9,0.15,272.1,Weak,8.6
TRN04041,Tunnel,AES-256-GCM,modp768(1),Off,IPv4,web_browsing,382.5,14.8,0.5,0.46,223.3,Medium,3.6
TRN02231,Tunnel,3DES,modp8192(21),On,IPv4,web_browsing,496.9,20.2,0.5,0.47,224.1,Medium,4.5
TRN07151,Transport,AES-128,modp1024(2),On,IPv4,file_transfer,1366.6,102.0,0.5,0.86,111.6,Weak,8.8
TRN02321,Transport,AES-192,modp6144(17),Off,IPv6,icmp,56.0,1.3,0.7,0.05,131.2,Strong,0.7
TRN04879,Transport,AES-128,modp4096(16),Off,IPv6,video_streaming,1276.6,91.4,0.5,0.45,169.7,Medium,3.8
TRN00522,Tunnel,AES-256,modp1536(5),On,IPv4,file_transfer,1410.4,101.4,0.5,0.72,111.3,Medium,6.3
TRN00523,Tunnel,AES-256-GCM,modp1536(5),Off,IPv4,icmp,57.9,2.6,0.5,0.03,194.0,Medium,3.3
TRN05346,Tunnel,AES-192,modp1536(5),On,IPv6,web_browsing,519.3,13.2,76.5,0.54,189.3,Medium,6.0
TRN07640,Tunnel,3DES,modp2048(14),On,IPv4,whatsapp_msg,40.0,6.5,0.5,0.07,153.4,Weak,8.3
TRN07875,Tunnel,AES-192,modp4096(16),Off,IPv6,file_transfer,1346.2,127.5,208.2,0.62,169.3,Strong,0.3
TRN07871,Transport,AES-192,modp3072(15),Off,IPv4,video_streaming,1188.7,83.2,0.5,0.67,171.2,Strong,2.4
TRN07388,Tunnel,AES-192,modp2048(14),Off,IPv4,icmp,81.6,2.9,15.0,0.04,187.4,Medium,4.8
TRN00781,Transport,3DES,modp1536(5),Off,IPv4,video_streaming,1257.6,100.3,348.9,0.45,92.6,Weak,8.9
TRN07653,Tunnel,3DES,modp8192(21),On,IPv4,video_streaming,1398.8,84.8,424.3,0.43,212.9,Strong,1.0
TRN06648,Transport,AES-256,modp6144(17),On,IPv6,email,541.0,7.8,9.2,0.24,132.9,Strong,0.9
TRN05608,Tunnel,DES,modp3072(15),Off,IPv6,whatsapp_msg,107.4,7.8,0.5,0.18,154.5,Weak,9.0
TRN05979,Transport,DES,modp3072(15),Off,IPv6,voip,109.5,67.3,99.4,0.19,177.6,Weak,8.7
TRN00652,Tunnel,3DES,modp1536(5),On,IPv4,web_browsing,417.8,19.3,26.3,0.53,148.6,Weak,10.0
TRN07306,Transport,AES-256-GCM,modp768(1),On,IPv6,icmp,72.6,2.0,0.5,0.07,178.2,Medium,3.4
TRN02197,Tunnel,AES-192,modp1024(2),Off,IPv6,icmp,67.5,1.9,7.1,0.04,165.1,Weak,9.7
TRN06955,Transport,AES-256-GCM,modp4096(16),On,IPv6,file_transfer,1365.0,100.7,0.5,0.78,130.0,Strong,1.6
TRN00370,Tunnel,AES-192,modp2048(14),Off,IPv4,web_browsing,471.8,19.8,0.5,0.53,74.0,Medium,2.9
TRN06434,Tunnel,AES-192,modp1536(5),Off,IPv6,voip,125.1,37.9,476.5,0.17,138.5,Medium,4.6
TRN04215,Tunnel,AES-128,modp1536(5),Off,IPv4,dns_query,87.1,3.5,0.5,0.1,94.9,Weak,10.0
TRN00378,Transport,AES-192,modp8192(21),On,IPv6,file_transfer,1443.0,132.5,59.6,0.74,134.2,Strong,2.4
TRN07050,Transport,AES-128,modp3072(15),On,IPv4,file_transfer,1366.1,131.7,123.6,0.71,153.1,Medium,4.9
TRN02217,Tunnel,AES-128,modp3072(15),Off,IPv4,whatsapp_msg,104.5,6.6,10.2,0.1,97.2,Medium,6.1
TRN07454,Transport,AES-128,modp3072(15),On,IPv6,whatsapp_msg,154.5,5.5,12.2,0.36,80.2,Medium,4.3
TRN01614,Transport,AES-128,modp1536(5),Off,IPv6,icmp,57.3,2.7,2.9,0.05,172.1,Weak,9.9
TRN01828,Tunnel,AES-192,modp768(1),On,IPv6,voip,124.4,43.5,267.7,0.22,122.4,Weak,5.8
TRN03633,Transport,AES-256,modp4096(16),On,IPv6,file_transfer,1379.8,117.8,0.5,0.77,100.5,Strong,1.2
TRN00963,Transport,DES,modp3072(15),Off,IPv6,dns_query,74.0,4.3,0.5,0.08,136.9,Weak,8.7
TRN02994,Tunnel,AES-256-GCM,modp768(1),Off,IPv6,voip,138.5,62.1,68.3,0.15,196.8,Weak,7.5
TRN08703,Tunnel,AES-256,modp1024(2),On,IPv6,video_streaming,982.3,91.5,707.3,0.66,199.7,Medium,5.5
TRN08087,Tunnel,AES-256,modp768(1),Off,IPv6,whatsapp_msg,160.6,6.0,11.1,0.39,116.3,Weak,7.7
TRN06649,Tunnel,AES-128,modp2048(14),On,IPv4,video_streaming,1168.7,112.5,636.3,0.4,178.5,Medium,4.6
TRN00360,Transport,AES-128,modp6144(17),Off,IPv4,file_transfer,1365.0,104.3,0.5,0.62,199.9,Strong,1.4
TRN03840,Transport,AES-256-GCM,modp6144(17),On,IPv6,video_streaming,1057.5,96.0,892.1,0.56,161.6,Strong,1.3
TRN06569,Tunnel,AES-256,modp3072(15),Off,IPv6,video_streaming,1180.7,85.3,454.4,0.6,116.9,Strong,0.9
TRN01247,Tunnel,AES-256-GCM,modp3072(15),On,IPv6,whatsapp_msg,151.7,5.6,1.0,0.17,188.2,Strong,1.0
TRN06840,Transport,AES-192,modp1536(5),Off,IPv6,dns_query,86.4,1.7,1.1,0.12,138.3,Medium,5.3
TRN05088,Tunnel,AES-256,modp3072(15),On,IPv4,file_transfer,1403.3,130.5,123.6,0.72,171.9,Strong,1.9
TRN03695,Tunnel,DES,modp768(1),On,IPv6,email,669.7,4.4,3.2,0.36,156.2,Weak,8.5
TRN01574,Transport,AES-256,modp1536(5),Off,IPv4,video_streaming,1127.7,95.8,0.5,0.42,146.3,Medium,4.7
TRN06282,Tunnel,AES-256,modp3072(15),Off,IPv4,dns_query,56.5,2.4,1.7,0.1,170.0,Medium,4.8
TRN07182,Transport,AES-256,modp2048(14),Off,IPv4,video_streaming,1486.2,111.3,699.0,0.73,162.5,Medium,3.7
TRN02568,Tunnel,3DES,modp4096(16),Off,IPv6,web_browsing,404.6,20.4,0.5,0.53,186.8,Medium,5.4
TRN03424,Tunnel,AES-128,modp3072(15),Off,IPv6,icmp,55.6,1.5,6.4,0.05,117.5,Medium,5.2
TRN02038,Transport,AES-256-GCM,modp4096(16),Off,IPv4,whatsapp_msg,147.4,4.3,1.6,0.33,103.8,Strong,3.3
TRN00773,Transport,AES-256-GCM,modp8192(21),On,IPv6,video_streaming,1436.1,102.4,188.2,0.67,176.2,Strong,1.6
TRN05381,Tunnel,AES-256,modp8192(21),Off,IPv4,whatsapp_msg,159.9,6.1,9.1,0.21,139.5,Strong,1.7
TRN08607,Tunnel,3DES,modp4096(16),On,IPv4,video_streaming,1309.0,91.5,97.7,0.54,146.9,Medium,5.9
TRN03563,Transport,AES-256-GCM,modp8192(21),On,IPv6,dns_query,72.3,3.2,0.5,0.03,209.3,Strong,1.7
TRN00563,Transport,AES-256,modp2048(14),Off,IPv6,dns_query,88.1,2.4,0.5,0.11,144.6,Medium,2.8
TRN02547,Transport,AES-128,modp6144(17),Off,IPv6,icmp,48.2,2.5,15.7,0.06,170.6,Strong,2.6
TRN05511,Transport,DES,modp2048(14),Off,IPv4,whatsapp_msg,159.3,6.3,6.6,0.21,164.6,Weak,10.0
TRN05331,Transport,DES,modp6144(17),On,IPv4,web_browsing,318.3,20.1,6.6,0.33,93.1,Medium,4.4
TRN06501,Tunnel,AES-256-GCM,modp6144(17),On,IPv6,video_streaming,1050.5,71.8,0.5,0.7,173.6,Strong,0.8
TRN04532,Transport,AES-256,modp768(1),On,IPv6,whatsapp_msg,266.4,7.5,14.3,0.21,38.3,Medium,5.3
TRN01675,Transport,AES-128,modp1024(2),On,IPv4,icmp,82.1,1.6,16.0,0.02,184.4,Weak,7.2
TRN00366,Tunnel,DES,modp3072(15),On,IPv6,voip,121.2,43.1,0.5,0.15,123.5,Weak,8.1
TRN06445,Transport,AES-256,modp4096(16),Off,IPv4,voip,111.6,38.8,0.5,0.12,128.6,Strong,3.1
TRN07889,Transport,3DES,modp1536(5),Off,IPv4,email,562.6,9.7,0.5,0.31,187.0,Weak,9.3
TRN04328,Transport,DES,modp8192(21),Off,IPv4,web_browsing,337.0,13.0,0.5,0.22,201.6,Medium,5.2
TRN00148,Transport,3DES,modp8192(21),Off,IPv4,whatsapp_msg,190.9,7.7,9.0,0.09,196.1,Medium,5.5
TRN01669,Transport,AES-256,modp6144(17),Off,IPv6,whatsapp_msg,127.5,6.2,15.9,0.31,223.4,Strong,3.4
TRN03089,Transport,AES-128,modp1536(5),Off,IPv6,web_browsing,412.9,11.0,9.9,0.68,157.5,Weak,8.0
TRN07720,Tunnel,AES-128,modp1024(2),Off,IPv4,web_browsing,338.9,18.7,0.5,0.62,128.3,Weak,6.7
TRN00408,Tunnel,3DES,modp768(1),Off,IPv6,web_browsing,330.4,23.6,0.5,0.35,143.8,Weak,8.4
TRN08622,Tunnel,AES-256-GCM,modp8192(21),Off,IPv6,email,575.4,6.0,14.5,0.29,157.0,Strong,2.7
TRN03457,Transport,DES,modp768(1),On,IPv6,whatsapp_msg,182.1,3.9,1.7,0.27,135.0,Weak,6.6
TRN06187,Transport,AES-192,modp2048(14),On,IPv4,voip,138.5,38.0,0.5,0.13,93.0,Medium,4.4
TRN04183,Tunnel,AES-256,modp8192(21),Off,IPv6,whatsapp_msg,146.3,7.8,13.1,0.14,172.2,Strong,1.7
TRN03577,Tunnel,3DES,modp4096(16),On,IPv4,email,360.9,8.1,0.5,0.41,216.7,Medium,5.2
TRN03272,Transport,AES-256,modp6144(17),On,IPv4,video_streaming,918.9,117.7,1221.5,0.75,148.4,Strong,0.7
TRN04941,Transport,AES-128,modp6144(17),On,IPv6,whatsapp_msg,108.1,3.8,0.5,0.29,125.1,Strong,2.7
TRN01032,Tunnel,DES,modp3072(15),Off,IPv6,email,659.1,7.4,47.0,0.27,129.7,Weak,8.1
TRN06425,Transport,3DES,modp6144(17),On,IPv6,dns_query,57.2,3.5,0.9,0.06,163.7,Medium,3.8
TRN07906,Tunnel,AES-192,modp4096(16),On,IPv4,icmp,59.4,2.1,4.6,0.06,44.6,Strong,3.4
TRN08828,Tunnel,AES-192,modp2048(14),On,IPv4,video_streaming,1319.5,101.7,0.5,0.46,172.4,Medium,5.9
TRN00856,Transport,3DES,modp8192(21),Off,IPv6,email,770.9,8.4,23.6,0.28,92.5,Medium,4.8
TRN03927,Tunnel,AES-192,modp768(1),Off,IPv4,web_browsing,389.6,6.0,13.7,0.69,145.2,Weak,7.4
TRN00079,Transport,AES-128,modp2048(14),Off,IPv6,voip,126.1,57.9,444.4,0.14,125.4,Medium,3.7
TRN02248,Tunnel,AES-256,modp1536(5),On,IPv6,icmp,60.3,1.7,1.4,0.08,193.0,Medium,4.1
TRN07256,Transport,AES-256-GCM,modp8192(21),Off,IPv4,icmp,67.3,1.5,11.5,0.03,81.8,Strong,0.3
TRN08954,Tunnel,AES-256,modp1536(5),On,IPv4,file_transfer,1370.5,121.0,303.1,0.95,194.3,Medium,2.5
TRN08610,Transport,3DES,modp8192(21),On,IPv4,voip,111.4,38.9,0.5,0.21,56.3,Strong,2.8
TRN07572,Tunnel,3DES,modp3072(15),Off,IPv6,dns_query,57.3,3.6,4.4,0.06,171.6,Medium,3.6
TRN06746,Tunnel,AES-192,modp8192(21),On,IPv4,video_streaming,1232.7,68.4,130.5,0.59,140.5,Strong,2.4
TRN00789,Tunnel,3DES,modp6144(17),Off,IPv6,file_transfer,1430.7,136.7,0.5,0.78,102.5,Medium,3.7
TRN02280,Tunnel,3DES,modp3072(15),On,IPv6,whatsapp_msg,188.2,4.3,16.0,0.1,130.6,Medium,3.3
TRN04096,Transport,AES-128,modp6144(17),On,IPv4,file_transfer,1362.1,162.8,534.5,0.81,115.7,Strong,1.1
TRN03898,Transport,AES-192,modp1536(5),On,IPv4,whatsapp_msg,149.0,4.9,0.5,0.1,202.6,Medium,5.9
TRN06389,Tunnel,3DES,modp6144(17),On,IPv4,dns_query,78.0,3.4,0.5,0.07,155.6,Medium,3.2
TRN08127,Tunnel,3DES,modp1536(5),On,IPv6,email,667.8,6.5,22.7,0.35,76.2,Weak,8.4
TRN08502,Tunnel,DES,modp2048(14),Off,IPv6,whatsapp_msg,196.1,2.7,2.1,0.26,152.2,Weak,9.7
TRN03632,Transport,AES-192,modp3072(15),On,IPv6,whatsapp_msg,157.4,5.5,0.5,0.39,212.0,Strong,1.5
TRN07334,Tunnel,AES-128,modp2048(14),On,IPv4,voip,122.7,38.7,855.7,0.23,183.5,Medium,3.6
TRN06273,Transport,AES-256,modp768(1),Off,IPv4,web_browsing,360.1,18.5,59.0,0.22,65.1,Weak,8.2
TRN00425,Tunnel,AES-128,modp4096(16),Off,IPv6,video_streaming,1310.3,75.4,1182.4,0.66,160.4,Medium,6.1
TRN00393,Tunnel,AES-256,modp1024(2),On,IPv6,web_browsing,377.2,13.2,16.2,0.74,150.1,Medium,6.2
TRN07470,Transport,AES-192,modp1024(2),On,IPv6,voip,116.9,43.4,0.5,0.21,184.6,Weak,7.6
TRN00017,Tunnel,AES-256,modp3072(15),On,IPv4,web_browsing,383.7,16.4,35.8,0.38,220.1,Strong,1.9
TRN07322,Transport,DES,modp1024(2),Off,IPv4,whatsapp_msg,174.3,6.4,6.6,0.26,119.6,Weak,7.4
TRN04201,Tunnel,DES,modp768(1),On,IPv4,dns_query,65.8,3.8,0.5,0.09,196.7,Weak,9.6
TRN02673,Tunnel,AES-256,modp8192(21),On,IPv4,whatsapp_msg,72.1,6.8,0.5,0.24,227.3,Strong,2.3
TRN02445,Tunnel,AES-256-GCM,modp6144(17),On,IPv4,icmp,48.4,3.1,9.1,0.08,199.3,Strong,1.8
TRN07012,Tunnel,DES,modp2048(14),Off,IPv6,video_streaming,1482.1,114.0,0.5,0.59,179.6,Weak,7.9
TRN06631,Tunnel,AES-256-GCM,modp768(1),Off,IPv6,email,822.3,9.1,0.5,0.2,113.7,Medium,5.4
TRN03494,Transport,AES-256-GCM,modp768(1),On,IPv4,voip,113.2,48.3,0.5,0.24,189.1,Medium,5.4
TRN06045,Transport,DES,modp1536(5),Off,IPv4,whatsapp_msg,180.1,3.6,0.5,0.29,165.8,Weak,10.0
TRN01460,Tunnel,AES-128,modp3072(15),Off,IPv6,whatsapp_msg,206.9,5.2,10.8,0.26,121.2,Medium,7.3
TRN07076,Transport,AES-128,modp1024(2),Off,IPv6,video_streaming,1337.4,100.6,350.9,0.66,168.0,Weak,7.9
TRN07144,Transport,AES-192,modp4096(16),On,IPv4,icmp,54.4,1.9,6.5,0.04,275.3,Strong,1.7
TRN06626,Transport,3DES,modp1024(2),Off,IPv6,icmp,49.8,1.7,0.9,0.02,199.4,Weak,6.8
TRN06513,Tunnel,3DES,modp768(1),On,IPv6,icmp,76.9,2.1,0.5,0.05,118.4,Weak,7.8
TRN03836,Tunnel,DES,modp1536(5),Off,IPv4,icmp,65.3,2.5,0.5,0.05,235.0,Weak,10.0
TRN08378,Tunnel,AES-256-GCM,modp6144(17),On,IPv4,whatsapp_msg,125.6,6.1,4.5,0.19,151.6,Strong,1.2
TRN05684,Tunnel,AES-256,modp768(1),On,IPv6,web_browsing,330.3,16.0,27.6,0.76,89.9,Medium,4.8
TRN08878,Transport,DES,modp3072(15),On,IPv4,voip,100.6,41.7,516.5,0.15,99.1,Weak,9.2
TRN05828,Transport,AES-256,modp3072(15),On,IPv6,voip,93.8,40.9,247.4,0.21,186.3,Strong,0.8
TRN08771,Transport,AES-256,modp3072(15),Off,IPv4,voip,105.4,46.5,0.5,0.14,107.6,Strong,2.1
TRN04725,Tunnel,AES-256-GCM,modp1024(2),On,IPv4,voip,112.6,52.2,0.5,0.25,123.7,Medium,5.0
TRN07597,Transport,AES-256-GCM,modp768(1),Off,IPv6,email,741.6,11.9,0.5,0.37,183.2,Weak,7.6
TRN05888,Tunnel,DES,modp4096(16),On,IPv4,video_streaming,1039.1,82.7,0.5,0.66,197.2,Medium,3.7
TRN02356,Transport,AES-128,modp1536(5),On,IPv6,file_transfer,1297.7,137.6,49.0,0.7,156.5,Medium,5.2
TRN06037,Transport,AES-128,modp4096(16),On,IPv4,video_streaming,1147.5,95.2,703.8,0.51,90.6,Strong,1.0
TRN04799,Transport,AES-256-GCM,modp6144(17),Off,IPv6,file_transfer,1403.7,113.1,118.6,0.81,160.8,Strong,3.2
TRN02443,Tunnel,AES-128,modp8192(21),On,IPv6,video_streaming,1005.6,80.1,681.0,0.67,129.5,Strong,1.5
TRN06637,Transport,AES-192,modp8192(21),Off,IPv6,email,552.3,9.1,37.6,0.36,132.1,Strong,2.5
TRN04593,Transport,AES-128,modp6144(17),Off,IPv6,web_browsing,371.8,11.1,35.3,0.49,128.6,Strong,1.5
TRN07614,Transport,3DES,modp2048(14),Off,IPv4,video_streaming,1304.2,107.2,240.2,0.75,203.0,Weak,6.9
TRN00465,Transport,DES,modp2048(14),Off,IPv4,web_browsing,328.4,17.2,55.2,0.25,214.3,Weak,8.6
TRN00164,Transport,AES-192,modp4096(16),On,IPv4,whatsapp_msg,143.7,6.0,0.5,0.26,152.1,Strong,0.9
TRN08328,Tunnel,AES-256-GCM,modp1024(2),Off,IPv6,video_streaming,1249.7,118.5,116.5,0.66,95.8,Medium,3.6
TRN08487,Tunnel,DES,modp4096(16),On,IPv4,dns_query,84.3,2.4,0.5,0.11,199.9,Medium,5.7
TRN08313,Tunnel,DES,modp6144(17),On,IPv4,file_transfer,1434.6,113.2,0.5,0.79,127.5,Medium,4.4
TRN08797,Tunnel,AES-128,modp2048(14),On,IPv4,whatsapp_msg,201.1,2.3,0.5,0.2,240.4,Medium,5.3
TRN00242,Tunnel,AES-256-GCM,modp1024(2),Off,IPv4,email,318.8,5.6,7.2,0.38,134.4,Medium,4.4
TRN02010,Transport,AES-256,modp6144(17),Off,IPv4,voip,148.8,42.6,0.9,0.09,203.5,Strong,1.2
TRN06357,Transport,AES-128,modp2048(14),Off,IPv4,dns_query,75.3,3.3,0.5,0.09,157.6,Medium,4.2
TRN03085,Tunnel,AES-128,modp3072(15),On,IPv6,voip,140.3,52.5,418.6,0.23,79.2,Medium,4.1
TRN06209,Tunnel,AES-128,modp2048(14),On,IPv4,web_browsing,352.7,7.0,31.2,0.56,177.4,Medium,3.5
TRN00901,Tunnel,AES-192,modp1536(5),On,IPv4,email,557.6,2.2,0.5,0.27,170.2,Medium,4.6
TRN05543,Transport,AES-256,modp8192(21),Off,IPv6,whatsapp_msg,162.7,4.3,5.7,0.19,207.7,Strong,2.6
TRN07488,Tunnel,DES,modp4096(16),On,IPv6,file_transfer,1446.6,132.7,197.3,0.87,134.4,Medium,4.8
TRN07657,Tunnel,AES-256,modp8192(21),Off,IPv4,icmp,70.3,2.1,1.7,0.04,80.4,Strong,2.8
TRN04838,Tunnel,3DES,modp2048(14),Off,IPv4,dns_query,77.4,3.7,0.7,0.11,228.5,Weak,7.1
TRN02294,Transport,AES-192,modp2048(14),On,IPv4,dns_query,87.6,3.2,1.6,0.09,73.1,Medium,3.8
TRN08193,Transport,AES-192,modp1536(5),On,IPv6,dns_query,82.5,4.7,3.2,0.13,125.3,Medium,3.7
TRN04482,Transport,DES,modp8192(21),On,IPv4,whatsapp_msg,159.9,5.7,4.6,0.27,211.9,Medium,5.8
TRN05303,Transport,AES-256-GCM,modp4096(16),Off,IPv4,email,391.1,9.3,3.3,0.29,70.8,Strong,0.7
TRN04606,Tunnel,3DES,modp4096(16),Off,IPv6,video_streaming,1020.8,74.6,0.5,0.68,166.1,Medium,4.7
TRN03717,Tunnel,3DES,modp4096(16),On,IPv6,icmp,44.3,1.7,12.3,0.05,80.7,Medium,3.7
TRN08119,Transport,AES-192,modp3072(15),On,IPv4,email,896.0,7.1,1.6,0.42,67.1,Medium,5.1
TRN06141,Tunnel,AES-256,modp6144(17),On,IPv6,email,744.6,2.5,0.5,0.37,94.6,Strong,1.7
TRN01765,Tunnel,AES-192,modp6144(17),Off,IPv4,web_browsing,321.8,12.7,0.5,0.53,130.1,Strong,2.6
TRN01550,Tunnel,3DES,modp2048(14),Off,IPv6,voip,142.2,37.6,0.5,0.13,95.4,Weak,7.9
TRN03030,Transport,AES-128,modp1536(5),On,IPv4,icmp,70.3,1.9,4.8,0.06,143.0,Medium,2.8
TRN07396,Transport,AES-256-GCM,modp1536(5),Off,IPv6,dns_query,78.4,1.9,0.5,0.12,160.4,Medium,4.3
TRN06299,Transport,AES-128,modp3072(15),Off,IPv4,voip,121.8,28.5,0.5,0.14,195.5,Medium,5.8
TRN02045,Tunnel,3DES,modp768(1),On,IPv6,dns_query,68.9,3.5,2.6,0.07,183.3,Weak,9.9
TRN00768,Tunnel,DES,modp3072(15),Off,IPv4,file_transfer,1432.0,130.2,0.5,0.91,204.2,Weak,8.9
TRN05694,Tunnel,AES-256-GCM,modp2048(14),Off,IPv6,email,612.1,2.3,1.7,0.43,161.9,Strong,2.2
TRN01509,Tunnel,3DES,modp6144(17),On,IPv4,icmp,70.8,2.9,11.0,0.04,250.3,Medium,4.6
TRN03303,Tunnel,AES-256,modp8192(21),Off,IPv4,web_browsing,382.1,9.8,2.1,0.62,159.5,Strong,2.2
TRN04518,Tunnel,3DES,modp6144(17),On,IPv4,video_streaming,1365.2,82.7,310.4,0.6,169.4,Medium,6.5
TRN04220,Tunnel,AES-256,modp6144(17),Off,IPv6,icmp,51.7,2.2,8.1,0.05,210.3,Strong,0.7
TRN08626,Transport,AES-256,modp6144(17),On,IPv4,whatsapp_msg,121.0,8.2,0.5,0.17,105.3,Strong,2.5
TRN06422,Tunnel,AES-128,modp2048(14),Off,IPv6,video_streaming,1000.1,97.8,0.5,0.64,136.2,Medium,6.1
TRN03293,Tunnel,AES-256,modp1024(2),Off,IPv6,web_browsing,441.7,20.2,0.5,0.53,169.5,Weak,7.2
TRN00820,Tunnel,3DES,modp3072(15),On,IPv6,voip,89.2,51.2,110.2,0.17,189.8,Medium,4.0
TRN01404,Transport,3DES,modp1024(2),On,IPv6,web_browsing,405.5,8.2,0.5,0.45,130.5,Weak,5.8
TRN01383,Transport,3DES,modp2048(14),On,IPv6,dns_query,95.0,2.7,2.3,0.13,121.3,Medium,4.8
TRN02149,Tunnel,AES-256,modp1024(2),Off,IPv4,voip,117.4,57.0,100.0,0.15,169.6,Medium,4.3
TRN05672,Transport,DES,modp1536(5),On,IPv6,web_browsing,530.2,12.8,0.5,0.59,119.1,Weak,10.0
TRN01639,Tunnel,AES-192,modp2048(14),On,IPv6,video_streaming,1169.9,125.2,0.5,0.57,186.3,Medium,6.1
TRN05892,Tunnel,3DES,modp768(1),On,IPv4,email,485.5,7.7,11.4,0.45,190.4,Weak,7.4
TRN00609,Transport,AES-256-GCM,modp3072(15),On,IPv4,video_streaming,1026.6,73.2,184.6,0.61,116.0,Strong,2.9
TRN00400,Transport,AES-128,modp8192(21),Off,IPv6,dns_query,82.9,2.4,3.0,0.1,132.4,Strong,1.1
TRN06407,Transport,DES,modp6144(17),On,IPv6,voip,126.5,44.9,249.1,0.04,80.3,Medium,4.2
TRN00883,Transport,AES-256-GCM,modp1024(2),On,IPv4,web_browsing,441.7,20.6,0.5,0.48,157.7,Medium,5.6
TRN03566,Transport,3DES,modp3072(15),Off,IPv4,file_transfer,1424.0,106.7,0.5,0.9,145.5,Medium,3.9
TRN04286,Tunnel,AES-192,modp3072(15),Off,IPv6,dns_query,98.1,0.9,0.5,0.13,52.7,Medium,5.5
TRN01180,Transport,AES-192,modp1024(2),On,IPv6,voip,128.7,48.2,0.5,0.2,206.6,Medium,6.4
TRN05449,Tunnel,AES-192,modp1536(5),Off,IPv6,icmp,64.1,1.8,15.7,0.03,161.1,Medium,5.7
TRN04245,Tunnel,AES-128,modp4096(16),Off,IPv6,icmp,64.6,2.1,0.5,0.06,127.1,Medium,4.7
TRN05219,Transport,AES-256-GCM,modp768(1),Off,IPv4,whatsapp_msg,105.4,6.0,3.5,0.25,176.3,Medium,4.6
TRN06692,Transport,DES,modp768(1),Off,IPv6,web_browsing,446.2,17.1,0.5,0.86,150.0,Weak,9.5
TRN02131,Transport,AES-256-GCM,modp3072(15),Off,IPv4,file_transfer,1431.0,118.4,0.5,0.83,147.0,Strong,1.5
TRN05079,Tunnel,AES-256,modp2048(14),Off,IPv4,video_streaming,1294.6,90.4,242.0,0.55,183.5,Medium,6.1
TRN00457,Tunnel,DES,modp3072(15),On,IPv6,whatsapp_msg,55.1,5.6,1.5,0.22,133.5,Medium,3.4
TRN07444,Transport,AES-192,modp6144(17),Off,IPv6,file_transfer,1490.5,100.9,0.5,0.77,181.0,Strong,2.2
TRN05176,Tunnel,AES-192,modp1536(5),Off,IPv4,voip,78.6,47.0,0.5,0.15,152.3,Weak,7.5
TRN01951,Tunnel,AES-192,modp768(1),On,IPv4,video_streaming,1031.5,85.4,122.4,0.74,115.8,Weak,6.9
TRN05373,Tunnel,AES-256-GCM,modp6144(17),On,IPv6,icmp,60.2,2.5,0.5,0.08,159.7,Strong,3.2
TRN00690,Tunnel,AES-192,modp8192(21),Off,IPv6,video_streaming,1247.8,86.3,973.1,0.63,153.3,Strong,3.4
TRN07734,Transport,DES,modp3072(15),On,IPv4,email,765.9,8.9,35.8,0.2,132.1,Weak,6.9
TRN08838,Transport,AES-128,modp3072(15),Off,IPv6,icmp,77.8,1.5,0.5,0.07,69.7,Medium,5.0
TRN01954,Transport,AES-256-GCM,modp4096(16),Off,IPv4,web_browsing,399.7,13.6,5.0,0.55,146.1,Strong,1.3
TRN05637,Transport,DES,modp3072(15),On,IPv4,icmp,67.8,1.9,17.6,0.06,152.1,Weak,10.0
TRN06964,Tunnel,AES-128,modp8192(21),Off,IPv4,whatsapp_msg,144.5,10.3,0.5,0.25,108.9,Strong,1.4
TRN02711,Tunnel,DES,modp8192(21),On,IPv6,web_browsing,281.7,11.2,0.5,0.71,127.8,Medium,4.5
TRN07234,Transport,AES-128,modp1536(5),Off,IPv6,icmp,67.7,0.9,0.5,0.09,113.3,Weak,9.7
TRN07272,Transport,AES-256,modp3072(15),Off,IPv6,email,395.4,2.1,0.5,0.21,184.1,Strong,1.2
TRN04350,Tunnel,AES-128,modp2048(14),On,IPv4,email,691.2,4.0,23.7,0.36,221.9,Medium,3.7
TRN04139,Tunnel,DES,modp1536(5),On,IPv6,email,715.3,7.4,0.5,0.24,97.3,Weak,9.0
TRN01885,Transport,DES,modp4096(16),On,IPv6,file_transfer,1440.6,112.9,137.5,1.0,202.7,Medium,5.9
TRN07373,Transport,AES-256,modp2048(14),Off,IPv6,icmp,61.9,1.2,5.5,0.06,250.9,Medium,3.6
TRN04486,Tunnel,AES-256,modp1024(2),On,IPv4,dns_query,64.3,3.5,0.6,0.1,187.4,Medium,6.5
TRN02495,Transport,AES-256-GCM,modp4096(16),Off,IPv6,file_transfer,1299.1,82.9,0.5,0.88,128.3,Strong,2.3
TRN06990,Transport,AES-256-GCM,modp6144(17),Off,IPv4,dns_query,115.4,3.9,5.0,0.04,133.7,Strong,1.9
TRN03037,Tunnel,AES-256,modp6144(17),On,IPv4,whatsapp_msg,279.7,6.8,15.8,0.13,156.8,Strong,2.5
TRN05778,Transport,AES-256,modp2048(14),On,IPv6,file_transfer,1393.7,118.6,177.0,0.86,122.4,Medium,3.7
TRN03604,Tunnel,DES,modp2048(14),On,IPv6,email,224.7,10.2,0.5,0.2,163.6,Medium,5.5
TRN00846,Transport,3DES,modp8192(21),On,IPv6,voip,98.0,49.6,64.0,0.18,168.0,Medium,3.8
TRN00543,Transport,AES-256,modp3072(15),Off,IPv6,video_streaming,1194.9,104.0,377.2,0.67,227.6,Medium,6.5
TRN03725,Tunnel,AES-256-GCM,modp768(1),On,IPv6,file_transfer,1381.2,112.7,221.2,0.88,156.7,Medium,3.4
TRN04188,Tunnel,AES-192,modp1024(2),On,IPv4,dns_query,72.2,4.5,2.6,0.1,230.8,Medium,5.9
TRN03680,Tunnel,AES-192,modp2048(14),On,IPv6,email,733.1,12.5,0.5,0.34,102.4,Medium,5.2
TRN07919,Tunnel,DES,modp6144(17),Off,IPv4,email,291.2,8.0,0.5,0.2,99.0,Medium,3.7
TRN06076,Transport,AES-256-GCM,modp1024(2),Off,IPv6,dns_query,104.4,3.1,0.5,0.12,198.4,Medium,5.2
TRN06634,Transport,AES-192,modp6144(17),On,IPv4,dns_query,83.1,2.1,3.4,0.07,139.2,Strong,0.7
TRN08001,Tunnel,3DES,modp6144(17),On,IPv6,icmp,54.1,1.9,0.5,0.04,142.9,Medium,4.2
TRN06735,Transport,AES-256,modp1536(5),Off,IPv4,email,639.8,9.9,14.0,0.2,140.5,Medium,3.5
TRN02965,Transport,3DES,modp2048(14),Off,IPv4,video_streaming,1037.8,77.6,510.7,0.79,95.0,Weak,8.0
TRN02530,Transport,AES-256,modp1536(5),Off,IPv6,icmp,67.3,2.0,0.5,0.04,106.5,Medium,4.5
TRN05773,Transport,AES-128,modp6144(17),On,IPv6,whatsapp_msg,192.2,6.0,1.1,0.34,159.5,Strong,1.5
TRN01049,Transport,AES-128,modp2048(14),Off,IPv6,voip,87.9,42.7,0.5,0.26,118.2,Medium,4.9
TRN01961,Transport,AES-192,modp768(1),On,IPv4,dns_query,87.7,2.2,0.5,0.09,215.7,Weak,8.4
TRN02531,Tunnel,AES-128,modp3072(15),Off,IPv6,voip,101.8,33.3,0.5,0.24,247.0,Medium,3.2
TRN07213,Tunnel,3DES,modp1024(2),On,IPv4,video_streaming,1544.6,98.4,0.5,0.59,151.5,Weak,8.6
TRN00238,Tunnel,3DES,modp1536(5),Off,IPv6,dns_query,83.6,1.6,2.3,0.1,75.7,Weak,7.9
TRN04918,Transport,AES-128,modp6144(17),Off,IPv6,file_transfer,1431.5,131.6,0.5,0.9,61.1,Medium,5.6
TRN06480,Transport,AES-128,modp3072(15),On,IPv6,whatsapp_msg,154.9,4.2,9.4,0.24,254.2,Medium,3.9
TRN01134,Transport,AES-256-GCM,modp3072(15),Off,IPv6,file_transfer,1432.6,109.3,69.2,0.71,157.2,Strong,1.8
TRN05902,Transport,AES-128,modp768(1),Off,IPv4,web_browsing,461.4,15.9,55.6,0.37,175.8,Weak,9.7
TRN08091,Tunnel,DES,modp2048(14),Off,IPv4,email,325.7,8.8,9.9,0.23,162.1,Weak,6.9
TRN04260,Transport,AES-256,modp3072(15),Off,IPv6,voip,132.1,42.0,92.6,0.26,243.6,Medium,4.6
TRN08432,Transport,3DES,modp768(1),On,IPv6,icmp,58.8,1.3,8.4,0.05,179.5,Weak,9.2
TRN08980,Transport,AES-256-GCM,modp6144(17),Off,IPv4,web_browsing,276.5,16.1,63.2,0.72,80.1,Strong,1.3
TRN08513,Tunnel,AES-128,modp8192(21),Off,IPv6,dns_query,80.7,2.9,0.5,0.07,109.1,Strong,1.0
TRN07360,Tunnel,3DES,modp1024(2),Off,IPv6,dns_query,110.1,3.7,4.0,0.12,114.5,Weak,6.5
TRN05657,Transport,AES-256-GCM,modp6144(17),On,IPv4,web_browsing,488.5,18.3,35.9,0.44,184.7,Strong,1.7
TRN07550,Tunnel,DES,modp4096(16),On,IPv4,web_browsing,339.5,10.8,0.5,0.32,164.9,Medium,3.4
TRN08525,Transport,AES-128,modp3072(15),Off,IPv6,web_browsing,285.6,10.1,0.5,0.33,141.5,Medium,4.8
TRN05908,Transport,AES-128,modp8192(21),On,IPv6,video_streaming,1246.6,70.2,101.2,0.44,150.4,Strong,1.7
TRN02979,Tunnel,AES-128,modp3072(15),Off,IPv4,whatsapp_msg,129.6,7.7,0.5,0.22,89.4,Medium,3.9
TRN07746,Tunnel,AES-192,modp8192(21),Off,IPv4,file_transfer,1540.2,112.5,91.3,0.7,163.7,Strong,1.8
TRN05525,Tunnel,3DES,modp4096(16),Off,IPv6,email,612.5,3.5,0.5,0.27,137.1,Medium,5.4
TRN07528,Transport,AES-192,modp2048(14),On,IPv6,whatsapp_msg,105.9,7.1,0.5,0.28,197.4,Medium,4.3
TRN06622,Tunnel,AES-256,modp1024(2),Off,IPv6,web_browsing,483.2,17.5,4.3,0.34,167.5,Weak,8.0
TRN07303,Transport,AES-256,modp2048(14),On,IPv4,email,670.6,10.1,6.7,0.4,146.3,Strong,2.2
TRN03920,Tunnel,AES-128,modp1536(5),On,IPv4,web_browsing,337.0,17.3,0.5,0.4,45.2,Medium,4.3
TRN03139,Tunnel,AES-256-GCM,modp768(1),Off,IPv4,dns_query,92.4,2.7,2.0,0.09,138.3,Medium,5.6
TRN08473,Tunnel,3DES,modp8192(21),Off,IPv4,dns_query,54.4,2.7,6.0,0.13,200.9,Medium,5.0
TRN05790,Transport,AES-128,modp6144(17),Off,IPv4,dns_query,95.6,3.2,0.6,0.07,135.4,Strong,0.5
TRN04074,Transport,AES-256,modp4096(16),On,IPv6,whatsapp_msg,134.2,6.8,0.5,0.29,234.0,Strong,2.6
TRN03288,Tunnel,DES,modp1024(2),Off,IPv6,video_streaming,1311.7,102.5,173.6,0.69,56.6,Weak,8.2
TRN03230,Tunnel,AES-256-GCM,modp768(1),Off,IPv4,whatsapp_msg,111.4,7.9,0.5,0.26,135.9,Weak,8.0
TRN01827,Tunnel,AES-256,modp4096(16),Off,IPv4,voip,102.9,38.4,217.4,0.18,181.0,Strong,1.7
TRN05549,Transport,AES-256-GCM,modp4096(16),Off,IPv6,web_browsing,521.2,17.9,32.6,0.48,125.7,Strong,1.9
TRN00594,Tunnel,DES,modp768(1),On,IPv4,whatsapp_msg,231.1,7.2,15.8,0.42,187.8,Weak,7.4
TRN02726,Tunnel,AES-128,modp1536(5),Off,IPv4,whatsapp_msg,140.9,5.1,0.5,0.29,242.9,Weak,9.8
TRN04138,Tunnel,AES-256,modp8192(21),On,IPv4,icmp,64.0,2.5,11.1,0.06,179.8,Strong,0.3
TRN00561,Tunnel,AES-128,modp6144(17),On,IPv4,web_browsing,143.3,16.0,0.5,0.42,126.7,Strong,1.4
TRN07664,Tunnel,AES-128,modp4096(16),On,IPv6,icmp,65.5,2.0,26.4,0.07,176.0,Medium,4.1
TRN06904,Transport,AES-256,modp1536(5),On,IPv6,icmp,60.8,1.9,0.5,0.04,138.6,Medium,3.5
TRN00244,Transport,AES-256,modp1536(5),On,IPv6,icmp,73.4,2.3,18.4,0.06,144.6,Medium,4.1
TRN05436,Tunnel,DES,modp2048(14),Off,IPv4,icmp,79.6,2.0,5.3,0.03,120.8,Weak,7.9
TRN04438,Transport,AES-128,modp6144(17),Off,IPv4,email,699.1,9.1,26.5,0.19,193.8,Strong,1.4
TRN06803,Tunnel,AES-192,modp3072(15),Off,IPv6,web_browsing,471.7,8.4,29.6,0.48,282.2,Medium,5.5
TRN00406,Transport,AES-256-GCM,modp1536(5),On,IPv6,icmp,58.9,3.4,0.5,0.08,106.2,Medium,5.5
TRN01443,Transport,AES-128,modp1536(5),On,IPv6,web_browsing,480.9,15.6,0.5,0.4,152.2,Weak,9.4
TRN00262,Transport,AES-256-GCM,modp2048(14),Off,IPv4,voip,117.3,49.8,123.9,0.13,165.2,Strong,2.2
TRN06580,Tunnel,AES-128,modp1024(2),Off,IPv4,email,1074.5,14.3,0.5,0.08,177.6,Weak,8.4
TRN08578,Tunnel,DES,modp3072(15),On,IPv4,video_streaming,1178.0,81.5,0.5,0.45,163.7,Medium,6.3
TRN01690,Tunnel,AES-192,modp1536(5),Off,IPv4,file_transfer,1322.3,106.5,0.5,0.93,140.8,Weak,7.6
TRN01726,Transport,AES-256,modp6144(17),On,IPv6,video_streaming,1281.1,75.2,0.5,0.54,127.1,Strong,2.3
TRN07981,Transport,AES-128,modp1024(2),Off,IPv4,icmp,58.2,1.5,15.2,0.07,116.3,Weak,7.3
TRN04931,Tunnel,AES-128,modp1536(5),Off,IPv4,email,799.3,11.1,16.6,0.2,190.5,Weak,7.5
TRN05963,Transport,AES-192,modp768(1),On,IPv6,web_browsing,406.7,15.8,0.5,0.67,135.0,Weak,8.5
TRN02497,Tunnel,DES,modp8192(21),Off,IPv4,icmp,74.0,1.5,2.1,0.09,161.2,Medium,5.8
TRN06107,Tunnel,AES-192,modp1536(5),Off,IPv4,voip,125.4,63.2,47.4,0.18,84.5,Weak,8.8
TRN06596,Transport,DES,modp768(1),Off,IPv4,video_streaming,1194.0,90.3,634.1,0.57,144.1,Weak,6.0
TRN00341,Transport,AES-256-GCM,modp1024(2),On,IPv4,web_browsing,534.4,15.7,14.7,0.7,148.4,Medium,6.8
TRN06842,Tunnel,AES-256-GCM,modp4096(16),On,IPv6,dns_query,102.7,0.4,0.9,0.08,197.8,Strong,1.1
TRN01602,Transport,AES-192,modp1536(5),Off,IPv4,file_transfer,1472.9,83.1,79.4,0.93,189.5,Weak,8.2
TRN06860,Tunnel,3DES,modp8192(21),Off,IPv4,icmp,56.7,1.4,12.1,0.02,109.3,Medium,5.1
TRN05783,Transport,AES-256-GCM,modp8192(21),Off,IPv6,dns_query,96.9,3.8,0.5,0.08,103.5,Strong,2.0
TRN04577,Tunnel,AES-192,modp2048(14),On,IPv4,dns_query,62.0,3.2,0.5,0.08,94.7,Strong,1.5
TRN03726,Tunnel,AES-128,modp768(1),On,IPv4,web_browsing,455.4,11.7,0.5,0.74,57.9,Weak,7.9
TRN02557,Transport,AES-192,modp2048(14),On,IPv4,web_browsing,490.0,18.5,29.4,0.42,184.7,Medium,6.0
TRN02786,Transport,AES-256-GCM,modp3072(15),On,IPv4,whatsapp_msg,196.1,5.4,3.6,0.29,161.5,Strong,3.1
TRN01524,Transport,AES-192,modp1536(5),Off,IPv6,icmp,54.9,1.2,0.5,0.07,155.2,Medium,3.5
TRN08052,Tunnel,DES,modp2048(14),Off,IPv6,voip,122.9,51.1,79.5,0.16,137.1,Weak,9.2
TRN02832,Tunnel,AES-128,modp8192(21),Off,IPv6,whatsapp_msg,145.3,2.5,9.7,0.3,206.5,Strong,0.7
TRN01013,Transport,AES-256,modp6144(17),On,IPv6,email,433.5,2.1,21.2,0.34,132.9,Strong,2.7
TRN06909,Transport,AES-192,modp8192(21),On,IPv6,icmp,65.8,2.1,6.8,0.05,189.4,Strong,0.3
TRN07913,Transport,3DES,modp1536(5),Off,IPv4,whatsapp_msg,99.0,8.8,5.1,0.23,143.5,Weak,6.8
TRN01767,Tunnel,AES-192,modp2048(14),On,IPv4,web_browsing,346.3,8.7,35.3,0.18,172.2,Medium,4.6
TRN04552,Tunnel,3DES,modp6144(17),On,IPv4,email,599.8,7.8,0.5,0.35,166.0,Medium,3.1
TRN06550,Tunnel,3DES,modp1536(5),On,IPv4,voip,115.4,45.7,0.5,0.2,92.0,Weak,8.6
TRN04038,Tunnel,AES-256,modp6144(17),On,IPv6,icmp,61.2,2.5,0.5,0.06,182.3,Strong,2.1
TRN06706,Tunnel,AES-128,modp6144(17),On,IPv4,video_streaming,1393.5,93.0,0.5,0.74,183.5,Strong,1.7
TRN08969,Transport,AES-256,modp1024(2),Off,IPv4,video_streaming,1182.7,70.0,0.5,0.49,123.8,Weak,7.0
TRN07938,Transport,3DES,modp1536(5),Off,IPv4,icmp,72.3,2.1,0.5,0.06,158.8,Weak,8.3
TRN08683,Transport,3DES,modp1024(2),Off,IPv6,video_streaming,1564.1,107.7,0.5,0.51,185.3,Weak,8.2
TRN00364,Tunnel,3DES,modp4096(16),Off,IPv6,file_transfer,1448.8,150.4,119.5,0.77,132.2,Medium,4.8
TRN05368,Transport,AES-192,modp1536(5),On,IPv4,icmp,65.7,2.6,0.5,0.03,176.5,Medium,4.8
TRN08950,Transport,3DES,modp2048(14),On,IPv6,video_streaming,1198.0,93.9,382.9,0.59,119.8,Medium,6.1
TRN08170,Transport,AES-256-GCM,modp8192(21),Off,IPv4,video_streaming,1298.6,61.0,1485.0,0.57,70.0,Strong,1.2
TRN08503,Tunnel,3DES,modp2048(14),On,IPv4,email,545.2,6.2,6.9,0.21,161.0,Medium,5.0
TRN04726,Tunnel,DES,modp2048(14),On,IPv4,file_transfer,1407.4,133.4,310.1,0.77,179.1,Weak,8.2
TRN04444,Tunnel,AES-192,modp1536(5),Off,IPv6,web_browsing,401.1,8.5,0.5,0.19,150.4,Medium,5.4
TRN07802,Transport,AES-256-GCM,modp1536(5),On,IPv6,dns_query,86.2,5.2,3.1,0.06,89.2,Medium,5.3
TRN08623,Tunnel,AES-256,modp768(1),On,IPv6,dns_query,69.8,3.4,0.5,0.06,158.8,Medium,6.2
TRN02563,Tunnel,AES-256-GCM,modp768(1),On,IPv6,dns_query,98.2,2.5,1.0,0.08,107.8,Medium,4.0
TRN06858,Transport,DES,modp1024(2),On,IPv4,video_streaming,1238.0,97.6,0.5,0.6,200.4,Weak,7.5
TRN08639,Tunnel,DES,modp6144(17),On,IPv4,voip,92.0,45.3,83.8,0.26,125.8,Medium,4.4
TRN05520,Tunnel,AES-128,modp4096(16),On,IPv6,web_browsing,225.0,12.6,3.9,0.51,131.8,Strong,2.3
TRN08648,Tunnel,DES,modp2048(14),On,IPv6,icmp,67.1,1.3,2.1,0.04,114.7,Weak,8.2
TRN03084,Transport,AES-256-GCM,modp4096(16),Off,IPv6,web_browsing,382.6,19.3,0.5,0.32,146.9,Strong,2.2
TRN02960,Transport,3DES,modp8192(21),On,IPv6,file_transfer,1457.7,130.9,0.5,0.83,143.6,Medium,3.2
TRN02103,Transport,AES-192,modp6144(17),On,IPv6,web_browsing,264.9,11.4,0.5,0.25,167.5,Strong,0.3
TRN00633,Transport,AES-128,modp1024(2),On,IPv6,whatsapp_msg,133.9,5.3,0.5,0.17,176.9,Weak,7.0
TRN02494,Tunnel,AES-256,modp2048(14),On,IPv4,file_transfer,1440.0,147.5,16.9,0.68,205.9,Strong,1.8
TRN02666,Tunnel,AES-256-GCM,modp6144(17),Off,IPv6,icmp,66.0,2.0,5.8,0.06,155.2,Strong,0.3
TRN07198,Transport,AES-256-GCM,modp1536(5),Off,IPv4,file_transfer,1465.8,120.2,0.5,0.62,197.3,Medium,4.1
TRN04407,Transport,AES-128,modp1536(5),Off,IPv6,icmp,60.6,2.5,10.8,0.07,135.6,Weak,9.5
TRN07199,Tunnel,AES-128,modp1536(5),Off,IPv4,video_streaming,1118.7,78.5,9.6,0.8,102.7,Weak,8.1
TRN07758,Tunnel,3DES,modp4096(16),On,IPv4,voip,116.3,40.9,28.2,0.22,143.9,Medium,3.8
TRN02335,Transport,AES-128,modp8192(21),On,IPv6,voip,109.6,56.6,0.5,0.16,152.9,Strong,1.2
TRN07509,Tunnel,AES-256,modp8192(21),On,IPv4,voip,149.4,35.2,14.6,0.15,109.3,Strong,2.5
TRN03620,Tunnel,AES-192,modp1536(5),On,IPv6,icmp,59.5,2.1,15.5,0.05,193.0,Medium,3.7
TRN05562,Tunnel,AES-256,modp2048(14),Off,IPv4,file_transfer,1498.0,148.5,0.5,0.86,142.6,Medium,4.3
TRN03884,Tunnel,3DES,modp1024(2),On,IPv4,icmp,64.8,2.0,0.5,0.05,170.5,Weak,7.4
TRN06660,Tunnel,AES-256-GCM,modp8192(21),On,IPv4,dns_query,60.2,2.9,0.8,0.09,228.0,Strong,2.5
TRN04212,Transport,AES-256,modp1536(5),On,IPv6,video_streaming,1226.3,112.9,198.1,0.5,185.5,Medium,4.6
TRN08552,Tunnel,AES-192,modp2048(14),Off,IPv4,video_streaming,1454.5,112.4,0.5,0.5,177.7,Medium,5.8
TRN01495,Tunnel,3DES,modp8192(21),On,IPv4,dns_query,64.5,3.9,0.9,0.15,163.5,Medium,4.9
TRN02402,Tunnel,AES-192,modp3072(15),On,IPv4,whatsapp_msg,71.5,7.8,21.4,0.22,147.3,Strong,3.0
TRN03875,Tunnel,AES-256-GCM,modp4096(16),Off,IPv6,email,706.2,12.9,0.5,0.11,154.8,Strong,1.5
TRN01233,Transport,3DES,modp4096(16),Off,IPv6,email,681.9,11.7,0.5,0.27,88.0,Medium,6.0
TRN02662,Tunnel,AES-256-GCM,modp6144(17),On,IPv6,video_streaming,1468.8,83.2,960.2,0.54,129.1,Strong,2.2
TRN02818,Tunnel,AES-128,modp8192(21),On,IPv6,dns_query,69.9,3.2,0.5,0.07,138.3,Strong,2.1
TRN06700,Tunnel,AES-256-GCM,modp1024(2),Off,IPv4,email,722.1,8.9,0.5,0.47,132.1,Medium,4.2
TRN02775,Transport,3DES,modp1536(5),On,IPv4,voip,104.6,52.5,0.5,0.19,64.8,Weak,7.1
TRN08832,Tunnel,3DES,modp4096(16),Off,IPv6,email,491.4,8.2,0.5,0.25,141.9,Medium,4.5
TRN07769,Transport,3DES,modp8192(21),Off,IPv4,whatsapp_msg,119.2,6.7,0.5,0.19,202.5,Medium,5.5
TRN04154,Tunnel,3DES,modp1536(5),Off,IPv6,web_browsing,352.8,11.6,0.5,0.72,140.5,Weak,8.2
TRN07302,Transport,AES-256-GCM,modp768(1),On,IPv6,dns_query,94.0,2.3,0.6,0.13,159.9,Medium,4.9
TRN03062,Transport,AES-128,modp3072(15),On,IPv6,file_transfer,1300.1,136.0,216.1,0.99,76.7,Medium,5.9
TRN00067,Transport,AES-128,modp6144(17),On,IPv6,email,928.0,8.5,0.5,0.21,187.6,Strong,2.6
TRN08951,Tunnel,AES-256-GCM,modp2048(14),On,IPv4,web_browsing,262.8,16.1,0.5,0.69,196.0,Strong,1.7
TRN01736,Tunnel,AES-256-GCM,modp2048(14),Off,IPv4,email,321.3,7.8,6.6,0.53,114.2,Medium,5.4
TRN02824,Tunnel,DES,modp768(1),Off,IPv6,file_transfer,1467.9,86.9,191.6,0.8,92.4,Weak,7.2
TRN06293,Tunnel,AES-256-GCM,modp4096(16),On,IPv4,whatsapp_msg,214.0,5.3,9.5,0.21,123.4,Strong,1.4
TRN07467,Tunnel,AES-256,modp2048(14),Off,IPv4,icmp,55.1,1.6,21.6,0.07,265.9,Medium,5.7
TRN06731,Transport,AES-256,modp8192(21),On,IPv6,whatsapp_msg,122.6,3.3,0.5,0.17,167.3,Strong,0.7
TRN02476,Transport,AES-192,modp8192(21),Off,IPv4,icmp,46.4,2.1,0.5,0.08,124.1,Strong,0.3
TRN02565,Tunnel,AES-256-GCM,modp4096(16),Off,IPv4,file_transfer,1377.7,117.2,0.5,0.72,141.5,Strong,1.4
TRN08985,Transport,DES,modp1536(5),On,IPv6,icmp,56.1,2.4,0.5,0.05,149.3,Weak,8.5
TRN03714,Tunnel,AES-128,modp2048(14),On,IPv6,video_streaming,1513.1,71.8,0.5,0.71,196.1,Medium,5.2
TRN08326,Transport,AES-192,modp8192(21),Off,IPv6,file_transfer,1357.2,113.4,127.7,0.87,183.1,Strong,3.1
TRN00708,Tunnel,AES-128,modp6144(17),On,IPv4,voip,140.0,49.5,603.2,0.21,178.7,Strong,2.7
TRN03047,Transport,AES-192,modp768(1),On,IPv4,dns_query,74.6,3.5,0.5,0.13,147.6,Weak,7.9
TRN08260,Tunnel,AES-256-GCM,modp2048(14),Off,IPv4,voip,106.6,40.6,140.7,0.25,146.6,Medium,3.8
TRN05190,Transport,3DES,modp1536(5),Off,IPv6,video_streaming,1313.2,106.0,0.5,0.76,174.4,Weak,8.6
TRN07475,Tunnel,AES-256-GCM,modp8192(21),Off,IPv4,email,819.7,6.8,7.6,0.29,191.0,Strong,1.1
TRN05473,Transport,AES-256,modp2048(14),Off,IPv4,icmp,67.8,2.9,5.3,0.02,146.0,Medium,3.2
TRN00073,Transport,AES-256-GCM,modp4096(16),Off,IPv6,email,339.7,4.0,0.5,0.52,197.2,Strong,1.0
TRN06019,Transport,3DES,modp8192(21),On,IPv6,email,508.6,6.7,13.6,0.13,192.5,Strong,1.7
TRN04449,Transport,3DES,modp6144(17),On,IPv6,icmp,49.6,2.2,0.5,0.04,148.6,Medium,4.8
TRN05861,Tunnel,AES-256,modp1024(2),On,IPv6,web_browsing,406.5,9.1,0.5,0.53,132.6,Medium,5.0
TRN04840,Transport,AES-128,modp1536(5),Off,IPv4,voip,120.8,41.7,45.4,0.23,150.6,Weak,7.4
TRN04132,Transport,AES-256-GCM,modp1536(5),On,IPv4,whatsapp_msg,180.3,6.2,0.5,0.17,144.8,Medium,5.9
TRN05102,Transport,DES,modp768(1),On,IPv6,voip,129.4,43.3,711.8,0.26,185.3,Weak,7.3
TRN01191,Transport,AES-256,modp8192(21),Off,IPv6,icmp,73.7,2.3,14.0,0.08,153.4,Strong,2.1
TRN06432,Tunnel,DES,modp3072(15),On,IPv6,email,613.8,6.7,6.0,0.33,174.6,Weak,7.4
TRN02602,Tunnel,AES-256,modp8192(21),On,IPv6,file_transfer,1391.5,112.7,32.7,0.9,89.5,Strong,2.3
TRN01126,Transport,AES-192,modp768(1),Off,IPv6,web_browsing,447.1,11.8,71.8,0.44,173.8,Weak,6.7
TRN01242,Tunnel,AES-256-GCM,modp8192(21),Off,IPv6,web_browsing,559.2,18.1,68.6,0.41,151.6,Strong,1.1
TRN07580,Transport,3DES,modp8192(21),On,IPv6,video_streaming,1032.0,59.6,0.5,0.44,145.8,Medium,5.0
TRN03603,Tunnel,AES-192,modp1024(2),On,IPv6,video_streaming,1195.0,80.1,73.4,0.54,107.1,Medium,5.3
TRN08071,Tunnel,3DES,modp768(1),On,IPv4,dns_query,115.2,2.2,0.5,0.12,119.2,Weak,9.5
TRN07350,Transport,AES-128,modp1024(2),Off,IPv6,web_browsing,463.0,15.9,31.0,0.66,102.9,Weak,7.7
TRN03352,Tunnel,AES-192,modp1536(5),On,IPv6,video_streaming,1317.7,91.5,0.5,0.61,110.0,Medium,4.1
TRN05095,Tunnel,AES-128,modp4096(16),Off,IPv6,whatsapp_msg,119.3,5.8,0.5,0.21,220.7,Medium,4.4
TRN06603,Tunnel,AES-128,modp768(1),On,IPv4,email,442.3,11.5,14.5,0.34,112.9,Weak,9.3
TRN04009,Tunnel,3DES,modp2048(14),On,IPv4,voip,115.3,30.1,138.0,0.29,199.1,Medium,5.9
TRN01578,Transport,3DES,modp3072(15),On,IPv4,web_browsing,419.5,18.4,77.0,0.25,130.8,Medium,3.6
TRN03907,Transport,AES-128,modp768(1),On,IPv6,dns_query,64.8,5.0,0.5,0.11,175.4,Weak,9.0
TRN03730,Tunnel,AES-128,modp6144(17),On,IPv6,video_streaming,1289.7,114.3,991.0,0.77,197.0,Strong,1.2
TRN04359,Tunnel,AES-128,modp1536(5),Off,IPv4,video_streaming,1287.8,78.5,582.7,0.57,95.0,Weak,8.4
TRN05923,Tunnel,AES-128,modp2048(14),On,IPv6,web_browsing,439.6,15.2,0.5,0.66,162.0,Medium,3.7
TRN01344,Tunnel,3DES,modp2048(14),Off,IPv6,web_browsing,332.9,21.5,0.5,0.33,140.7,Weak,6.9
TRN08989,Tunnel,3DES,modp2048(14),Off,IPv4,file_transfer,1451.3,115.8,18.1,0.71,102.5,Weak,7.8
TRN07449,Tunnel,DES,modp1024(2),On,IPv4,video_streaming,1171.7,88.3,0.5,0.64,170.3,Weak,7.8
TRN00441,Transport,AES-256,modp4096(16),Off,IPv4,web_browsing,325.8,5.4,26.0,0.64,145.9,Strong,1.9
TRN01101,Tunnel,AES-128,modp1024(2),On,IPv6,file_transfer,1392.9,93.7,134.6,0.79,169.1,Weak,7.5
TRN02638,Transport,3DES,modp1024(2),On,IPv4,icmp,50.4,3.4,0.5,0.03,133.3,Weak,8.1
TRN06921,Tunnel,AES-256-GCM,modp1536(5),Off,IPv6,voip,143.3,28.8,304.2,0.19,240.5,Medium,4.0
TRN00650,Transport,AES-256-GCM,modp4096(16),Off,IPv6,email,683.0,4.3,17.3,0.31,125.2,Strong,1.4
TRN01547,Transport,AES-128,modp8192(21),Off,IPv4,voip,98.0,47.6,42.0,0.32,67.0,Strong,2.6
TRN08084,Tunnel,AES-128,modp4096(16),On,IPv6,video_streaming,1235.7,95.1,0.5,0.51,162.4,Strong,3.2
TRN07474,Transport,AES-192,modp8192(21),Off,IPv4,dns_query,62.5,3.3,2.5,0.16,121.0,Strong,0.4
TRN02853,Tunnel,DES,modp3072(15),On,IPv6,video_streaming,998.3,77.9,1946.2,0.71,132.4,Medium,3.4
TRN03504,Tunnel,AES-256-GCM,modp768(1),Off,IPv4,video_streaming,1234.2,88.9,173.6,0.69,104.0,Medium,6.0
TRN07067,Transport,AES-192,modp1024(2),Off,IPv4,whatsapp_msg,135.8,5.2,0.5,0.17,231.0,Weak,6.3
TRN00631,Tunnel,AES-192,modp6144(17),Off,IPv6,dns_query,81.8,2.2,0.5,0.09,67.8,Strong,2.5
TRN04769,Transport,AES-256,modp6144(17),On,IPv4,icmp,59.0,3.1,12.8,0.08,131.8,Strong,2.5
TRN01250,Transport,AES-256-GCM,modp2048(14),Off,IPv4,web_browsing,358.0,7.8,14.2,0.54,91.4,Strong,0.3
TRN07438,Tunnel,AES-192,modp2048(14),On,IPv4,voip,127.6,36.6,41.0,0.3,175.8,Medium,4.7
TRN00483,Tunnel,AES-256,modp6144(17),Off,IPv4,icmp,59.2,2.3,0.5,0.1,190.4,Strong,0.6
TRN01585,Tunnel,AES-128,modp6144(17),On,IPv6,email,338.6,12.5,0.5,0.26,127.9,Strong,0.9
TRN04677,Tunnel,AES-192,modp6144(17),Off,IPv6,file_transfer,1407.6,106.0,152.4,0.64,149.0,Strong,1.9
TRN06386,Transport,AES-192,modp3072(15),On,IPv4,icmp,66.5,0.9,12.7,0.05,192.8,Medium,4.6
TRN01463,Tunnel,DES,modp1536(5),On,IPv6,web_browsing,455.6,12.7,0.5,0.54,167.1,Weak,8.2
TRN03041,Tunnel,AES-192,modp1536(5),On,IPv4,file_transfer,1329.5,122.3,34.5,0.83,174.1,Medium,5.5
TRN05011,Tunnel,3DES,modp4096(16),Off,IPv6,video_streaming,1144.4,90.0,173.6,0.65,141.5,Medium,3.4
TRN07536,Transport,DES,modp768(1),On,IPv6,icmp,57.2,2.9,0.5,0.08,111.3,Weak,9.3
TRN03274,Transport,AES-128,modp768(1),On,IPv4,voip,118.4,54.2,558.9,0.26,123.7,Weak,8.3
TRN03684,Tunnel,DES,modp3072(15),On,IPv4,whatsapp_msg,155.2,11.7,5.7,0.38,153.4,Medium,3.0
TRN04146,Tunnel,AES-128,modp1536(5),Off,IPv4,web_browsing,484.8,7.6,12.6,0.76,159.6,Weak,8.5
TRN08761,Tunnel,AES-192,modp1024(2),On,IPv4,email,552.4,5.1,21.7,0.49,111.6,Medium,3.4
TRN06919,Transport,3DES,modp768(1),Off,IPv6,icmp,63.0,1.4,18.5,0.07,145.6,Weak,9.6
TRN04955,Tunnel,AES-256,modp4096(16),On,IPv4,video_streaming,1265.6,87.0,937.1,0.63,201.8,Strong,0.8
TRN03226,Transport,AES-256,modp1024(2),On,IPv6,dns_query,68.4,3.2,4.8,0.05,97.5,Medium,5.1
TRN01073,Transport,AES-192,modp1536(5),Off,IPv6,video_streaming,1361.4,92.3,259.6,0.71,198.0,Medium,5.1
TRN04816,Tunnel,DES,modp3072(15),On,IPv4,whatsapp_msg,154.7,7.5,0.5,0.1,185.8,Medium,4.5
TRN08888,Tunnel,AES-256-GCM,modp3072(15),Off,IPv4,whatsapp_msg,112.8,5.8,0.5,0.36,162.1,Strong,0.8
TRN02632,Transport,AES-128,modp1536(5),On,IPv6,dns_query,92.1,2.9,1.7,0.12,192.1,Medium,4.8
TRN01661,Transport,AES-256,modp3072(15),Off,IPv4,file_transfer,1405.4,123.9,226.6,0.85,191.6,Strong,1.4
TRN05753,Transport,AES-256-GCM,modp768(1),Off,IPv4,email,533.5,6.9,2.8,0.16,204.7,Medium,3.8
TRN02426,Tunnel,AES-192,modp1024(2),Off,IPv6,file_transfer,1397.3,155.0,0.5,0.84,94.6,Weak,8.9
TRN05080,Transport,AES-256,modp4096(16),On,IPv6,whatsapp_msg,173.4,7.7,2.2,0.36,187.1,Strong,2.8
TRN08220,Tunnel,AES-256,modp3072(15),Off,IPv4,voip,106.4,38.8,149.7,0.19,163.9,Medium,4.9
TRN05903,Tunnel,3DES,modp2048(14),Off,IPv4,video_streaming,1275.0,103.6,575.6,0.48,163.0,Weak,8.1
TRN07445,Tunnel,3DES,modp6144(17),Off,IPv4,icmp,52.9,1.7,0.5,0.03,201.2,Medium,6.1
TRN03098,Tunnel,AES-256-GCM,modp1024(2),On,IPv4,voip,148.4,35.0,192.1,0.17,78.0,Medium,5.7
TRN03977,Transport,AES-128,modp3072(15),Off,IPv4,video_streaming,1347.0,103.0,1109.4,0.46,110.0,Medium,4.3
TRN01244,Transport,AES-256-GCM,modp4096(16),Off,IPv4,voip,105.6,36.9,37.6,0.14,167.8,Strong,2.1
TRN01301,Transport,DES,modp2048(14),On,IPv6,voip,127.0,57.0,263.8,0.18,194.2,Weak,7.4
TRN06285,Tunnel,3DES,modp1024(2),On,IPv6,dns_query,72.6,2.5,0.5,0.06,167.3,Weak,7.0
TRN06978,Transport,AES-192,modp6144(17),On,IPv4,web_browsing,507.5,17.1,14.2,0.35,122.2,Strong,1.6
TRN05482,Tunnel,AES-256-GCM,modp768(1),Off,IPv6,icmp,76.0,2.1,4.6,0.06,118.1,Weak,8.6
TRN07755,Tunnel,3DES,modp8192(21),On,IPv6,dns_query,67.3,3.5,0.5,0.04,212.1,Medium,4.6
TRN05496,Transport,AES-256,modp768(1),On,IPv4,dns_query,88.7,2.4,0.5,0.08,153.7,Medium,3.6
TRN05292,Tunnel,AES-128,modp6144(17),Off,IPv6,dns_query,86.0,3.5,1.3,0.08,221.2,Strong,2.5
TRN01409,Transport,DES,modp6144(17),Off,IPv4,video_streaming,1337.6,88.1,0.5,0.71,156.7,Medium,3.8
TRN01846,Transport,DES,modp768(1),On,IPv4,whatsapp_msg,111.7,2.5,11.5,0.24,71.1,Weak,10.0
TRN01799,Tunnel,DES,modp6144(17),Off,IPv4,dns_query,76.4,2.5,1.7,0.11,221.1,Medium,4.7
TRN03958,Tunnel,AES-192,modp1536(5),On,IPv4,icmp,57.3,1.4,13.4,0.01,130.8,Medium,7.1
TRN01476,Tunnel,AES-128,modp768(1),Off,IPv4,file_transfer,1409.2,137.5,0.5,0.83,143.1,Weak,7.9
TRN07101,Tunnel,AES-192,modp6144(17),On,IPv6,video_streaming,1125.3,94.5,272.7,0.58,98.1,Strong,2.8
TRN00036,Transport,AES-192,modp3072(15),On,IPv4,voip,118.5,45.7,354.2,0.19,194.8,Strong,2.4
TRN07453,Transport,AES-256-GCM,modp3072(15),Off,IPv4,web_browsing,516.6,32.2,33.4,0.57,42.2,Strong,2.1
TRN06442,Tunnel,AES-128,modp4096(16),On,IPv4,icmp,56.2,2.0,10.1,0.06,204.0,Strong,2.5
TRN00445,Transport,AES-256-GCM,modp1536(5),On,IPv6,file_transfer,1463.0,152.5,0.5,0.74,188.2,Medium,5.5
TRN02360,Transport,AES-256-GCM,modp6144(17),Off,IPv6,whatsapp_msg,128.0,5.9,0.8,0.14,161.7,Strong,1.4
TRN03655,Tunnel,DES,modp1024(2),Off,IPv4,icmp,76.8,2.3,10.6,0.08,141.3,Weak,8.1
TRN06303,Transport,AES-256-GCM,modp1536(5),On,IPv6,video_streaming,1532.3,91.6,724.7,0.45,124.1,Medium,5.5
TRN07686,Transport,DES,modp6144(17),Off,IPv6,video_streaming,1142.8,113.6,127.5,0.5,163.4,Medium,3.9
TRN03180,Transport,AES-192,modp1024(2),On,IPv4,whatsapp_msg,199.1,4.3,0.5,0.3,84.9,Weak,7.8
TRN01287,Transport,AES-192,modp2048(14),On,IPv6,email,497.0,7.4,18.4,0.34,108.7,Medium,4.2
TRN07282,Tunnel,AES-256,modp1536(5),On,IPv6,icmp,59.1,2.0,0.5,0.06,157.2,Medium,4.5
TRN04446,Transport,DES,modp1536(5),On,IPv6,voip,85.4,57.0,146.5,0.18,132.3,Weak,8.7
TRN03417,Tunnel,DES,modp1024(2),Off,IPv6,email,852.9,4.5,0.5,0.24,147.3,Weak,8.5
TRN02138,Transport,AES-256-GCM,modp6144(17),Off,IPv6,web_browsing,461.5,21.6,0.5,0.51,242.1,Strong,0.9
TRN02637,Transport,3DES,modp1024(2),On,IPv4,web_browsing,248.3,20.9,47.5,0.64,128.5,Weak,9.0
TRN04017,Tunnel,3DES,modp6144(17),On,IPv4,voip,90.4,50.6,0.5,0.19,138.6,Medium,5.1
TRN04098,Tunnel,AES-256,modp8192(21),On,IPv6,voip,123.6,49.0,24.7,0.15,213.1,Strong,1.4
TRN01682,Tunnel,AES-256,modp8192(21),Off,IPv6,file_transfer,1362.4,126.4,0.5,0.63,209.2,Strong,0.3
TRN08774,Tunnel,AES-192,modp8192(21),On,IPv4,icmp,68.4,1.5,0.5,0.08,207.0,Strong,1.7
TRN07598,Transport,AES-256,modp1536(5),On,IPv4,video_streaming,1218.6,89.8,641.8,0.6,196.2,Medium,2.3
TRN05768,Tunnel,AES-256,modp8192(21),Off,IPv6,whatsapp_msg,138.4,6.2,16.9,0.22,91.3,Strong,2.2
TRN06793,Tunnel,AES-256,modp1536(5),Off,IPv6,file_transfer,1443.3,96.8,84.8,0.94,122.2,Medium,3.6
TRN05276,Tunnel,AES-256,modp4096(16),On,IPv6,file_transfer,1431.3,123.1,46.3,0.74,234.4,Strong,2.9
TRN01693,Transport,AES-256,modp6144(17),Off,IPv6,file_transfer,1404.0,108.4,0.5,0.95,143.5,Strong,0.6
TRN07236,Transport,AES-128,modp4096(16),On,IPv4,file_transfer,1420.8,127.9,0.5,0.66,166.4,Medium,6.8
TRN07795,Transport,AES-192,modp2048(14),Off,IPv4,file_transfer,1359.7,123.0,0.5,0.85,193.9,Medium,5.4
TRN03636,Tunnel,DES,modp768(1),On,IPv6,web_browsing,353.9,7.8,34.7,0.59,130.9,Weak,8.9
TRN00373,Tunnel,3DES,modp768(1),Off,IPv6,icmp,75.7,2.0,0.5,0.05,109.0,Weak,6.8
TRN07525,Tunnel,AES-256,modp3072(15),On,IPv6,email,872.9,8.8,13.0,0.31,99.9,Strong,1.4
TRN06013,Transport,AES-256,modp1536(5),Off,IPv6,voip,137.5,50.7,0.5,0.12,214.4,Medium,6.0
TRN05454,Transport,AES-128,modp3072(15),Off,IPv4,email,826.5,11.3,0.5,0.51,139.3,Medium,4.4
TRN05922,Transport,3DES,modp6144(17),On,IPv4,video_streaming,1516.4,69.9,0.5,0.6,50.0,Medium,5.5
TRN04883,Transport,AES-256,modp2048(14),On,IPv6,voip,133.8,36.5,348.7,0.27,176.7,Medium,3.2
TRN04566,Transport,AES-192,modp8192(21),On,IPv4,email,889.4,8.0,4.0,0.37,113.5,Strong,1.7
TRN00141,Transport,AES-192,modp1024(2),Off,IPv6,email,658.9,6.0,40.3,0.31,190.7,Weak,7.6
TRN04885,Tunnel,AES-256,modp8192(21),On,IPv6,file_transfer,1282.6,133.7,322.5,0.84,110.5,Strong,2.8
TRN04420,Transport,AES-192,modp8192(21),On,IPv4,file_transfer,1445.6,158.8,0.5,0.89,186.5,Strong,1.2
TRN08979,Transport,DES,modp2048(14),Off,IPv4,whatsapp_msg,160.7,4.0,6.7,0.29,135.1,Weak,9.4
TRN08040,Transport,AES-192,modp1536(5),Off,IPv6,email,751.1,8.4,0.5,0.25,123.4,Medium,5.0
TRN00715,Transport,AES-256-GCM,modp1024(2),Off,IPv6,whatsapp_msg,150.1,4.7,1.9,0.29,172.5,Medium,5.2
TRN05924,Tunnel,AES-256-GCM,modp2048(14),On,IPv4,dns_query,84.4,3.4,0.5,0.1,134.3,Strong,1.8
TRN06543,Tunnel,AES-256,modp4096(16),Off,IPv6,whatsapp_msg,123.1,7.9,1.3,0.27,95.0,Strong,1.8
TRN05244,Tunnel,DES,modp3072(15),Off,IPv6,voip,96.3,50.7,0.5,0.21,111.3,Weak,8.5
TRN03189,Transport,AES-256,modp1536(5),Off,IPv6,email,468.4,9.8,17.1,0.5,183.2,Medium,5.5
TRN08426,Tunnel,AES-256,modp3072(15),Off,IPv4,dns_query,85.5,3.4,0.5,0.17,162.5,Strong,1.2
TRN04432,Transport,AES-192,modp2048(14),Off,IPv4,file_transfer,1382.3,123.0,0.5,0.79,148.5,Medium,5.3
TRN08944,Tunnel,3DES,modp1024(2),On,IPv6,file_transfer,1411.2,122.6,202.3,0.85,145.3,Weak,8.2
TRN00407,Tunnel,DES,modp1024(2),Off,IPv6,icmp,50.8,2.4,15.8,0.08,190.0,Weak,8.6
TRN00021,Tunnel,AES-256-GCM,modp768(1),Off,IPv4,video_streaming,1270.7,101.6,300.2,0.66,168.5,Weak,9.5
TRN01005,Transport,AES-192,modp2048(14),Off,IPv6,file_transfer,1433.6,139.4,467.0,0.65,161.0,Medium,3.8
TRN06891,Transport,AES-256-GCM,modp768(1),On,IPv4,dns_query,87.6,4.3,0.5,0.09,176.7,Medium,4.1
TRN04987,Tunnel,AES-192,modp768(1),Off,IPv4,icmp,48.3,1.5,0.5,0.08,69.6,Weak,6.4
TRN02412,Tunnel,AES-192,modp2048(14),Off,IPv6,web_browsing,485.6,15.7,23.5,0.34,175.1,Medium,5.8
TRN02546,Transport,AES-256,modp8192(21),Off,IPv6,whatsapp_msg,143.0,1.8,8.8,0.06,185.7,Strong,2.7
TRN08696,Transport,AES-256-GCM,modp3072(15),On,IPv6,icmp,69.1,1.9,0.5,0.04,208.1,Strong,2.3
TRN02391,Tunnel,DES,modp2048(14),On,IPv4,dns_query,99.0,3.4,0.5,0.13,176.4,Weak,7.8
TRN07862,Transport,AES-192,modp4096(16),Off,IPv4,voip,136.9,53.1,362.6,0.23,211.3,Medium,6.0
TRN00043,Tunnel,AES-256,modp768(1),On,IPv6,icmp,56.9,2.3,4.1,0.04,188.9,Medium,4.4
TRN02831,Tunnel,3DES,modp2048(14),On,IPv6,icmp,73.4,2.8,0.5,0.04,128.3,Medium,3.6
TRN05860,Tunnel,AES-192,modp1536(5),Off,IPv6,whatsapp_msg,150.2,6.6,0.5,0.15,108.0,Medium,3.2
TRN03372,Tunnel,AES-128,modp3072(15),On,IPv6,video_streaming,907.5,87.6,203.5,0.64,171.7,Medium,5.8
TRN03023,Tunnel,3DES,modp768(1),On,IPv4,icmp,58.6,2.2,13.8,0.0,281.9,Weak,9.0
TRN03365,Tunnel,AES-128,modp6144(17),Off,IPv4,web_browsing,375.8,22.3,0.5,0.66,122.7,Strong,1.7
TRN04400,Tunnel,3DES,modp4096(16),Off,IPv6,email,817.9,8.9,12.6,0.25,164.0,Medium,3.2
TRN05253,Tunnel,AES-128,modp768(1),Off,IPv4,whatsapp_msg,176.0,2.2,0.5,0.24,69.5,Weak,10.0
TRN00012,Tunnel,AES-256,modp3072(15),Off,IPv6,video_streaming,1698.7,101.9,0.5,0.54,120.7,Medium,5.9
TRN04761,Tunnel,AES-256,modp2048(14),On,IPv6,dns_query,73.6,1.4,0.5,0.13,79.2,Medium,5.9
TRN01178,Tunnel,AES-192,modp1536(5),On,IPv6,icmp,51.3,2.7,0.5,0.06,119.2,Medium,3.4
TRN06773,Transport,AES-256-GCM,modp1024(2),Off,IPv4,icmp,58.7,2.4,0.5,0.08,162.3,Medium,3.8
TRN01948,Tunnel,AES-256,modp1024(2),On,IPv4,dns_query,73.7,1.4,0.7,0.02,137.1,Medium,4.1
TRN02502,Transport,AES-256-GCM,modp2048(14),Off,IPv6,email,605.9,9.7,29.7,0.39,150.8,Medium,3.6
TRN08345,Transport,AES-128,modp1024(2),On,IPv4,icmp,57.2,2.3,8.1,0.05,92.1,Weak,7.1
TRN02864,Transport,AES-192,modp1536(5),On,IPv6,dns_query,88.0,2.4,1.5,0.11,117.4,Medium,3.3
TRN07433,Transport,AES-256-GCM,modp6144(17),On,IPv4,file_transfer,1376.6,128.1,0.5,0.88,171.7,Strong,2.7
TRN03866,Transport,DES,modp4096(16),Off,IPv6,voip,110.8,43.7,255.3,0.23,188.6,Medium,4.8
TRN06229,Tunnel,3DES,modp1024(2),On,IPv6,voip,143.6,43.1,263.4,0.15,144.2,Weak,9.1
TRN01027,Tunnel,3DES,modp3072(15),On,IPv6,web_browsing,301.0,7.0,49.7,0.64,118.9,Medium,3.5
TRN03849,Transport,AES-128,modp2048(14),Off,IPv4,voip,137.2,48.1,111.8,0.21,167.1,Medium,5.0
TRN02990,Tunnel,3DES,modp6144(17),On,IPv6,file_transfer,1383.0,153.6,12.6,0.68,159.7,Medium,4.2
TRN00962,Transport,AES-128,modp3072(15),Off,IPv6,icmp,71.1,2.0,0.5,0.04,216.0,Medium,5.6
TRN02890,Transport,AES-192,modp2048(14),On,IPv4,voip,161.8,44.7,26.7,0.29,150.9,Medium,4.4
TRN03016,Transport,AES-256,modp768(1),On,IPv6,file_transfer,1319.7,144.8,212.5,0.7,192.1,Medium,5.6
TRN03339,Tunnel,AES-256,modp8192(21),On,IPv4,email,640.3,9.7,6.4,0.43,237.7,Strong,0.8
TRN06106,Transport,AES-256-GCM,modp8192(21),Off,IPv6,email,481.3,6.7,0.5,0.34,199.6,Strong,0.7
TRN06246,Tunnel,DES,modp1536(5),Off,IPv6,whatsapp_msg,105.3,5.9,0.5,0.19,107.1,Weak,8.4
TRN07218,Transport,3DES,modp6144(17),Off,IPv4,video_streaming,1233.3,76.7,1029.4,0.74,119.1,Medium,3.4
TRN06435,Transport,AES-128,modp1024(2),Off,IPv4,whatsapp_msg,173.6,9.2,6.7,0.23,159.1,Weak,10.0
TRN06935,Tunnel,AES-256-GCM,modp6144(17),On,IPv6,web_browsing,406.4,6.4,0.5,0.62,167.3,Strong,0.8
TRN00736,Tunnel,AES-256-GCM,modp1536(5),On,IPv4,whatsapp_msg,165.9,2.6,0.5,0.37,108.4,Medium,3.6
TRN04401,Tunnel,AES-128,modp4096(16),Off,IPv6,voip,150.5,41.4,0.5,0.18,168.8,Medium,7.1
TRN01441,Transport,AES-192,modp3072(15),Off,IPv4,voip,142.1,39.3,924.0,0.29,130.7,Medium,4.0
TRN08770,Transport,AES-256,modp4096(16),On,IPv6,web_browsing,473.6,17.7,18.9,0.36,231.9,Strong,1.4
TRN08582,Tunnel,3DES,modp6144(17),On,IPv4,file_transfer,1402.9,106.9,222.2,0.94,258.5,Medium,3.4
TRN02876,Tunnel,AES-256-GCM,modp3072(15),On,IPv6,web_browsing,347.2,11.2,19.6,0.48,195.4,Strong,1.4
TRN03987,Transport,AES-128,modp6144(17),On,IPv6,file_transfer,1386.9,97.4,140.6,0.69,181.6,Strong,1.7
TRN00917,Transport,AES-256,modp3072(15),Off,IPv4,video_streaming,1085.9,90.4,110.1,0.4,201.5,Strong,2.4
TRN08200,Tunnel,AES-192,modp8192(21),On,IPv4,icmp,71.2,1.5,9.4,0.04,184.8,Strong,1.2
TRN07637,Tunnel,AES-256-GCM,modp1024(2),On,IPv4,web_browsing,563.6,14.2,4.5,0.45,166.4,Medium,3.6
TRN04090,Transport,DES,modp4096(16),Off,IPv4,web_browsing,409.3,10.1,0.5,0.34,192.8,Medium,4.6
TRN08625,Tunnel,AES-128,modp1536(5),On,IPv6,video_streaming,1249.8,91.1,572.5,0.66,139.5,Weak,8.5
TRN07646,Transport,AES-256,modp2048(14),Off,IPv6,icmp,50.3,2.0,7.5,0.0,121.3,Medium,4.6
TRN02773,Tunnel,AES-192,modp1024(2),Off,IPv4,dns_query,83.2,4.1,0.5,0.12,159.7,Weak,8.9
TRN01625,Transport,AES-192,modp768(1),Off,IPv6,dns_query,82.4,4.3,1.6,0.12,105.5,Weak,9.3
TRN07757,Transport,AES-192,modp3072(15),Off,IPv4,web_browsing,517.7,13.7,0.5,0.73,205.8,Medium,5.0
TRN00822,Transport,3DES,modp768(1),On,IPv6,web_browsing,537.6,10.6,7.5,0.57,39.4,Weak,7.9
TRN01368,Tunnel,AES-256-GCM,modp4096(16),Off,IPv4,icmp,50.5,2.5,24.5,0.04,75.5,Strong,2.4
TRN03713,Tunnel,AES-256,modp6144(17),On,IPv4,voip,98.3,54.1,474.9,0.29,116.2,Strong,2.2
TRN08866,Transport,AES-128,modp2048(14),Off,IPv6,web_browsing,360.6,20.4,30.2,0.55,169.7,Medium,4.1
TRN01389,Transport,3DES,modp1536(5),Off,IPv4,web_browsing,248.7,16.3,46.1,0.28,184.1,Weak,8.1
TRN00851,Transport,AES-192,modp768(1),On,IPv4,dns_query,87.1,3.0,4.4,0.09,167.1,Weak,7.2
TRN01001,Tunnel,AES-256,modp4096(16),Off,IPv4,file_transfer,1371.0,124.8,291.0,0.8,86.4,Strong,2.1
TRN08842,Transport,AES-128,modp6144(17),Off,IPv4,web_browsing,312.7,11.5,41.6,0.52,231.0,Medium,6.0
TRN07464,Tunnel,DES,modp8192(21),On,IPv4,email,331.0,10.8,4.3,0.31,152.1,Medium,4.7
TRN04115,Tunnel,AES-256,modp2048(14),On,IPv6,video_streaming,1017.4,105.8,0.5,0.62,128.9,Medium,4.3
TRN01638,Transport,AES-128,modp8192(21),Off,IPv4,web_browsing,412.3,11.1,34.8,0.26,243.2,Strong,2.3
TRN01668,Tunnel,AES-256-GCM,modp1024(2),Off,IPv6,web_browsing,284.6,18.4,36.3,0.29,219.5,Medium,4.8
TRN04590,Transport,AES-256-GCM,modp8192(21),On,IPv4,voip,115.5,29.5,385.1,0.19,181.2,Strong,1.9
TRN03174,Tunnel,AES-256-GCM,modp4096(16),On,IPv4,voip,124.3,41.6,0.5,0.24,72.2,Strong,2.7
TRN08706,Tunnel,AES-256,modp1024(2),On,IPv4,email,690.8,4.5,0.5,0.23,8.0,Medium,5.7
TRN01348,Tunnel,AES-256,modp2048(14),Off,IPv6,whatsapp_msg,171.2,7.0,0.5,0.28,67.9,Medium,6.8
TRN07643,Tunnel,3DES,modp3072(15),On,IPv6,web_browsing,503.2,22.3,0.5,0.6,161.2,Medium,3.1
TRN03231,Transport,AES-256-GCM,modp6144(17),On,IPv6,icmp,52.7,2.0,3.6,0.05,94.6,Strong,1.4
TRN08125,Tunnel,AES-192,modp3072(15),Off,IPv4,whatsapp_msg,195.4,6.6,0.5,0.25,126.4,Medium,3.5
TRN08895,Tunnel,AES-192,modp6144(17),Off,IPv6,voip,140.2,42.1,0.5,0.16,203.2,Strong,0.3
TRN07529,Transport,DES,modp1536(5),Off,IPv6,file_transfer,1399.8,130.5,38.2,0.8,136.7,Weak,9.6
TRN04784,Tunnel,AES-128,modp2048(14),Off,IPv6,whatsapp_msg,128.7,5.8,0.5,0.21,148.2,Medium,6.0
TRN07648,Transport,3DES,modp1536(5),On,IPv4,email,444.7,5.1,0.5,0.38,130.1,Weak,7.5
TRN03233,Tunnel,AES-256-GCM,modp4096(16),Off,IPv6,email,763.9,9.4,6.2,0.31,92.5,Strong,1.3
TRN05705,Transport,AES-192,modp3072(15),On,IPv4,video_streaming,880.1,94.7,0.5,0.57,129.0,Strong,1.7
TRN08592,Tunnel,3DES,modp1536(5),On,IPv4,dns_query,74.8,2.8,1.7,0.09,133.7,Weak,8.5
TRN00704,Transport,AES-256-GCM,modp4096(16),On,IPv4,whatsapp_msg,156.5,6.3,0.5,0.4,102.8,Strong,0.9
TRN05106,Tunnel,3DES,modp768(1),Off,IPv4,voip,115.6,46.5,59.4,0.28,177.5,Weak,7.0
TRN07803,Tunnel,3DES,modp768(1),Off,IPv6,web_browsing,351.4,15.8,26.6,0.36,107.1,Weak,9.7
TRN03292,Transport,AES-256,modp4096(16),Off,IPv4,dns_query,90.0,2.0,0.5,0.06,143.4,Strong,0.4
TRN03674,Tunnel,AES-192,modp768(1),On,IPv4,web_browsing,349.9,15.7,0.5,0.55,184.1,Weak,8.1
TRN02409,Tunnel,AES-256,modp4096(16),Off,IPv4,dns_query,90.3,2.8,0.5,0.12,124.1,Strong,2.2
TRN08619,Transport,DES,modp4096(16),Off,IPv4,voip,99.6,48.8,0.5,0.19,138.4,Medium,4.6
TRN01328,Transport,AES-192,modp1024(2),On,IPv4,email,669.6,11.6,11.5,0.21,227.6,Weak,8.5
TRN08665,Transport,AES-192,modp1536(5),On,IPv6,email,295.8,9.1,0.5,0.28,86.6,Medium,4.6
TRN05774,Transport,AES-128,modp2048(14),On,IPv6,video_streaming,1241.7,107.3,314.2,0.59,162.9,Medium,5.1
TRN06096,Transport,AES-128,modp3072(15),Off,IPv4,voip,119.1,46.2,654.3,0.19,185.1,Medium,5.4
TRN05407,Transport,AES-128,modp3072(15),Off,IPv4,video_streaming,1137.7,72.6,31.7,0.77,136.0,Medium,4.4
TRN08022,Transport,3DES,modp4096(16),On,IPv6,voip,99.7,57.9,0.5,0.2,62.5,Medium,3.0
TRN06084,Transport,DES,modp768(1),Off,IPv4,dns_query,89.5,4.0,0.5,0.07,128.4,Weak,10.0
TRN04910,Transport,DES,modp768(1),On,IPv4,whatsapp_msg,139.2,5.2,0.5,0.22,203.2,Weak,9.4
TRN04441,Transport,AES-128,modp768(1),Off,IPv6,voip,107.2,34.2,0.5,0.22,110.8,Weak,8.3
TRN08802,Transport,AES-192,modp8192(21),Off,IPv6,web_browsing,481.9,13.4,44.5,0.6,180.1,Strong,0.8
TRN00987,Tunnel,AES-256-GCM,modp6144(17),On,IPv4,file_transfer,1390.3,99.0,0.5,0.76,149.3,Strong,0.6
TRN07771,Tunnel,AES-256,modp6144(17),Off,IPv4,file_transfer,1470.8,104.2,589.5,0.7,152.8,Strong,1.5
TRN03953,Tunnel,AES-256-GCM,modp2048(14),On,IPv4,email,682.9,3.8,0.5,0.36,157.4,Strong,2.3
TRN08303,Transport,AES-192,modp1024(2),Off,IPv4,icmp,65.3,2.1,3.5,0.03,111.9,Weak,6.4
TRN08100,Tunnel,AES-192,modp1024(2),Off,IPv4,whatsapp_msg,150.1,5.2,6.7,0.17,117.2,Weak,8.5
TRN04050,Transport,DES,modp8192(21),Off,IPv6,video_streaming,1177.4,79.5,0.5,0.76,126.1,Medium,6.8
TRN06258,Tunnel,AES-256,modp4096(16),Off,IPv4,whatsapp_msg,114.7,8.0,0.5,0.13,144.6,Strong,2.7
TRN03486,Transport,AES-256,modp768(1),Off,IPv6,whatsapp_msg,164.5,7.5,0.5,0.25,189.1,Weak,8.7
TRN06090,Transport,AES-256,modp8192(21),On,IPv4,file_transfer,1539.0,127.2,181.3,0.75,166.3,Strong,1.7
TRN02475,Tunnel,AES-192,modp4096(16),On,IPv6,whatsapp_msg,138.4,4.7,5.1,0.19,34.1,Strong,3.2
TRN05239,Tunnel,AES-192,modp1536(5),Off,IPv6,icmp,61.6,1.5,6.6,0.08,237.1,Medium,4.8
TRN06455,Tunnel,AES-256-GCM,modp4096(16),Off,IPv4,video_streaming,1275.9,90.4,1333.4,0.56,78.4,Strong,1.4
TRN03874,Tunnel,AES-256-GCM,modp1024(2),On,IPv6,email,500.5,7.5,11.0,0.22,188.3,Medium,6.1
TRN01199,Transport,3DES,modp1024(2),Off,IPv6,dns_query,89.4,4.7,0.5,0.08,146.2,Weak,9.2
TRN04182,Tunnel,AES-256-GCM,modp1536(5),On,IPv6,web_browsing,297.2,14.1,26.7,0.54,74.1,Medium,5.6
TRN01519,Tunnel,AES-256,modp3072(15),On,IPv6,web_browsing,346.4,20.1,57.1,0.42,182.0,Strong,0.3
TRN08116,Transport,DES,modp4096(16),Off,IPv4,email,735.5,2.7,34.2,0.26,162.9,Medium,6.1
TRN05478,Tunnel,AES-128,modp768(1),Off,IPv6,email,624.8,7.3,10.3,0.32,117.7,Weak,8.9
TRN06813,Tunnel,AES-128,modp1024(2),Off,IPv6,voip,124.8,41.1,29.8,0.2,161.1,Weak,9.1
TRN01800,Tunnel,DES,modp8192(21),Off,IPv4,icmp,52.9,2.1,4.1,0.07,169.7,Medium,3.9
TRN01015,Tunnel,AES-256-GCM,modp3072(15),Off,IPv4,icmp,50.7,1.9,13.0,0.07,146.8,Strong,1.6
TRN00129,Tunnel,DES,modp2048(14),Off,IPv6,email,665.7,8.1,0.5,0.4,196.1,Weak,8.2
TRN01365,Tunnel,DES,modp8192(21),On,IPv6,whatsapp_msg,125.6,3.6,0.6,0.22,138.0,Medium,6.6
TRN07538,Tunnel,AES-256,modp8192(21),On,IPv6,icmp,48.8,2.9,30.5,0.06,157.6,Strong,2.3
TRN04471,Tunnel,AES-256-GCM,modp6144(17),On,IPv4,video_streaming,1316.5,106.1,341.7,0.66,141.8,Strong,0.7
TRN00892,Tunnel,AES-128,modp1536(5),On,IPv6,dns_query,89.0,2.5,0.5,0.1,231.2,Weak,8.1
TRN02794,Tunnel,AES-256-GCM,modp1024(2),On,IPv6,voip,127.6,48.1,0.5,0.23,121.9,Medium,5.2
TRN01970,Tunnel,AES-256,modp4096(16),Off,IPv4,video_streaming,1032.7,87.6,0.5,0.52,149.0,Strong,1.2
TRN05456,Tunnel,DES,modp3072(15),Off,IPv6,video_streaming,905.1,81.7,567.3,0.54,206.2,Weak,9.0
TRN04404,Transport,AES-256-GCM,modp3072(15),Off,IPv4,video_streaming,1330.5,65.6,39.2,0.42,68.7,Strong,1.5
TRN05758,Tunnel,AES-192,modp2048(14),Off,IPv4,web_browsing,367.6,16.0,19.7,0.43,198.3,Medium,5.9
TRN06528,Transport,AES-256,modp1024(2),Off,IPv6,video_streaming,1437.0,83.7,681.3,0.68,145.3,Medium,3.5
TRN06295,Transport,AES-192,modp3072(15),On,IPv6,voip,120.2,53.0,444.3,0.25,129.8,Strong,2.0
TRN03924,Tunnel,AES-128,modp1024(2),Off,IPv4,whatsapp_msg,184.0,6.7,7.5,0.28,187.5,Weak,8.9
TRN05414,Tunnel,AES-192,modp3072(15),On,IPv6,video_streaming,1142.1,115.4,0.5,0.64,153.4,Strong,0.4
TRN08292,Tunnel,3DES,modp3072(15),Off,IPv4,dns_query,83.7,2.6,4.3,0.09,72.3,Medium,6.3
TRN03250,Transport,DES,modp3072(15),Off,IPv6,dns_query,57.9,4.0,2.4,0.12,187.8,Weak,7.7
TRN06571,Transport,AES-256,modp768(1),On,IPv6,file_transfer,1555.0,103.1,0.5,0.99,76.2,Weak,9.0
TRN06639,Tunnel,AES-256-GCM,modp2048(14),Off,IPv4,dns_query,79.3,2.9,0.5,0.08,178.3,Medium,3.1
TRN08243,Transport,DES,modp8192(21),Off,IPv4,voip,123.7,27.2,451.9,0.21,177.0,Medium,4.1
TRN01209,Transport,AES-192,modp8192(21),On,IPv6,dns_query,81.3,2.3,0.5,0.1,73.9,Strong,2.9
TRN03869,Transport,DES,modp768(1),Off,IPv6,file_transfer,1460.2,123.9,284.7,0.71,201.6,Weak,9.7
TRN08498,Transport,AES-256,modp6144(17),Off,IPv6,web_browsing,297.0,13.7,15.6,0.61,166.6,Strong,2.3
TRN04066,Transport,DES,modp3072(15),Off,IPv4,whatsapp_msg,185.8,8.8,8.3,0.35,143.4,Weak,7.1
TRN08273,Tunnel,AES-192,modp1024(2),Off,IPv6,email,549.8,8.6,20.3,0.37,81.9,Weak,9.1
TRN07432,Tunnel,3DES,modp4096(16),On,IPv4,file_transfer,1394.7,130.0,0.5,1.0,188.2,Medium,3.0
TRN01240,Tunnel,AES-128,modp6144(17),On,IPv6,video_streaming,1165.8,93.2,927.2,0.41,93.1,Strong,1.0
TRN02290,Tunnel,AES-256,modp6144(17),Off,IPv6,icmp,50.9,2.0,4.0,0.06,53.3,Strong,0.3
TRN02741,Tunnel,AES-192,modp2048(14),On,IPv4,whatsapp_msg,177.7,10.1,14.7,0.26,104.1,Medium,5.6
TRN00276,Transport,AES-256,modp2048(14),On,IPv6,web_browsing,411.2,21.5,22.2,0.54,100.1,Strong,1.8
TRN04586,Transport,AES-256-GCM,modp768(1),On,IPv4,icmp,77.3,1.4,8.1,0.04,184.0,Medium,4.9
TRN01036,Transport,AES-192,modp8192(21),On,IPv4,web_browsing,241.2,14.2,43.2,0.76,155.6,Strong,1.9
TRN01230,Transport,AES-256-GCM,modp8192(21),Off,IPv6,video_streaming,1011.2,97.6,0.5,0.63,80.1,Strong,1.7
TRN06835,Tunnel,3DES,modp1024(2),Off,IPv6,voip,134.9,59.9,425.6,0.22,135.8,Weak,8.8
TRN01009,Transport,DES,modp3072(15),On,IPv4,icmp,58.6,2.6,0.5,0.02,127.4,Weak,8.6
TRN07977,Transport,3DES,modp768(1),On,IPv4,voip,89.7,48.1,336.9,0.17,153.6,Weak,8.6
TRN05179,Transport,3DES,modp8192(21),On,IPv4,voip,111.8,36.5,0.5,0.29,193.2,Strong,3.4
TRN03829,Tunnel,3DES,modp6144(17),On,IPv6,icmp,62.0,2.5,12.2,0.04,211.5,Medium,4.8
TRN02533,Transport,AES-128,modp1536(5),On,IPv6,icmp,53.6,3.5,0.5,0.07,205.1,Weak,7.5
TRN04294,Transport,AES-128,modp1024(2),Off,IPv6,dns_query,49.6,2.0,0.5,0.08,272.8,Weak,7.4
TRN01059,Tunnel,AES-256-GCM,modp1024(2),Off,IPv6,voip,134.3,41.3,0.5,0.25,143.4,Medium,5.1
TRN06263,Transport,AES-256-GCM,modp1536(5),Off,IPv4,email,498.2,4.8,0.5,0.43,135.5,Medium,5.0
TRN07277,Transport,AES-128,modp768(1),Off,IPv4,video_streaming,722.9,94.9,0.5,0.7,128.3,Weak,9.2
TRN00282,Tunnel,AES-128,modp3072(15),On,IPv6,icmp,59.4,2.2,14.2,0.01,150.3,Medium,6.2
TRN01044,Transport,AES-256-GCM,modp1024(2),Off,IPv4,whatsapp_msg,143.3,10.9,4.4,0.26,232.3,Medium,4.7
TRN01317,Transport,AES-256-GCM,modp768(1),On,IPv4,whatsapp_msg,159.1,6.6,12.0,0.17,137.2,Medium,4.0
TRN06655,Transport,AES-128,modp8192(21),Off,IPv6,web_browsing,381.1,10.8,0.5,0.36,141.3,Strong,1.9
TRN00969,Tunnel,3DES,modp3072(15),Off,IPv6,web_browsing,379.7,22.0,54.1,0.56,166.0,Weak,8.6
TRN02382,Tunnel,AES-192,modp8192(21),Off,IPv6,dns_query,76.2,2.6,3.5,0.1,53.3,Strong,2.0
TRN07809,Tunnel,AES-128,modp2048(14),On,IPv6,file_transfer,1458.7,117.2,0.5,0.88,115.1,Medium,3.1
TRN01940,Tunnel,AES-256-GCM,modp8192(21),On,IPv4,whatsapp_msg,132.2,4.9,4.9,0.11,189.4,Strong,2.9
TRN07046,Tunnel,AES-256,modp1536(5),Off,IPv4,email,487.1,12.9,8.7,0.08,221.0,Medium,3.4
TRN01275,Transport,AES-256-GCM,modp8192(21),Off,IPv4,email,448.8,5.3,4.4,0.2,86.8,Strong,1.8
TRN00620,Transport,AES-256-GCM,modp2048(14),On,IPv6,web_browsing,487.1,12.4,0.5,0.48,86.1,Strong,0.3
TRN07121,Tunnel,AES-128,modp1536(5),Off,IPv4,icmp,65.9,1.6,0.5,0.03,179.6,Weak,8.6
TRN01743,Transport,DES,modp4096(16),Off,IPv6,file_transfer,1394.8,115.5,148.6,0.57,183.2,Medium,5.2
TRN01391,Tunnel,AES-256,modp2048(14),On,IPv4,file_transfer,1405.2,103.1,147.2,0.89,117.6,Medium,3.9
TRN07970,Tunnel,AES-192,modp2048(14),Off,IPv6,file_transfer,1399.3,138.2,0.5,0.69,183.6,Medium,3.5
TRN05944,Tunnel,3DES,modp4096(16),Off,IPv6,whatsapp_msg,153.2,6.1,5.2,0.17,137.9,Medium,5.4
TRN01580,Tunnel,AES-256,modp6144(17),On,IPv4,voip,140.5,28.2,0.5,0.24,183.2,Strong,0.8
TRN01656,Tunnel,AES-192,modp6144(17),On,IPv4,video_streaming,1320.4,99.2,1053.3,0.71,134.2,Strong,2.2
TRN03569,Transport,AES-192,modp8192(21),Off,IPv6,email,484.7,4.7,4.1,0.38,149.1,Strong,2.7
TRN02353,Transport,AES-192,modp3072(15),Off,IPv4,file_transfer,1390.1,121.9,116.3,0.8,169.6,Medium,3.5
TRN02213,Tunnel,3DES,modp3072(15),On,IPv6,video_streaming,1065.4,95.0,15.3,0.74,212.1,Medium,5.6
TRN06117,Transport,AES-128,modp768(1),On,IPv4,icmp,78.2,2.1,6.5,0.04,222.8,Weak,9.4
TRN08973,Transport,AES-256-GCM,modp4096(16),On,IPv6,voip,117.6,39.4,0.5,0.1,195.9,Strong,1.0
TRN06053,Transport,AES-128,modp4096(16),On,IPv6,video_streaming,1022.9,73.2,0.5,0.6,217.3,Medium,4.3
TRN03179,Transport,DES,modp1536(5),On,IPv4,video_streaming,1395.4,112.5,112.0,0.68,182.7,Weak,6.4
TRN03193,Transport,DES,modp3072(15),Off,IPv4,voip,137.5,39.2,542.8,0.15,110.9,Weak,6.6
TRN01308,Tunnel,AES-128,modp1536(5),On,IPv6,web_browsing,467.2,13.2,4.1,0.67,153.4,Weak,8.5
TRN06100,Tunnel,AES-256,modp768(1),On,IPv6,icmp,56.5,2.7,4.2,0.04,157.4,Medium,6.3
TRN00576,Transport,AES-128,modp1536(5),On,IPv6,file_transfer,1465.4,146.6,0.5,0.75,120.3,Medium,6.3
TRN02361,Tunnel,AES-256-GCM,modp1536(5),Off,IPv6,dns_query,63.3,2.5,1.2,0.1,139.4,Medium,6.8
TRN06657,Tunnel,3DES,modp4096(16),On,IPv4,whatsapp_msg,124.1,2.4,4.7,0.28,123.7,Medium,5.7
TRN05803,Transport,AES-128,modp768(1),On,IPv6,email,728.8,13.8,1.8,0.39,196.5,Weak,8.4
TRN07708,Tunnel,AES-256,modp1024(2),Off,IPv6,voip,98.3,37.2,370.0,0.18,146.4,Weak,9.7
TRN07380,Tunnel,3DES,modp1536(5),Off,IPv4,email,527.6,10.4,8.4,0.28,174.7,Weak,9.9
TRN01281,Tunnel,DES,modp4096(16),Off,IPv6,icmp,69.0,2.0,25.5,0.08,110.9,Medium,6.4
TRN07964,Tunnel,AES-128,modp4096(16),Off,IPv4,whatsapp_msg,162.3,9.6,0.5,0.25,185.0,Medium,5.0
TRN04958,Transport,AES-128,modp6144(17),Off,IPv6,email,542.1,12.0,14.9,0.28,176.8,Medium,4.0
TRN08095,Transport,3DES,modp6144(17),Off,IPv6,file_transfer,1370.5,117.1,0.5,0.75,220.5,Medium,4.1
TRN05898,Transport,AES-256,modp8192(21),Off,IPv4,voip,93.4,51.6,0.5,0.17,99.3,Strong,0.8
TRN05725,Transport,AES-256-GCM,modp6144(17),Off,IPv6,video_streaming,1038.9,86.9,0.5,0.53,95.5,Strong,1.8
TRN01994,Transport,DES,modp6144(17),On,IPv6,email,540.6,11.9,0.5,0.37,188.9,Medium,3.9
TRN02640,Tunnel,AES-128,modp4096(16),Off,IPv4,voip,147.7,45.0,265.2,0.16,181.3,Medium,5.5
TRN00270,Tunnel,AES-256,modp8192(21),On,IPv4,dns_query,99.2,4.6,3.1,0.11,171.6,Strong,2.3
TRN00630,Transport,AES-256-GCM,modp4096(16),On,IPv6,file_transfer,1350.3,131.2,71.4,0.93,200.6,Strong,1.9
TRN07265,Transport,DES,modp4096(16),On,IPv4,voip,82.3,54.3,0.7,0.16,109.5,Medium,2.6
TRN03082,Transport,DES,modp8192(21),On,IPv6,web_browsing,325.1,33.9,0.5,0.61,143.5,Medium,4.5
TRN03467,Transport,AES-256,modp2048(14),Off,IPv4,whatsapp_msg,190.3,5.5,3.9,0.26,240.8,Medium,4.0
TRN06431,Transport,AES-192,modp8192(21),On,IPv4,web_browsing,354.5,8.2,18.0,0.51,225.5,Strong,2.7
TRN08376,Transport,3DES,modp768(1),Off,IPv4,dns_query,66.4,3.3,0.5,0.1,154.5,Weak,10.0
TRN04397,Tunnel,AES-256-GCM,modp8192(21),On,IPv4,icmp,67.3,2.3,0.5,0.04,158.8,Strong,2.0
TRN04024,Tunnel,3DES,modp2048(14),Off,IPv4,video_streaming,1325.8,75.3,394.5,0.79,122.9,Weak,8.4
TRN08752,Transport,AES-128,modp1536(5),Off,IPv6,whatsapp_msg,115.2,4.4,12.2,0.25,86.3,Weak,6.1
TRN05544,Tunnel,DES,modp2048(14),Off,IPv6,file_transfer,1414.8,120.2,256.3,0.84,197.6,Weak,9.5
TRN05569,Transport,3DES,modp4096(16),On,IPv6,email,219.5,9.3,8.1,0.33,192.1,Medium,6.5
TRN02047,Transport,AES-256-GCM,modp8192(21),Off,IPv4,email,860.2,6.4,19.6,0.34,112.8,Strong,2.2
TRN04357,Transport,DES,modp8192(21),Off,IPv4,email,695.4,8.5,12.9,0.26,125.2,Medium,4.4
TRN07683,Transport,AES-192,modp6144(17),On,IPv6,dns_query,72.8,3.5,0.6,0.14,168.3,Strong,1.2
TRN02114,Tunnel,AES-128,modp1536(5),On,IPv4,web_browsing,387.8,16.3,23.4,0.36,55.3,Weak,8.1
TRN00028,Tunnel,DES,modp3072(15),On,IPv6,icmp,60.2,1.5,0.5,0.03,187.5,Medium,6.5
TRN02041,Tunnel,3DES,modp1024(2),Off,IPv4,whatsapp_msg,183.5,3.8,0.5,0.2,150.7,Weak,7.2
TRN03929,Tunnel,AES-256-GCM,modp768(1),On,IPv4,video_streaming,1341.9,66.3,0.5,0.56,221.8,Medium,3.6
TRN02939,Tunnel,AES-192,modp1536(5),On,IPv4,video_streaming,1122.8,114.8,418.4,0.59,106.5,Medium,6.5
TRN03217,Tunnel,AES-192,modp768(1),Off,IPv6,dns_query,85.0,0.4,0.5,0.11,123.8,Weak,8.3
TRN04934,Transport,DES,modp1536(5),On,IPv6,web_browsing,473.5,21.6,0.5,0.71,169.9,Weak,8.1
TRN03815,Transport,AES-128,modp1536(5),Off,IPv6,icmp,66.7,1.7,0.5,0.02,102.3,Weak,8.8
TRN00130,Tunnel,AES-192,modp3072(15),Off,IPv6,dns_query,83.6,4.6,0.5,0.13,156.6,Medium,5.8
TRN07269,Transport,AES-256,modp3072(15),Off,IPv4,voip,112.0,40.7,0.5,0.21,54.4,Strong,1.1
TRN06105,Tunnel,AES-128,modp8192(21),Off,IPv4,icmp,50.9,1.7,2.3,0.07,160.8,Strong,0.6
TRN02279,Tunnel,3DES,modp2048(14),Off,IPv6,whatsapp_msg,143.9,7.7,0.5,0.19,163.0,Weak,6.5
TRN04600,Tunnel,AES-256,modp1024(2),On,IPv6,email,1001.5,2.0,1.0,0.34,203.9,Medium,5.3
TRN00014,Tunnel,3DES,modp768(1),Off,IPv6,email,857.4,6.4,22.2,0.34,128.6,Weak,8.7
TRN08293,Transport,AES-192,modp3072(15),On,IPv4,icmp,59.8,1.9,2.1,0.06,106.5,Strong,1.9
TRN04477,Transport,AES-192,modp8192(21),On,IPv6,web_browsing,507.6,19.1,0.5,0.25,83.2,Strong,1.8
TRN08192,Transport,3DES,modp3072(15),Off,IPv4,voip,108.7,49.2,0.5,0.27,239.1,Weak,6.2
TRN01526,Tunnel,3DES,modp2048(14),On,IPv6,video_streaming,1253.8,87.3,871.6,0.52,156.0,Weak,7.7
TRN02366,Transport,DES,modp768(1),Off,IPv6,dns_query,78.2,3.0,0.5,0.13,109.8,Weak,8.2
TRN04649,Tunnel,AES-192,modp1536(5),Off,IPv6,dns_query,87.7,2.5,0.5,0.12,222.1,Weak,7.0
TRN03053,Tunnel,DES,modp1536(5),On,IPv4,voip,151.5,34.0,30.3,0.22,85.7,Weak,9.3
TRN04006,Tunnel,AES-256-GCM,modp4096(16),On,IPv4,dns_query,106.1,4.8,5.3,0.15,230.4,Strong,2.5
TRN06981,Tunnel,AES-192,modp4096(16),Off,IPv4,email,604.4,10.5,12.3,0.39,148.5,Strong,1.6
TRN02341,Transport,AES-128,modp8192(21),On,IPv4,whatsapp_msg,150.3,4.7,1.5,0.22,137.0,Strong,0.3
TRN00375,Tunnel,AES-256-GCM,modp3072(15),On,IPv4,file_transfer,1526.4,128.8,63.1,0.62,163.3,Strong,0.3
TRN07147,Tunnel,AES-192,modp1536(5),Off,IPv6,icmp,60.2,1.8,0.5,0.05,173.9,Weak,9.6
TRN06478,Transport,DES,modp8192(21),On,IPv6,web_browsing,367.2,22.0,0.5,0.79,71.3,Strong,1.8
TRN00526,Tunnel,DES,modp3072(15),On,IPv6,whatsapp_msg,126.4,7.2,12.3,0.18,131.5,Medium,3.5
TRN00940,Tunnel,DES,modp4096(16),On,IPv4,dns_query,94.8,2.7,1.0,0.16,143.4,Medium,2.8
TRN03370,Tunnel,AES-192,modp1024(2),Off,IPv6,email,611.6,4.4,0.5,0.25,151.4,Weak,9.3
TRN05719,Transport,3DES,modp4096(16),Off,IPv4,voip,113.2,45.6,249.3,0.23,133.9,Medium,3.7
TRN04574,Tunnel,AES-256-GCM,modp2048(14),On,IPv6,file_transfer,1433.8,121.8,7.3,0.83,65.9,Strong,1.6
TRN06896,Transport,AES-256-GCM,modp8192(21),Off,IPv6,voip,120.8,44.3,0.5,0.23,135.3,Strong,1.1
TRN02148,Transport,AES-256,modp768(1),On,IPv4,file_transfer,1409.2,151.3,276.3,0.73,209.2,Medium,5.0
TRN03592,Tunnel,AES-256,modp6144(17),On,IPv6,video_streaming,1212.6,90.5,474.3,0.76,161.4,Strong,0.3
TRN07737,Tunnel,AES-256,modp3072(15),Off,IPv4,whatsapp_msg,160.3,3.2,0.5,0.22,94.3,Strong,2.2
TRN08554,Transport,AES-192,modp6144(17),On,IPv6,whatsapp_msg,91.4,4.0,0.5,0.15,136.7,Strong,2.2
TRN02959,Tunnel,AES-128,modp4096(16),Off,IPv6,video_streaming,1265.8,99.9,0.5,0.47,154.0,Medium,5.3
TRN06165,Tunnel,AES-256,modp3072(15),On,IPv6,icmp,55.2,2.4,0.5,0.05,135.8,Strong,1.8
TRN03624,Transport,AES-128,modp4096(16),Off,IPv6,email,531.1,6.8,0.5,0.25,279.2,Medium,3.9
TRN00530,Tunnel,3DES,modp3072(15),Off,IPv6,voip,106.4,46.8,653.5,0.19,141.2,Weak,9.1
TRN03715,Tunnel,DES,modp768(1),Off,IPv4,dns_query,58.8,3.0,0.5,0.1,172.8,Weak,7.8
TRN07647,Tunnel,AES-256-GCM,modp3072(15),Off,IPv4,video_streaming,1215.3,101.6,0.5,0.6,75.7,Strong,0.3
TRN04733,Transport,AES-256-GCM,modp2048(14),Off,IPv6,file_transfer,1425.5,103.1,99.1,0.81,41.1,Strong,2.9
TRN01270,Transport,AES-192,modp3072(15),On,IPv4,icmp,70.0,2.2,0.5,0.03,190.7,Strong,2.3
TRN04282,Tunnel,DES,modp2048(14),On,IPv4,whatsapp_msg,130.9,5.7,9.4,0.21,183.2,Weak,9.0
TRN01395,Tunnel,AES-256,modp4096(16),On,IPv6,email,295.1,6.4,0.5,0.38,205.5,Strong,1.9
TRN04851,Tunnel,AES-256-GCM,modp6144(17),Off,IPv6,icmp,68.3,2.2,0.5,0.05,176.0,Strong,2.1
TRN04010,Tunnel,AES-256,modp1024(2),Off,IPv4,web_browsing,436.3,10.9,30.1,0.52,118.0,Medium,5.8
TRN04391,Tunnel,AES-256,modp4096(16),On,IPv6,voip,99.1,41.6,0.5,0.15,96.4,Strong,2.1
TRN01798,Transport,AES-192,modp2048(14),On,IPv4,video_streaming,1223.8,70.4,392.6,0.51,35.5,Medium,4.3
TRN02980,Tunnel,AES-128,modp4096(16),On,IPv6,web_browsing,377.0,13.8,0.5,0.46,175.0,Strong,2.8
TRN01442,Transport,AES-128,modp2048(14),On,IPv6,whatsapp_msg,132.7,5.0,1.6,0.31,115.8,Medium,4.8
TRN08188,Transport,AES-128,modp2048(14),Off,IPv4,dns_query,95.0,3.7,1.7,0.06,213.8,Medium,5.5
TRN02626,Tunnel,AES-256-GCM,modp1536(5),On,IPv4,email,865.1,12.0,17.3,0.28,134.4,Medium,3.9
TRN03812,Tunnel,AES-256,modp1024(2),Off,IPv4,icmp,64.9,2.1,0.5,0.03,133.5,Medium,5.6
TRN05632,Transport,AES-256,modp3072(15),On,IPv4,video_streaming,964.9,73.2,0.5,0.58,149.6,Strong,1.0
TRN08337,Transport,AES-192,modp4096(16),On,IPv4,email,40.0,11.4,0.5,0.19,144.6,Strong,0.7
TRN01274,Tunnel,AES-128,modp8192(21),On,IPv6,icmp,68.6,2.4,0.5,0.05,171.4,Strong,2.0
TRN08026,Transport,AES-192,modp8192(21),Off,IPv4,dns_query,85.9,3.2,3.5,0.12,202.1,Strong,1.1
TRN04704,Transport,AES-256-GCM,modp768(1),Off,IPv6,dns_query,82.0,3.6,0.5,0.11,145.3,Weak,7.8
TRN01713,Transport,DES,modp8192(21),Off,IPv6,voip,119.4,44.0,50.9,0.33,156.2,Medium,4.0
TRN08777,Transport,DES,modp4096(16),On,IPv4,file_transfer,1472.1,134.4,0.5,0.9,51.0,Medium,2.7
TRN00956,Transport,AES-256-GCM,modp6144(17),On,IPv6,voip,156.3,36.5,0.5,0.2,202.4,Strong,1.7
TRN06676,Transport,AES-192,modp2048(14),Off,IPv6,email,913.6,10.1,2.8,0.23,120.3,Medium,3.2
TRN07263,Tunnel,3DES,modp768(1),On,IPv6,whatsapp_msg,196.0,5.1,0.5,0.25,114.1,Weak,8.7
TRN07819,Tunnel,AES-256,modp1024(2),Off,IPv6,voip,125.6,52.0,210.5,0.16,133.2,Medium,5.6
TRN08435,Transport,AES-256,modp1024(2),On,IPv6,file_transfer,1412.4,95.4,265.7,0.86,123.7,Medium,5.9
TRN08606,Transport,AES-128,modp1024(2),On,IPv4,email,437.0,5.6,26.3,0.37,165.1,Weak,7.9
TRN07601,Transport,AES-256,modp1536(5),Off,IPv4,web_browsing,402.8,11.3,0.5,0.63,173.3,Medium,2.8
TRN00404,Transport,AES-256-GCM,modp8192(21),On,IPv6,icmp,72.3,1.9,0.5,0.03,150.7,Strong,3.1
TRN02072,Transport,AES-128,modp1024(2),Off,IPv6,voip,118.0,51.7,484.6,0.22,158.4,Weak,8.7
TRN08763,Transport,AES-256,modp3072(15),Off,IPv4,dns_query,77.5,4.0,1.4,0.07,279.1,Medium,3.6
TRN01978,Transport,AES-128,modp1536(5),Off,IPv4,dns_query,83.7,2.4,0.8,0.09,152.5,Weak,8.3
TRN00159,Transport,AES-256,modp6144(17),Off,IPv6,voip,116.9,45.4,0.5,0.19,116.8,Strong,1.6
TRN05845,Tunnel,3DES,modp2048(14),On,IPv4,dns_query,89.9,3.6,1.1,0.09,119.8,Medium,5.4
TRN07006,Tunnel,AES-256-GCM,modp768(1),Off,IPv4,email,1031.9,9.2,5.9,0.18,92.5,Weak,9.2
TRN03889,Transport,DES,modp1536(5),Off,IPv4,voip,109.0,49.7,821.7,0.18,140.6,Weak,8.9
TRN05452,Tunnel,AES-128,modp8192(21),On,IPv4,file_transfer,1394.5,161.7,0.5,0.83,196.6,Strong,2.3
TRN00903,Transport,AES-128,modp2048(14),Off,IPv4,email,360.6,0.4,9.5,0.44,106.7,Medium,5.8
TRN00353,Tunnel,AES-256,modp4096(16),On,IPv4,video_streaming,1030.6,95.7,134.0,0.44,151.2,Strong,2.6
TRN05327,Transport,3DES,modp4096(16),On,IPv4,dns_query,57.8,2.5,3.7,0.1,189.1,Medium,3.8
TRN06079,Tunnel,3DES,modp6144(17),On,IPv6,voip,102.0,56.2,0.5,0.18,140.0,Medium,2.6
TRN06237,Tunnel,AES-128,modp8192(21),On,IPv4,email,615.9,9.4,6.5,0.52,186.2,Strong,4.0
TRN04541,Transport,3DES,modp1536(5),On,IPv6,video_streaming,1140.1,76.8,1123.8,0.63,152.2,Weak,7.8
TRN04131,Tunnel,DES,modp6144(17),Off,IPv4,file_transfer,1340.7,131.7,0.5,0.76,247.1,Medium,6.4
TRN00755,Transport,AES-256-GCM,modp1024(2),On,IPv4,voip,143.4,44.2,0.5,0.17,94.6,Medium,3.6
TRN05834,Tunnel,AES-128,modp8192(21),Off,IPv4,file_transfer,1403.3,122.3,49.7,0.68,118.8,Strong,2.3
TRN02972,Transport,AES-128,modp4096(16),On,IPv4,email,637.3,6.2,3.2,0.41,135.3,Strong,0.6
TRN01083,Transport,AES-128,modp4096(16),On,IPv6,icmp,56.3,2.6,1.4,0.05,75.9,Strong,1.7
TRN02921,Transport,DES,modp8192(21),Off,IPv4,web_browsing,437.1,10.3,0.5,0.4,161.6,Medium,4.4
TRN00312,Tunnel,AES-256-GCM,modp1536(5),On,IPv6,dns_query,85.8,5.9,0.5,0.12,172.6,Medium,6.4
TRN04645,Transport,AES-256-GCM,modp6144(17),Off,IPv6,icmp,68.1,2.3,10.9,0.07,137.3,Strong,2.0
TRN00662,Tunnel,AES-256-GCM,modp1024(2),Off,IPv6,file_transfer,1442.5,107.1,299.2,0.92,192.2,Medium,4.3
TRN07058,Transport,AES-128,modp1024(2),On,IPv4,email,429.5,13.0,0.5,0.17,117.5,Weak,7.0
TRN01990,Tunnel,3DES,modp1536(5),On,IPv4,file_transfer,1392.9,128.5,470.6,0.67,115.2,Weak,7.8
TRN03666,Transport,AES-256,modp3072(15),On,IPv6,file_transfer,1356.7,115.4,0.5,0.73,189.0,Strong,1.4
TRN00307,Tunnel,AES-256-GCM,modp2048(14),On,IPv4,email,793.9,4.6,0.5,0.38,120.6,Strong,1.4
TRN02336,Transport,AES-128,modp3072(15),Off,IPv6,video_streaming,1237.0,93.3,553.7,0.56,189.9,Medium,6.2
TRN04791,Tunnel,DES,modp6144(17),On,IPv6,icmp,66.0,1.7,4.9,0.04,178.7,Medium,5.9
TRN02357,Tunnel,3DES,modp8192(21),On,IPv4,whatsapp_msg,161.4,4.4,8.3,0.13,187.9,Medium,6.2
TRN03703,Tunnel,AES-128,modp768(1),On,IPv4,whatsapp_msg,125.9,6.1,0.5,0.25,161.3,Weak,10.0
TRN03805,Tunnel,AES-128,modp3072(15),On,IPv4,dns_query,109.5,2.8,0.5,0.04,188.1,Medium,4.2
TRN01928,Transport,AES-192,modp2048(14),On,IPv6,voip,113.1,33.1,547.4,0.18,159.0,Medium,6.1
TRN08907,Tunnel,DES,modp4096(16),On,IPv6,video_streaming,1140.9,81.5,848.3,0.49,114.2,Medium,3.3
TRN03428,Tunnel,AES-128,modp3072(15),Off,IPv4,whatsapp_msg,144.5,4.5,0.5,0.16,115.0,Medium,3.2
TRN00750,Tunnel,DES,modp768(1),On,IPv6,dns_query,67.6,2.9,1.5,0.12,179.1,Weak,7.7
TRN03639,Transport,DES,modp4096(16),On,IPv4,video_streaming,1284.3,93.5,567.3,0.52,149.0,Medium,6.7
TRN07133,Transport,AES-192,modp1024(2),Off,IPv6,voip,104.7,52.8,0.5,0.2,167.2,Weak,8.2
TRN01267,Transport,3DES,modp1024(2),Off,IPv4,email,166.4,8.9,32.7,0.22,174.3,Weak,8.9
TRN07174,Transport,AES-256,modp2048(14),On,IPv4,video_streaming,1191.2,97.5,0.5,0.48,171.1,Strong,1.9
TRN07442,Transport,AES-256-GCM,modp768(1),On,IPv6,whatsapp_msg,209.8,3.4,0.5,0.16,160.9,Medium,3.8
TRN02957,Tunnel,AES-256-GCM,modp3072(15),Off,IPv4,web_browsing,454.3,11.0,0.5,0.53,67.3,Strong,1.3
TRN03596,Tunnel,AES-256,modp4096(16),On,IPv4,video_streaming,1007.4,69.2,0.5,0.53,121.5,Strong,1.5
TRN02135,Transport,AES-192,modp4096(16),Off,IPv4,file_transfer,1510.2,105.7,75.5,0.72,186.4,Medium,6.0
TRN05067,Transport,DES,modp4096(16),Off,IPv4,video_streaming,897.2,90.1,874.0,0.76,139.9,Weak,8.3
TRN04110,Tunnel,AES-256-GCM,modp768(1),On,IPv6,icmp,79.7,2.5,5.5,0.08,241.4,Medium,5.8
TRN04970,Tunnel,AES-256-GCM,modp1536(5),Off,IPv4,dns_query,85.6,2.6,1.2,0.09,175.1,Medium,5.4
TRN04905,Transport,AES-256,modp2048(14),Off,IPv6,voip,109.1,47.2,0.5,0.3,128.1,Medium,3.9
TRN00515,Transport,DES,modp1024(2),Off,IPv6,voip,102.9,40.6,266.1,0.15,107.3,Weak,10.0
TRN00895,Tunnel,AES-192,modp1536(5),Off,IPv4,file_transfer,1444.6,112.4,0.5,0.86,177.7,Medium,3.7
TRN00410,Transport,3DES,modp768(1),Off,IPv4,file_transfer,1417.9,116.9,0.5,0.52,126.0,Weak,7.0
TRN07399,Transport,DES,modp1536(5),On,IPv4,icmp,60.0,1.6,0.5,0.03,168.9,Weak,9.1
TRN08981,Tunnel,3DES,modp8192(21),On,IPv6,dns_query,53.2,3.0,0.6,0.13,207.6,Medium,5.0
TRN03462,Transport,DES,modp6144(17),Off,IPv6,web_browsing,375.3,11.2,0.5,0.49,150.3,Medium,5.6
TRN00900,Transport,DES,modp2048(14),On,IPv4,voip,86.9,51.5,732.9,0.22,129.2,Weak,7.5
TRN00208,Transport,3DES,modp1024(2),On,IPv4,whatsapp_msg,149.3,3.2,0.5,0.24,148.1,Weak,7.9
TRN07965,Tunnel,DES,modp2048(14),Off,IPv4,icmp,63.1,1.6,0.5,0.09,215.2,Weak,7.9
TRN00459,Tunnel,DES,modp2048(14),Off,IPv6,whatsapp_msg,178.9,7.2,0.5,0.31,213.9,Weak,8.5
TRN02055,Transport,AES-192,modp1024(2),On,IPv6,web_browsing,591.4,15.4,45.7,0.44,206.2,Medium,5.8
TRN02431,Tunnel,AES-128,modp8192(21),Off,IPv4,whatsapp_msg,202.0,6.1,1.8,0.27,148.0,Strong,2.2
TRN00251,Transport,AES-256-GCM,modp768(1),On,IPv6,voip,89.5,42.3,0.5,0.17,118.2,Medium,5.4
TRN08264,Transport,AES-256-GCM,modp1536(5),On,IPv4,web_browsing,605.4,18.7,10.9,0.27,129.2,Medium,3.9
TRN05438,Tunnel,AES-192,modp768(1),On,IPv4,web_browsing,438.4,26.3,20.3,0.63,190.6,Weak,8.6
TRN01108,Tunnel,DES,modp8192(21),Off,IPv6,file_transfer,1423.1,131.2,18.8,0.92,139.3,Medium,6.3
TRN07945,Tunnel,DES,modp2048(14),Off,IPv6,whatsapp_msg,155.0,5.1,7.8,0.22,214.9,Weak,9.2
TRN05980,Transport,AES-192,modp4096(16),On,IPv6,file_transfer,1396.8,133.3,0.5,0.97,145.6,Strong,2.2
TRN01714,Transport,DES,modp8192(21),On,IPv6,web_browsing,456.5,17.8,1.7,0.54,147.9,Medium,5.5
TRN03912,Tunnel,3DES,modp3072(15),On,IPv4,email,566.3,5.6,0.5,0.35,146.8,Medium,5.2
TRN07880,Tunnel,AES-256,modp1024(2),Off,IPv4,dns_query,99.1,3.3,0.8,0.08,208.6,Weak,8.6
TRN00716,Tunnel,AES-128,modp3072(15),Off,IPv6,file_transfer,1378.9,93.3,12.0,0.82,134.7,Medium,5.1
TRN00553,Tunnel,AES-256-GCM,modp768(1),Off,IPv4,whatsapp_msg,166.2,8.0,0.5,0.06,91.1,Medium,5.3
TRN01440,Transport,3DES,modp768(1),Off,IPv6,icmp,66.2,1.4,0.5,0.03,115.8,Weak,9.3
TRN02271,Transport,AES-256,modp1024(2),On,IPv6,video_streaming,1490.0,98.7,579.1,0.59,139.6,Medium,3.4
TRN03145,Transport,AES-192,modp3072(15),On,IPv4,voip,91.7,33.9,614.4,0.12,109.6,Strong,2.1
TRN06918,Tunnel,AES-128,modp8192(21),Off,IPv4,file_transfer,1401.1,82.7,0.5,0.89,190.8,Strong,2.0
TRN02057,Transport,AES-256,modp1024(2),On,IPv6,icmp,59.7,2.1,10.3,0.06,271.6,Medium,3.8
TRN01926,Tunnel,AES-256,modp1024(2),Off,IPv4,whatsapp_msg,165.1,9.6,0.7,0.39,181.7,Medium,4.8
TRN00635,Transport,AES-192,modp768(1),On,IPv4,file_transfer,1406.9,121.9,60.4,0.79,63.8,Weak,9.3
TRN06083,Tunnel,3DES,modp8192(21),On,IPv6,dns_query,81.1,3.2,1.4,0.09,183.8,Medium,5.2
TRN00317,Tunnel,3DES,modp8192(21),Off,IPv6,whatsapp_msg,109.9,8.1,0.5,0.32,139.8,Medium,6.4
TRN08335,Tunnel,AES-128,modp6144(17),On,IPv4,icmp,63.9,2.6,0.5,0.06,45.6,Strong,2.7
TRN08709,Tunnel,3DES,modp1024(2),On,IPv6,web_browsing,540.3,13.1,0.5,0.3,173.0,Weak,8.6
TRN05425,Tunnel,DES,modp2048(14),On,IPv6,file_transfer,1353.5,127.2,0.5,1.0,137.1,Weak,8.6
TRN00428,Tunnel,DES,modp4096(16),On,IPv4,icmp,78.0,2.3,11.8,0.04,169.4,Medium,5.8
TRN07278,Tunnel,3DES,modp4096(16),On,IPv4,file_transfer,1436.1,145.8,0.5,0.67,111.3,Medium,4.4
TRN00106,Tunnel,DES,modp4096(16),Off,IPv6,dns_query,53.2,2.7,0.5,0.12,128.8,Medium,4.0
TRN03042,Transport,AES-192,modp2048(14),Off,IPv4,icmp,64.7,3.1,0.5,0.04,121.4,Medium,6.1
TRN04239,Transport,AES-256-GCM,modp768(1),Off,IPv6,whatsapp_msg,112.2,8.3,0.5,0.23,119.3,Weak,8.5
TRN02170,Tunnel,AES-192,modp6144(17),On,IPv6,icmp,61.6,2.2,1.4,0.08,126.1,Strong,1.4
TRN01710,Tunnel,AES-256-GCM,modp1536(5),On,IPv6,video_streaming,1107.8,83.2,544.2,0.66,195.3,Medium,5.1
TRN00090,Tunnel,DES,modp8192(21),On,IPv4,video_streaming,1181.1,88.7,59.0,0.73,160.2,Medium,4.8
TRN07015,Transport,DES,modp3072(15),Off,IPv4,file_transfer,1501.8,121.5,202.9,0.76,126.7,Weak,10.0
TRN02242,Tunnel,AES-256-GCM,modp8192(21),Off,IPv6,video_streaming,1232.9,76.7,118.3,0.51,101.7,Strong,2.1
TRN03175,Transport,AES-256,modp4096(16),On,IPv4,web_browsing,430.1,11.8,18.6,0.4,179.6,Strong,1.3
TRN07319,Tunnel,3DES,modp4096(16),On,IPv6,dns_query,67.9,3.1,0.5,0.12,130.0,Medium,7.4
TRN06260,Tunnel,AES-192,modp4096(16),Off,IPv6,web_browsing,546.3,17.3,11.3,0.52,149.3,Strong,1.7
TRN06733,Tunnel,DES,modp1024(2),Off,IPv6,whatsapp_msg,139.3,4.6,0.5,0.25,145.9,Weak,8.9
TRN01950,Transport,AES-256-GCM,modp1536(5),On,IPv4,dns_query,78.3,4.3,2.7,0.1,133.8,Medium,6.3
TRN04045,Tunnel,DES,modp768(1),Off,IPv4,video_streaming,1207.1,76.8,549.3,0.65,232.3,Weak,7.6
TRN08860,Tunnel,AES-256,modp6144(17),On,IPv6,icmp,62.2,2.7,0.5,0.01,105.2,Strong,2.8
TRN02849,Tunnel,AES-128,modp768(1),Off,IPv6,whatsapp_msg,153.3,2.0,0.5,0.24,133.2,Weak,8.7
TRN06369,Tunnel,AES-256,modp2048(14),Off,IPv6,email,704.3,7.9,21.6,0.29,100.3,Medium,3.7
TRN00002,Transport,AES-256,modp1024(2),Off,IPv6,web_browsing,576.0,20.2,0.5,0.73,125.0,Weak,8.0
TRN06140,Tunnel,AES-256,modp8192(21),Off,IPv4,web_browsing,290.2,11.7,0.5,0.28,144.5,Strong,0.8
TRN04338,Tunnel,AES-128,modp4096(16),On,IPv4,icmp,75.4,2.3,5.3,0.04,115.2,Medium,5.7
TRN06048,Transport,AES-256,modp1024(2),Off,IPv4,whatsapp_msg,131.1,0.3,10.3,0.04,150.7,Medium,3.4
TRN00936,Transport,DES,modp6144(17),Off,IPv6,whatsapp_msg,190.1,9.9,0.5,0.36,113.9,Medium,5.3
TRN00714,Tunnel,AES-256,modp8192(21),Off,IPv6,email,328.9,7.7,17.0,0.26,145.8,Strong,2.8
TRN02721,Transport,AES-256,modp3072(15),Off,IPv6,icmp,71.4,2.2,4.3,0.03,148.4,Strong,2.2
TRN08957,Tunnel,3DES,modp6144(17),Off,IPv4,file_transfer,1457.5,122.7,0.5,0.87,141.2,Medium,6.2
TRN05206,Transport,AES-128,modp4096(16),Off,IPv6,web_browsing,508.5,20.7,0.5,0.58,161.3,Medium,5.9
TRN07502,Transport,AES-256-GCM,modp768(1),On,IPv6,file_transfer,1453.2,121.1,0.5,0.64,179.5,Medium,4.2
TRN00592,Tunnel,AES-128,modp6144(17),On,IPv6,whatsapp_msg,125.8,8.4,0.5,0.26,173.4,Strong,2.9
TRN08829,Tunnel,3DES,modp1024(2),On,IPv6,video_streaming,967.1,80.5,0.5,0.66,142.8,Weak,8.5
TRN07357,Transport,AES-192,modp1024(2),On,IPv6,whatsapp_msg,180.4,6.2,2.1,0.31,173.5,Weak,9.3
TRN02937,Transport,AES-128,modp1024(2),On,IPv6,dns_query,102.8,1.9,0.5,0.04,124.3,Weak,8.6
TRN08514,Transport,DES,modp4096(16),On,IPv4,icmp,79.7,2.4,0.5,0.06,209.1,Medium,3.5
TRN02449,Transport,DES,modp3072(15),On,IPv6,whatsapp_msg,201.0,6.5,5.7,0.32,60.8,Medium,3.8
TRN01577,Transport,AES-256,modp3072(15),On,IPv6,video_streaming,1059.3,85.9,406.6,0.63,202.8,Strong,1.5
TRN07877,Tunnel,AES-256,modp1536(5),Off,IPv6,icmp,58.8,1.7,0.5,0.04,116.7,Medium,4.5
TRN08169,Tunnel,AES-192,modp8192(21),Off,IPv6,file_transfer,1396.0,97.8,55.8,0.82,165.0,Strong,1.8
TRN00214,Transport,DES,modp4096(16),On,IPv6,email,682.5,6.7,0.5,0.44,184.9,Medium,6.6
TRN00779,Tunnel,DES,modp6144(17),Off,IPv4,whatsapp_msg,176.3,4.2,5.9,0.25,110.3,Medium,5.0
TRN05512,Tunnel,AES-128,modp2048(14),On,IPv4,email,694.5,7.0,0.5,0.35,35.2,Medium,3.7
TRN03497,Transport,AES-256,modp6144(17),Off,IPv6,file_transfer,1322.4,110.2,0.5,0.73,124.1,Strong,0.7
TRN07678,Tunnel,DES,modp3072(15),Off,IPv4,voip,117.9,41.2,323.0,0.16,200.6,Weak,10.0
TRN02044,Tunnel,AES-128,modp3072(15),On,IPv4,whatsapp_msg,124.4,9.9,0.7,0.18,176.0,Medium,4.1
TRN08760,Transport,3DES,modp3072(15),On,IPv6,video_streaming,950.6,94.6,1152.5,0.57,149.6,Medium,5.7
TRN08551,Tunnel,3DES,modp2048(14),On,IPv6,email,615.1,7.4,0.5,0.26,91.6,Weak,6.8
TRN05421,Transport,3DES,modp4096(16),On,IPv6,dns_query,86.1,3.4,2.5,0.09,77.2,Medium,5.5
TRN06155,Tunnel,AES-256,modp8192(21),On,IPv6,email,763.5,4.6,14.9,0.33,86.5,Strong,3.0
TRN01568,Transport,AES-256,modp8192(21),On,IPv6,file_transfer,1436.4,108.1,9.6,0.82,154.5,Strong,3.1
TRN00166,Transport,AES-256,modp1024(2),On,IPv4,web_browsing,600.1,12.2,0.5,0.79,143.3,Medium,4.8
TRN04703,Tunnel,AES-256-GCM,modp6144(17),Off,IPv4,whatsapp_msg,117.0,8.8,8.0,0.24,163.6,Strong,1.7
TRN03567,Tunnel,DES,modp1024(2),Off,IPv6,email,241.9,9.4,1.5,0.3,94.3,Weak,7.9
TRN07498,Transport,AES-256-GCM,modp1536(5),Off,IPv6,web_browsing,539.8,15.6,54.0,0.31,119.4,Medium,3.7
TRN08765,Transport,AES-128,modp1024(2),Off,IPv4,icmp,80.7,1.6,0.5,0.05,176.8,Weak,8.3
TRN05440,Tunnel,AES-256-GCM,modp1024(2),Off,IPv6,email,915.6,3.0,7.4,0.27,176.5,Medium,5.8
TRN02014,Transport,3DES,modp1024(2),Off,IPv6,email,467.3,9.2,5.8,0.31,117.9,Weak,6.9
TRN00274,Tunnel,AES-256-GCM,modp3072(15),Off,IPv6,email,309.4,8.9,0.5,0.33,128.0,Strong,1.4
TRN03861,Tunnel,AES-256,modp3072(15),Off,IPv6,web_browsing,217.3,17.2,45.4,0.0,105.8,Strong,0.9
TRN04168,Transport,AES-256,modp2048(14),Off,IPv6,whatsapp_msg,104.7,5.6,5.8,0.33,273.6,Medium,5.2
TRN07810,Transport,AES-256-GCM,modp4096(16),On,IPv4,icmp,66.0,1.5,11.0,0.04,150.0,Strong,1.9
TRN03789,Transport,AES-128,modp6144(17),On,IPv6,whatsapp_msg,127.2,5.5,4.4,0.14,104.9,Strong,2.2
TRN05184,Tunnel,AES-128,modp768(1),On,IPv6,video_streaming,1233.9,86.1,1069.6,0.62,137.5,Weak,8.9
TRN00395,Transport,AES-256-GCM,modp768(1),Off,IPv6,email,715.4,10.6,1.2,0.18,127.4,Medium,5.2
TRN00584,Tunnel,AES-256-GCM,modp4096(16),On,IPv4,email,444.5,11.3,4.4,0.17,178.1,Strong,1.7
TRN08919,Transport,AES-128,modp1536(5),On,IPv4,dns_query,94.6,2.1,2.9,0.05,200.9,Weak,8.6
TRN08987,Tunnel,DES,modp3072(15),On,IPv4,video_streaming,1122.4,96.9,1054.1,0.67,166.4,Weak,10.0
TRN00117,Tunnel,AES-128,modp1024(2),On,IPv4,whatsapp_msg,206.4,5.4,3.9,0.21,150.4,Weak,9.3
TRN06645,Tunnel,AES-256,modp1024(2),Off,IPv6,icmp,57.5,1.8,1.3,0.06,214.0,Medium,5.4
TRN08041,Transport,AES-192,modp768(1),Off,IPv4,email,310.5,6.0,0.5,0.22,116.6,Weak,8.5
TRN06870,Tunnel,3DES,modp2048(14),On,IPv4,icmp,66.4,1.5,16.0,0.08,176.4,Medium,5.8
TRN08955,Tunnel,AES-256-GCM,modp4096(16),Off,IPv6,email,841.6,2.8,7.9,0.39,214.7,Strong,2.4
TRN08938,Tunnel,AES-192,modp6144(17),On,IPv6,dns_query,71.5,4.6,0.5,0.08,138.5,Strong,0.3
TRN07922,Transport,AES-256,modp1024(2),On,IPv6,dns_query,110.2,4.2,0.8,0.13,75.6,Medium,6.5
TRN00521,Tunnel,AES-192,modp4096(16),Off,IPv4,whatsapp_msg,116.8,5.8,0.5,0.27,155.6,Strong,2.6
TRN01764,Transport,AES-128,modp4096(16),On,IPv4,file_transfer,1412.2,117.7,107.7,0.73,128.1,Medium,5.6
TRN01876,Tunnel,DES,modp3072(15),On,IPv6,video_streaming,1209.2,103.5,1499.0,0.65,230.2,Weak,9.2
TRN05356,Transport,3DES,modp768(1),On,IPv4,file_transfer,1440.2,107.8,0.5,1.0,108.0,Weak,8.9
TRN03966,Transport,DES,modp2048(14),On,IPv6,voip,154.1,47.7,0.5,0.17,180.1,Weak,8.7
TRN03345,Tunnel,AES-192,modp768(1),Off,IPv6,icmp,68.3,1.9,0.5,0.04,163.6,Weak,9.2
TRN06599,Tunnel,AES-128,modp3072(15),On,IPv4,email,785.2,8.7,0.5,0.38,97.0,Medium,6.3
TRN02254,Tunnel,AES-192,modp8192(21),Off,IPv6,icmp,64.0,2.2,10.9,0.08,178.9,Strong,3.0
TRN06878,Tunnel,3DES,modp3072(15),Off,IPv6,video_streaming,1270.3,70.8,713.9,0.65,115.0,Weak,9.4
TRN03225,Tunnel,AES-128,modp2048(14),On,IPv6,web_browsing,461.0,13.0,0.5,0.47,105.4,Medium,4.1
TRN00527,Transport,AES-256,modp4096(16),On,IPv4,voip,115.5,37.3,45.2,0.13,123.1,Strong,1.5
TRN08109,Tunnel,DES,modp4096(16),On,IPv4,file_transfer,1408.1,95.7,173.9,0.84,133.3,Medium,4.6
TRN02947,Tunnel,DES,modp3072(15),Off,IPv4,file_transfer,1449.9,95.5,0.5,0.85,188.2,Weak,6.9
TRN04474,Tunnel,AES-128,modp6144(17),Off,IPv4,whatsapp_msg,94.8,4.8,5.3,0.09,159.9,Medium,4.9
TRN03900,Tunnel,AES-128,modp2048(14),On,IPv6,icmp,65.8,2.2,3.2,0.04,142.7,Medium,4.4
TRN05656,Transport,AES-128,modp3072(15),Off,IPv6,video_streaming,1154.8,86.2,69.3,0.47,76.5,Medium,2.9
TRN00693,Tunnel,DES,modp1024(2),On,IPv6,voip,123.6,48.3,82.0,0.21,107.4,Weak,6.3
TRN06060,Transport,AES-192,modp6144(17),On,IPv6,web_browsing,365.5,14.7,0.5,0.73,137.7,Strong,0.5
TRN00960,Transport,AES-128,modp1024(2),On,IPv6,voip,97.5,39.4,51.8,0.22,195.0,Weak,8.2
TRN04445,Tunnel,AES-256-GCM,modp6144(17),On,IPv4,dns_query,86.5,2.2,0.5,0.04,175.9,Strong,1.5
TRN08481,Transport,3DES,modp6144(17),Off,IPv6,whatsapp_msg,129.7,7.5,2.6,0.08,203.6,Medium,6.6
TRN06343,Tunnel,3DES,modp6144(17),On,IPv4,email,674.4,5.5,14.7,0.25,192.6,Medium,3.8
TRN06132,Tunnel,AES-256,modp6144(17),Off,IPv4,dns_query,82.8,0.5,4.2,0.09,156.9,Strong,1.8
TRN03634,Tunnel,AES-256-GCM,modp4096(16),On,IPv6,email,669.8,9.9,11.5,0.36,115.9,Strong,2.3
TRN05806,Tunnel,AES-192,modp768(1),On,IPv4,web_browsing,289.2,18.7,13.7,0.58,115.1,Weak,8.5
TRN01051,Transport,AES-128,modp1024(2),Off,IPv4,dns_query,103.1,3.8,0.5,0.04,175.4,Weak,9.9
TRN00591,Tunnel,DES,modp2048(14),On,IPv4,voip,144.6,41.5,0.5,0.28,99.4,Weak,7.0
TRN00520,Transport,AES-192,modp4096(16),On,IPv6,voip,138.5,46.5,0.5,0.12,190.1,Strong,1.9
TRN03381,Tunnel,3DES,modp2048(14),Off,IPv6,whatsapp_msg,175.7,5.1,0.5,0.17,145.4,Weak,8.4
TRN03677,Tunnel,AES-256,modp768(1),Off,IPv4,whatsapp_msg,167.9,8.3,0.5,0.21,128.3,Weak,8.0
TRN05777,Transport,DES,modp8192(21),Off,IPv6,whatsapp_msg,129.2,5.5,0.5,0.27,119.9,Medium,4.2
TRN08063,Tunnel,AES-256,modp6144(17),Off,IPv4,email,639.3,8.8,9.8,0.26,154.4,Strong,1.7
TRN06574,Tunnel,AES-128,modp768(1),Off,IPv6,video_streaming,1067.8,80.1,0.5,0.63,98.7,Weak,7.9
TRN05180,Transport,AES-256,modp1536(5),On,IPv6,voip,146.4,52.0,530.4,0.19,105.7,Medium,4.9
TRN01608,Transport,AES-256-GCM,modp6144(17),Off,IPv4,icmp,65.8,0.6,7.8,0.02,100.7,Strong,2.5
TRN03611,Tunnel,AES-128,modp4096(16),On,IPv4,email,686.7,4.8,12.8,0.37,162.0,Strong,1.4
TRN08780,Transport,DES,modp1536(5),Off,IPv4,email,589.9,8.7,5.5,0.34,121.8,Weak,10.0
TRN06636,Tunnel,3DES,modp1536(5),On,IPv6,dns_query,94.1,2.2,0.6,0.1,219.7,Weak,9.0
TRN08998,Tunnel,DES,modp4096(16),On,IPv6,email,558.5,11.5,0.5,0.16,192.9,Medium,5.4
TRN01810,Transport,3DES,modp6144(17),On,IPv4,email,555.4,7.6,46.9,0.25,100.7,Medium,5.8
TRN00792,Tunnel,3DES,modp768(1),On,IPv4,video_streaming,1218.5,101.5,0.5,0.66,121.9,Weak,8.8
TRN00793,Tunnel,AES-256-GCM,modp4096(16),On,IPv4,video_streaming,1145.9,83.4,389.7,0.52,75.3,Strong,0.3
TRN08046,Transport,AES-192,modp4096(16),Off,IPv6,email,440.5,0.6,9.4,0.46,195.0,Strong,2.9
TRN01856,Transport,AES-256-GCM,modp1536(5),On,IPv6,file_transfer,1417.0,119.1,83.0,0.68,162.5,Medium,4.2
TRN01981,Tunnel,AES-256-GCM,modp1024(2),Off,IPv4,web_browsing,398.9,12.5,36.2,0.54,195.0,Medium,4.2
TRN03234,Tunnel,AES-128,modp6144(17),On,IPv4,whatsapp_msg,186.4,6.1,0.5,0.29,187.0,Strong,2.5
TRN03599,Transport,AES-128,modp8192(21),On,IPv4,web_browsing,471.0,14.0,0.5,0.25,121.8,Strong,2.0
TRN00934,Transport,DES,modp1024(2),Off,IPv6,dns_query,99.9,3.1,3.2,0.12,73.6,Weak,8.5
TRN03964,Transport,AES-256-GCM,modp3072(15),On,IPv6,video_streaming,1415.1,87.5,0.5,0.55,118.9,Strong,1.4
TRN07291,Tunnel,DES,modp3072(15),Off,IPv4,video_streaming,1213.1,99.5,0.5,0.56,166.1,Weak,9.0
TRN05627,Transport,DES,modp2048(14),On,IPv4,dns_query,94.4,4.0,2.3,0.06,139.2,Weak,7.4
TRN05507,Tunnel,DES,modp2048(14),Off,IPv6,icmp,62.0,2.1,0.5,0.06,181.9,Weak,8.8
TRN06073,Transport,AES-128,modp6144(17),Off,IPv4,icmp,60.6,2.0,0.5,0.08,155.8,Medium,3.2
TRN01683,Tunnel,AES-192,modp4096(16),Off,IPv6,file_transfer,1325.0,135.1,0.5,1.0,192.0,Strong,1.9
TRN04180,Transport,3DES,modp1536(5),Off,IPv4,whatsapp_msg,90.9,7.0,7.2,0.17,202.4,Weak,8.4
TRN04027,Transport,AES-192,modp6144(17),Off,IPv4,dns_query,101.6,3.1,0.5,0.13,96.8,Strong,1.4
TRN08444,Tunnel,AES-256,modp4096(16),Off,IPv4,whatsapp_msg,109.2,6.9,0.5,0.32,157.1,Strong,2.2
TRN06447,Transport,AES-256,modp3072(15),On,IPv4,voip,117.3,50.1,317.1,0.2,154.0,Strong,0.7
TRN04117,Transport,3DES,modp1024(2),On,IPv6,video_streaming,1086.6,82.1,0.5,0.68,169.1,Weak,8.4
TRN00989,Transport,AES-192,modp768(1),On,IPv6,video_streaming,1215.3,80.2,975.4,0.44,225.8,Weak,6.2
TRN07554,Transport,AES-256,modp2048(14),Off,IPv6,email,826.9,10.6,0.5,0.11,141.1,Medium,4.1
TRN08262,Tunnel,AES-192,modp3072(15),On,IPv4,email,577.1,10.1,2.3,0.32,152.3,Strong,2.4
TRN03454,Transport,AES-128,modp4096(16),On,IPv4,whatsapp_msg,131.4,8.4,0.5,0.4,220.3,Medium,5.0
TRN02897,Transport,DES,modp8192(21),Off,IPv6,voip,80.7,49.1,0.5,0.2,149.1,Medium,3.1
TRN03779,Tunnel,DES,modp768(1),On,IPv4,dns_query,76.6,2.0,0.5,0.02,125.1,Weak,8.0
TRN05659,Tunnel,AES-256-GCM,modp1536(5),Off,IPv4,video_streaming,1117.0,79.9,0.5,0.41,139.2,Medium,6.2
TRN08203,Transport,AES-192,modp768(1),On,IPv4,email,842.2,12.6,8.0,0.37,78.2,Weak,6.8
TRN03094,Transport,DES,modp6144(17),Off,IPv4,email,634.3,8.7,16.4,0.37,198.9,Medium,3.6
TRN03156,Transport,3DES,modp8192(21),Off,IPv4,email,637.4,3.5,5.6,0.25,112.1,Medium,5.4
TRN05070,Tunnel,AES-256,modp1024(2),On,IPv4,web_browsing,354.4,12.2,0.5,0.51,165.4,Medium,4.6
TRN05807,Tunnel,DES,modp1024(2),Off,IPv6,file_transfer,1380.8,137.6,0.5,0.82,113.3,Weak,7.4
TRN03202,Tunnel,AES-128,modp1536(5),On,IPv6,dns_query,74.8,2.9,0.5,0.13,90.3,Weak,9.2
TRN07903,Transport,AES-256,modp3072(15),On,IPv6,video_streaming,1142.0,91.8,0.5,0.6,98.7,Strong,1.5
TRN08657,Transport,AES-256,modp2048(14),On,IPv4,web_browsing,372.2,19.1,43.3,0.75,200.7,Strong,1.4
TRN01099,Transport,DES,modp6144(17),On,IPv6,email,449.8,5.9,18.9,0.34,93.5,Medium,3.2
TRN08130,Transport,AES-192,modp2048(14),On,IPv4,video_streaming,1477.3,105.2,0.5,0.57,178.0,Medium,5.6
TRN02845,Transport,3DES,modp6144(17),Off,IPv6,web_browsing,534.6,17.0,0.8,0.38,169.4,Medium,4.8
TRN00887,Tunnel,AES-128,modp8192(21),Off,IPv4,file_transfer,1453.6,88.3,49.4,0.79,173.9,Strong,2.1
TRN03343,Transport,3DES,modp1536(5),Off,IPv4,icmp,66.8,2.3,0.5,0.07,111.2,Weak,8.2
TRN07594,Tunnel,DES,modp8192(21),On,IPv4,web_browsing,329.6,15.7,12.5,0.58,231.8,Medium,5.1
TRN06541,Transport,AES-192,modp6144(17),Off,IPv4,dns_query,89.4,3.9,1.9,0.12,144.8,Strong,2.0
TRN08409,Transport,AES-192,modp2048(14),On,IPv6,web_browsing,450.3,20.0,10.5,0.64,275.4,Medium,3.9
TRN06097,Transport,3DES,modp768(1),On,IPv6,dns_query,78.6,4.6,0.5,0.08,164.1,Weak,7.9
TRN00516,Tunnel,3DES,modp4096(16),On,IPv6,voip,117.3,50.2,211.2,0.2,84.2,Medium,5.7
TRN03357,Transport,3DES,modp4096(16),On,IPv6,voip,105.0,43.2,418.1,0.27,143.3,Medium,2.6
TRN04834,Transport,AES-256,modp768(1),Off,IPv6,web_browsing,364.2,13.5,21.2,0.85,158.8,Weak,10.0
TRN01454,Transport,AES-256-GCM,modp768(1),On,IPv4,whatsapp_msg,157.3,9.5,0.5,0.33,60.0,Medium,3.2
TRN03554,Tunnel,AES-128,modp6144(17),On,IPv6,voip,103.2,45.8,58.2,0.27,133.7,Strong,2.6
TRN03610,Transport,AES-128,modp6144(17),On,IPv4,icmp,54.8,2.6,0.5,0.02,157.7,Strong,1.7
TRN08935,Transport,AES-192,modp3072(15),Off,IPv4,email,528.0,10.6,0.5,0.17,131.6,Medium,6.3
TRN04666,Tunnel,AES-256-GCM,modp1536(5),On,IPv6,whatsapp_msg,145.0,6.0,14.8,0.27,187.1,Medium,6.3
TRN02507,Transport,AES-256,modp1024(2),On,IPv4,email,1279.5,6.8,17.3,0.37,255.3,Medium,3.5
TRN02995,Tunnel,AES-256,modp768(1),Off,IPv4,video_streaming,1247.2,69.0,0.5,0.73,177.0,Weak,7.3
TRN04000,Transport,AES-256-GCM,modp768(1),Off,IPv6,email,960.7,5.7,7.7,0.38,100.8,Weak,9.9
TRN06223,Transport,AES-192,modp768(1),Off,IPv6,video_streaming,1199.3,89.2,654.1,0.55,129.6,Weak,8.4
TRN08741,Tunnel,AES-128,modp768(1),Off,IPv4,dns_query,89.2,3.7,0.5,0.11,193.5,Weak,8.3
TRN08906,Transport,3DES,modp4096(16),On,IPv6,voip,109.6,36.9,0.5,0.15,196.7,Medium,4.6
TRN00907,Transport,AES-128,modp768(1),Off,IPv6,web_browsing,299.8,7.2,29.0,0.45,169.9,Weak,9.2
TRN00029,Transport,DES,modp3072(15),On,IPv4,voip,131.7,50.4,243.1,0.17,170.1,Weak,9.2
TRN08295,Tunnel,3DES,modp3072(15),On,IPv6,dns_query,86.6,3.3,1.8,0.07,166.6,Medium,5.8
TRN02508,Tunnel,AES-256-GCM,modp2048(14),Off,IPv6,video_streaming,1124.2,109.1,0.5,0.56,163.9,Medium,6.3
TRN02429,Tunnel,AES-192,modp768(1),On,IPv4,dns_query,83.1,3.1,0.5,0.04,120.6,Weak,7.5
TRN05044,Tunnel,AES-192,modp768(1),On,IPv4,icmp,61.8,2.6,0.5,0.04,158.4,Weak,8.8
TRN05347,Tunnel,AES-192,modp6144(17),On,IPv4,dns_query,58.7,3.8,0.9,0.11,166.0,Strong,0.5
TRN00763,Tunnel,AES-128,modp8192(21),Off,IPv6,dns_query,63.3,1.9,0.5,0.09,106.7,Strong,1.6
TRN03748,Tunnel,AES-128,modp2048(14),On,IPv6,whatsapp_msg,170.7,6.4,3.5,0.16,182.1,Medium,4.6
TRN04812,Tunnel,AES-192,modp4096(16),On,IPv4,dns_query,97.2,2.0,0.5,0.06,81.6,Strong,1.5
TRN00285,Tunnel,3DES,modp3072(15),On,IPv6,email,355.2,7.6,3.7,0.35,105.8,Medium,2.7
TRN00687,Tunnel,AES-256-GCM,modp4096(16),Off,IPv4,whatsapp_msg,162.5,8.6,0.5,0.36,153.5,Strong,0.5
TRN04800,Tunnel,AES-256,modp6144(17),Off,IPv6,voip,101.4,39.1,91.7,0.17,175.7,Strong,1.5
TRN02354,Transport,DES,modp3072(15),On,IPv4,video_streaming,1469.5,66.7,0.5,0.56,145.0,Weak,8.2
TRN06354,Tunnel,AES-192,modp2048(14),Off,IPv4,whatsapp_msg,171.6,6.7,0.5,0.35,66.0,Medium,4.5
TRN07874,Tunnel,3DES,modp6144(17),Off,IPv6,icmp,51.7,1.8,6.3,0.05,202.6,Medium,3.6
TRN04570,Tunnel,AES-128,modp1024(2),Off,IPv4,whatsapp_msg,86.8,5.2,2.2,0.14,213.2,Weak,7.4
TRN00022,Tunnel,AES-256,modp8192(21),Off,IPv6,icmp,57.6,1.6,0.5,0.06,120.4,Strong,1.0
TRN02753,Tunnel,AES-256,modp4096(16),On,IPv6,voip,122.0,41.1,165.6,0.16,167.8,Strong,0.9
TRN00886,Tunnel,AES-256,modp3072(15),On,IPv6,web_browsing,392.9,15.3,0.5,0.48,144.2,Strong,0.3
TRN08379,Transport,AES-256,modp768(1),Off,IPv4,video_streaming,1152.3,106.1,0.5,0.54,163.5,Weak,8.9
TRN00918,Tunnel,DES,modp2048(14),On,IPv6,video_streaming,1338.3,56.4,0.5,0.57,158.3,Weak,7.9
TRN07676,Transport,AES-128,modp3072(15),On,IPv6,dns_query,99.0,3.4,3.6,0.09,109.5,Medium,4.3
TRN01041,Transport,AES-192,modp4096(16),On,IPv4,video_streaming,1406.2,69.3,392.8,0.47,137.8,Strong,0.3
TRN06336,Transport,AES-256,modp4096(16),Off,IPv4,icmp,55.4,2.7,11.7,0.08,128.5,Strong,1.7
TRN07764,Transport,AES-192,modp1024(2),Off,IPv6,voip,160.0,45.0,564.2,0.18,181.3,Weak,8.9
TRN01266,Transport,AES-192,modp3072(15),Off,IPv4,voip,160.9,41.5,305.4,0.22,104.1,Medium,6.0
TRN04580,Tunnel,3DES,modp4096(16),Off,IPv6,whatsapp_msg,100.2,7.3,1.4,0.23,189.8,Medium,6.5
TRN08332,Tunnel,AES-128,modp3072(15),On,IPv6,video_streaming,1413.1,80.2,519.7,0.77,225.3,Medium,4.8
TRN07060,Transport,AES-192,modp8192(21),On,IPv4,video_streaming,1188.6,84.7,0.5,0.51,138.3,Strong,2.9
TRN08660,Transport,AES-256-GCM,modp3072(15),Off,IPv4,web_browsing,380.2,17.0,31.4,0.4,126.1,Strong,1.6
TRN00278,Transport,AES-192,modp768(1),Off,IPv6,icmp,68.5,2.3,13.9,0.03,186.6,Weak,6.7
TRN05085,Tunnel,DES,modp6144(17),Off,IPv6,icmp,63.0,2.3,0.5,0.06,122.7,Medium,4.5
TRN02085,Transport,AES-256,modp1536(5),Off,IPv6,dns_query,52.8,3.6,0.5,0.06,172.5,Medium,5.8
TRN01246,Tunnel,AES-256-GCM,modp1024(2),Off,IPv4,icmp,68.7,1.7,0.5,0.09,154.0,Medium,6.8
TRN02383,Tunnel,AES-256-GCM,modp6144(17),Off,IPv6,icmp,69.9,2.0,0.5,0.03,160.9,Strong,0.9
TRN00572,Transport,3DES,modp1536(5),On,IPv4,icmp,71.7,2.3,5.9,0.09,202.4,Weak,10.0
TRN01436,Transport,AES-256-GCM,modp1536(5),On,IPv6,web_browsing,423.0,18.2,31.8,0.52,158.7,Medium,5.5
TRN03903,Transport,DES,modp3072(15),Off,IPv4,file_transfer,1320.4,142.6,39.7,0.79,85.5,Weak,9.1
TRN05090,Tunnel,DES,modp3072(15),Off,IPv6,email,1014.2,8.9,13.3,0.3,128.8,Weak,9.7
TRN01248,Tunnel,AES-128,modp1024(2),On,IPv6,video_streaming,1229.9,91.6,32.8,0.75,169.2,Weak,8.0
TRN07354,Transport,AES-256-GCM,modp3072(15),On,IPv6,voip,99.7,36.1,0.5,0.24,119.7,Strong,2.5
TRN04682,Transport,AES-192,modp1024(2),On,IPv4,email,764.7,4.4,6.3,0.04,192.4,Medium,3.4
TRN03527,Transport,AES-256-GCM,modp4096(16),On,IPv6,video_streaming,1310.8,90.0,841.1,0.7,47.2,Strong,0.6
TRN06558,Transport,DES,modp1024(2),Off,IPv6,web_browsing,414.6,6.6,48.2,0.65,125.0,Weak,8.3
TRN02515,Transport,AES-256,modp768(1),Off,IPv6,email,316.1,8.8,0.5,0.17,77.8,Weak,9.6
TRN05446,Transport,DES,modp1536(5),Off,IPv6,video_streaming,1104.2,82.1,531.2,0.64,148.8,Weak,8.4
TRN01008,Transport,AES-256-GCM,modp8192(21),Off,IPv6,voip,130.0,58.1,0.5,0.23,189.6,Strong,1.6
TRN04771,Transport,AES-256-GCM,modp2048(14),Off,IPv4,file_transfer,1305.8,85.8,0.5,0.88,201.4,Strong,1.2
TRN06509,Transport,DES,modp768(1),On,IPv4,web_browsing,325.4,14.9,39.4,0.54,98.9,Weak,9.8
TRN07000,Transport,AES-128,modp6144(17),Off,IPv6,email,399.9,9.1,0.5,0.24,145.7,Medium,4.0
TRN04544,Transport,DES,modp768(1),Off,IPv6,file_transfer,1396.1,107.5,0.5,0.89,188.1,Weak,10.0
TRN07382,Transport,AES-128,modp3072(15),On,IPv4,whatsapp_msg,118.8,6.9,13.7,0.14,188.2,Medium,4.6
TRN07677,Tunnel,AES-128,modp8192(21),Off,IPv6,web_browsing,565.3,5.5,0.5,0.42,209.1,Strong,2.6
TRN04456,Tunnel,AES-256,modp768(1),Off,IPv6,icmp,64.1,1.5,5.9,0.05,181.1,Weak,9.4
TRN02065,Transport,AES-192,modp1024(2),Off,IPv4,file_transfer,1456.4,95.1,202.3,0.92,151.1,Weak,6.2
TRN05353,Tunnel,DES,modp768(1),On,IPv6,whatsapp_msg,86.2,5.7,4.5,0.09,189.3,Weak,9.4
TRN07729,Tunnel,AES-192,modp1024(2),On,IPv6,web_browsing,331.0,25.4,22.2,0.26,114.0,Weak,9.0
TRN01691,Transport,AES-256,modp4096(16),Off,IPv4,icmp,63.1,2.5,20.5,0.06,188.3,Strong,2.0
TRN03118,Transport,AES-256-GCM,modp4096(16),On,IPv4,whatsapp_msg,173.2,7.3,1.4,0.28,176.6,Strong,2.1
TRN08555,Transport,DES,modp4096(16),On,IPv6,web_browsing,303.5,12.9,9.7,0.66,236.8,Medium,5.8
TRN05344,Tunnel,3DES,modp1536(5),On,IPv6,file_transfer,1340.6,110.0,105.3,0.79,140.0,Weak,8.7
TRN01986,Transport,DES,modp3072(15),On,IPv6,file_transfer,1420.4,122.4,204.9,0.87,95.3,Medium,6.3
TRN00295,Tunnel,AES-128,modp4096(16),Off,IPv4,web_browsing,362.0,6.5,0.5,0.67,156.2,Medium,5.0
TRN01548,Transport,AES-256-GCM,modp6144(17),On,IPv6,video_streaming,1263.8,111.3,409.9,0.63,197.1,Strong,2.0
TRN02013,Tunnel,AES-128,modp8192(21),Off,IPv6,email,858.2,12.4,0.5,0.27,196.7,Strong,0.5
TRN00589,Transport,AES-256,modp768(1),On,IPv4,whatsapp_msg,132.2,8.3,2.1,0.38,164.1,Medium,5.8
TRN03330,Tunnel,AES-256,modp1536(5),On,IPv6,email,425.4,6.9,0.5,0.52,149.5,Medium,4.3
TRN02404,Transport,AES-128,modp1024(2),Off,IPv4,voip,145.5,35.9,0.5,0.14,121.0,Weak,8.0
TRN02130,Tunnel,AES-128,modp4096(16),On,IPv6,dns_query,103.2,5.0,0.5,0.11,151.0,Strong,0.7
TRN03999,Tunnel,AES-128,modp3072(15),Off,IPv6,dns_query,80.2,3.0,0.5,0.1,191.7,Medium,3.9
TRN01575,Transport,AES-192,modp3072(15),On,IPv4,icmp,55.4,2.2,6.3,0.03,111.7,Strong,2.2
TRN03742,Transport,AES-256-GCM,modp768(1),Off,IPv4,icmp,61.0,1.0,13.9,0.06,163.4,Medium,6.4
TRN03509,Transport,AES-256,modp768(1),On,IPv6,email,287.3,9.2,27.0,0.35,124.6,Weak,10.0
TRN08290,Tunnel,AES-256,modp1536(5),Off,IPv6,file_transfer,1409.6,98.6,0.5,0.73,148.6,Medium,4.7
TRN02720,Tunnel,3DES,modp6144(17),On,IPv6,dns_query,62.3,2.3,0.7,0.08,114.8,Medium,5.0
TRN04522,Transport,3DES,modp8192(21),On,IPv6,video_streaming,1466.8,108.1,0.5,0.63,154.6,Strong,1.5
TRN06679,Tunnel,AES-256-GCM,modp4096(16),Off,IPv6,whatsapp_msg,99.7,8.6,0.5,0.29,193.4,Strong,1.9
TRN05151,Transport,DES,modp1024(2),On,IPv6,file_transfer,1386.8,76.4,0.5,0.79,173.6,Weak,9.4
TRN02809,Tunnel,AES-192,modp4096(16),Off,IPv6,whatsapp_msg,96.8,4.0,16.9,0.23,68.6,Medium,3.1
TRN08577,Transport,3DES,modp1536(5),Off,IPv4,icmp,57.9,2.2,0.5,0.04,173.7,Weak,6.6
TRN00557,Transport,AES-256,modp4096(16),Off,IPv4,dns_query,63.4,2.9,5.4,0.09,182.5,Strong,0.4
TRN06277,Tunnel,DES,modp8192(21),On,IPv4,email,444.6,3.7,0.5,0.32,274.6,Medium,5.3
TRN07860,Tunnel,AES-192,modp2048(14),On,IPv4,whatsapp_msg,120.6,8.9,0.5,0.2,103.1,Medium,5.4
TRN04796,Tunnel,DES,modp4096(16),On,IPv4,whatsapp_msg,182.5,4.1,4.8,0.25,141.0,Medium,5.1
TRN02470,Transport,DES,modp768(1),On,IPv6,dns_query,75.9,2.8,0.5,0.12,173.8,Weak,7.7
TRN03739,Tunnel,AES-256,modp6144(17),On,IPv6,icmp,75.0,2.6,14.6,0.08,224.1,Strong,0.7
TRN04287,Transport,AES-192,modp4096(16),Off,IPv4,dns_query,97.1,3.8,0.5,0.1,36.3,Strong,2.9
TRN08055,Transport,AES-192,modp6144(17),Off,IPv4,web_browsing,431.3,11.0,10.4,0.42,143.9,Strong,1.6
TRN05290,Transport,AES-256,modp3072(15),Off,IPv4,voip,101.9,36.7,0.5,0.21,161.7,Medium,6.3
TRN01717,Tunnel,AES-256-GCM,modp1536(5),On,IPv4,whatsapp_msg,126.8,6.9,12.5,0.23,135.6,Medium,4.7
TRN02605,Transport,DES,modp1024(2),On,IPv6,file_transfer,1392.0,119.9,0.5,0.58,157.8,Weak,8.3
TRN08070,Tunnel,AES-192,modp8192(21),Off,IPv6,email,588.8,8.6,0.5,0.31,127.4,Strong,1.0
TRN06925,Tunnel,3DES,modp2048(14),Off,IPv6,whatsapp_msg,165.8,5.3,0.5,0.35,163.8,Weak,7.2
TRN01705,Transport,3DES,modp2048(14),On,IPv6,email,550.3,5.0,10.1,0.4,148.7,Weak,9.2
TRN06960,Transport,DES,modp768(1),On,IPv6,icmp,63.3,1.8,17.2,0.07,178.8,Weak,7.8
TRN06715,Transport,AES-128,modp768(1),On,IPv4,icmp,68.7,1.2,0.5,0.06,212.1,Weak,7.7
TRN06497,Transport,AES-128,modp2048(14),On,IPv4,voip,121.2,46.3,289.5,0.17,149.6,Medium,4.2
TRN02140,Tunnel,3DES,modp1536(5),On,IPv4,web_browsing,332.5,17.6,9.5,0.55,170.2,Weak,8.2
TRN03240,Transport,AES-192,modp2048(14),On,IPv4,dns_query,64.3,3.6,1.9,0.06,248.9,Medium,6.5
TRN02384,Tunnel,AES-128,modp1024(2),Off,IPv6,whatsapp_msg,179.0,4.8,6.7,0.22,164.5,Weak,9.5
TRN07315,Tunnel,AES-192,modp8192(21),On,IPv6,voip,142.0,49.2,575.0,0.27,136.0,Strong,1.8
TRN04312,Tunnel,AES-192,modp4096(16),On,IPv6,whatsapp_msg,165.7,4.9,12.2,0.25,227.7,Strong,0.9
TRN01286,Tunnel,AES-256,modp8192(21),On,IPv4,web_browsing,401.8,15.0,0.5,0.5,156.6,Strong,1.7
TRN01313,Tunnel,DES,modp1536(5),On,IPv6,dns_query,78.5,2.7,0.5,0.15,107.4,Weak,7.8
TRN07760,Transport,DES,modp6144(17),Off,IPv6,video_streaming,911.1,95.3,0.5,0.45,145.6,Medium,2.4
TRN01997,Transport,AES-256-GCM,modp3072(15),Off,IPv4,whatsapp_msg,126.4,5.6,0.5,0.2,161.4,Strong,0.3
TRN03931,Transport,AES-128,modp1536(5),On,IPv6,icmp,53.1,1.9,0.5,0.08,195.2,Medium,7.4
TRN06184,Tunnel,AES-192,modp4096(16),On,IPv4,web_browsing,461.7,14.2,37.9,0.18,137.5,Strong,2.0
TRN05986,Transport,AES-128,modp4096(16),Off,IPv6,email,599.1,7.9,1.5,0.36,182.7,Medium,5.2
TRN07417,Transport,AES-192,modp3072(15),On,IPv6,whatsapp_msg,111.5,4.8,0.5,0.25,87.5,Strong,2.3
TRN01592,Tunnel,AES-256-GCM,modp3072(15),On,IPv6,web_browsing,486.2,10.4,16.9,0.52,159.8,Strong,0.3
TRN08710,Tunnel,AES-256,modp768(1),On,IPv6,web_browsing,532.0,18.3,7.1,0.58,205.5,Medium,5.2
TRN08447,Tunnel,DES,modp8192(21),On,IPv6,web_browsing,485.7,10.2,0.5,0.51,203.0,Medium,5.2
TRN02163,Transport,DES,modp1024(2),On,IPv6,web_browsing,435.0,7.4,24.0,0.58,181.3,Weak,9.3
TRN02397,Tunnel,AES-128,modp3072(15),On,IPv4,video_streaming,1299.4,80.0,68.7,0.86,164.1,Medium,5.5
TRN00318,Tunnel,AES-256,modp2048(14),Off,IPv4,whatsapp_msg,144.0,8.1,10.3,0.3,137.0,Medium,4.8
TRN06368,Tunnel,AES-256-GCM,modp3072(15),Off,IPv6,web_browsing,264.6,9.6,33.1,0.43,155.2,Strong,0.9
TRN08497,Transport,AES-192,modp8192(21),On,IPv4,email,455.4,12.2,1.2,0.32,83.0,Strong,0.9
TRN03112,Tunnel,AES-256,modp2048(14),Off,IPv4,email,621.3,5.0,8.9,0.11,100.1,Medium,3.6
TRN05234,Transport,AES-128,modp6144(17),Off,IPv4,whatsapp_msg,187.9,6.5,0.5,0.36,170.4,Medium,4.8
TRN07817,Transport,3DES,modp768(1),Off,IPv4,whatsapp_msg,132.6,6.7,1.3,0.31,145.1,Weak,8.0
TRN05069,Transport,AES-256-GCM,modp768(1),Off,IPv4,dns_query,97.0,4.2,0.5,0.07,157.0,Medium,3.5
TRN04037,Tunnel,AES-192,modp8192(21),On,IPv4,voip,120.0,50.4,438.1,0.14,108.8,Strong,1.2
TRN00796,Transport,3DES,modp1024(2),Off,IPv6,email,494.3,10.3,2.4,0.29,109.9,Weak,9.4
TRN03021,Transport,AES-192,modp1536(5),On,IPv6,web_browsing,489.1,17.0,19.1,0.59,168.9,Medium,6.4
TRN01712,Tunnel,3DES,modp2048(14),Off,IPv6,file_transfer,1401.9,120.4,0.5,0.91,31.4,Weak,7.6
TRN03388,Transport,3DES,modp1536(5),Off,IPv4,web_browsing,426.5,18.5,0.5,0.45,184.0,Weak,8.3
TRN00037,Transport,3DES,modp8192(21),Off,IPv4,voip,144.8,47.6,0.5,0.17,131.8,Medium,2.4
TRN04550,Tunnel,AES-256-GCM,modp6144(17),On,IPv6,video_streaming,1247.8,65.3,352.0,0.53,202.6,Strong,1.5
TRN00914,Tunnel,DES,modp6144(17),Off,IPv4,whatsapp_msg,161.6,5.0,0.5,0.2,67.8,Medium,5.9
TRN05722,Tunnel,AES-256-GCM,modp1536(5),On,IPv4,icmp,66.4,2.4,0.5,0.05,94.3,Medium,5.9
TRN05296,Transport,AES-256-GCM,modp1024(2),Off,IPv4,icmp,72.3,2.6,20.3,0.06,244.7,Medium,4.7
TRN03973,Tunnel,AES-128,modp1536(5),Off,IPv6,file_transfer,1477.8,135.1,0.5,0.79,150.1,Weak,8.1
TRN05371,Transport,AES-256,modp4096(16),On,IPv6,icmp,57.6,2.2,0.5,0.04,118.4,Strong,1.4
TRN06472,Tunnel,AES-192,modp768(1),On,IPv6,voip,128.3,47.3,421.7,0.14,168.2,Weak,9.8
TRN04134,Transport,AES-256,modp2048(14),Off,IPv4,file_transfer,1446.3,187.5,0.5,0.89,172.1,Medium,4.0
TRN00975,Tunnel,AES-128,modp2048(14),On,IPv4,web_browsing,438.6,21.5,0.5,0.52,103.1,Medium,3.9
TRN07292,Tunnel,AES-256-GCM,modp1024(2),Off,IPv6,voip,129.1,56.1,0.5,0.27,155.4,Medium,4.2
TRN00984,Transport,AES-128,modp8192(21),On,IPv4,web_browsing,510.1,23.4,0.5,0.31,47.3,Strong,3.3
TRN07826,Tunnel,AES-256,modp2048(14),On,IPv6,video_streaming,1068.3,105.8,2200.4,0.59,100.9,Medium,4.3
TRN07989,Tunnel,AES-192,modp2048(14),On,IPv4,dns_query,86.4,2.3,0.5,0.07,150.4,Medium,3.3
TRN01419,Transport,AES-256,modp768(1),On,IPv4,voip,126.3,37.2,584.7,0.22,195.8,Weak,8.2
TRN08099,Transport,AES-256,modp1024(2),Off,IPv4,dns_query,78.2,3.5,0.5,0.1,171.9,Weak,7.5
TRN01561,Transport,AES-128,modp4096(16),Off,IPv6,whatsapp_msg,175.5,7.0,0.5,0.17,176.0,Medium,3.8
TRN04136,Tunnel,3DES,modp1024(2),On,IPv4,email,550.2,10.5,2.3,0.34,116.1,Weak,7.7
TRN05583,Transport,AES-192,modp4096(16),On,IPv6,icmp,79.1,1.4,0.5,0.04,129.6,Strong,1.7
TRN08168,Tunnel,AES-256,modp6144(17),Off,IPv6,dns_query,95.6,3.2,0.5,0.09,72.6,Strong,2.7
TRN04266,Tunnel,3DES,modp768(1),On,IPv4,whatsapp_msg,156.5,2.6,0.5,0.27,136.9,Weak,8.0
TRN01356,Tunnel,AES-256,modp1024(2),Off,IPv6,email,246.7,5.7,0.5,0.28,139.9,Weak,8.1
TRN08371,Tunnel,AES-256,modp3072(15),On,IPv6,web_browsing,322.0,11.6,16.5,0.71,78.6,Strong,2.1
TRN05017,Transport,AES-192,modp1536(5),Off,IPv6,email,635.4,9.2,5.3,0.21,118.1,Medium,4.5
TRN08755,Transport,AES-256,modp3072(15),Off,IPv4,whatsapp_msg,186.3,7.7,0.5,0.21,120.5,Medium,4.3
TRN00988,Tunnel,3DES,modp4096(16),On,IPv6,video_streaming,1347.7,81.5,0.5,0.6,166.0,Medium,2.5
TRN02683,Tunnel,AES-192,modp768(1),On,IPv4,voip,113.6,47.9,0.5,0.17,147.1,Weak,6.9
TRN05048,Tunnel,DES,modp1024(2),On,IPv6,email,392.8,8.2,0.5,0.29,124.2,Weak,8.2
TRN01641,Tunnel,AES-256-GCM,modp6144(17),On,IPv6,web_browsing,490.7,19.3,0.5,0.53,118.4,Strong,1.2
TRN01291,Transport,AES-256-GCM,modp768(1),Off,IPv4,dns_query,78.8,3.2,0.5,0.09,129.7,Medium,4.3
TRN03682,Transport,AES-192,modp1536(5),On,IPv6,file_transfer,1436.8,111.2,0.5,0.71,163.2,Medium,6.4
TRN01381,Tunnel,DES,modp1024(2),On,IPv4,whatsapp_msg,123.2,5.1,0.5,0.29,217.3,Weak,10.0
TRN01934,Transport,AES-256,modp8192(21),On,IPv4,file_transfer,1367.3,104.1,72.5,0.82,187.4,Strong,0.5
TRN04676,Transport,AES-256,modp768(1),On,IPv4,video_streaming,977.9,80.6,0.5,0.56,118.9,Medium,4.4
TRN02377,Tunnel,AES-192,modp1536(5),On,IPv4,web_browsing,407.8,19.6,0.5,0.25,73.5,Medium,4.4
TRN03161,Transport,DES,modp6144(17),Off,IPv6,icmp,78.3,2.5,0.5,0.07,182.2,Medium,3.9
TRN02031,Tunnel,AES-128,modp2048(14),Off,IPv6,icmp,54.6,1.7,14.5,0.05,195.2,Medium,3.3
TRN00893,Tunnel,AES-256,modp6144(17),Off,IPv6,file_transfer,1227.8,159.8,0.5,0.72,169.2,Strong,3.2
TRN07288,Transport,3DES,modp1536(5),On,IPv6,whatsapp_msg,111.3,7.1,11.2,0.18,200.1,Weak,7.2
TRN04877,Transport,AES-128,modp1536(5),Off,IPv6,icmp,67.9,2.2,17.5,0.08,174.0,Weak,8.1
TRN04070,Tunnel,AES-256-GCM,modp2048(14),Off,IPv4,whatsapp_msg,142.6,9.6,1.1,0.31,198.6,Strong,0.7
TRN04256,Transport,AES-128,modp1024(2),Off,IPv4,file_transfer,1444.0,108.9,0.5,0.9,213.8,Weak,8.9
TRN00003,Tunnel,AES-256-GCM,modp3072(15),Off,IPv6,whatsapp_msg,137.1,5.4,0.5,0.23,222.8,Strong,2.3
TRN08105,Transport,AES-128,modp3072(15),Off,IPv6,icmp,76.1,2.4,5.7,0.06,123.1,Medium,6.3
TRN08439,Tunnel,3DES,modp2048(14),On,IPv6,email,686.4,11.8,0.5,0.33,205.6,Medium,4.3
TRN02110,Tunnel,AES-192,modp4096(16),On,IPv4,web_browsing,395.9,14.0,0.5,0.5,131.8,Strong,2.4
TRN00850,Transport,AES-192,modp6144(17),Off,IPv6,video_streaming,1394.8,81.3,499.9,0.71,133.8,Strong,2.9
TRN02738,Transport,AES-128,modp8192(21),Off,IPv4,whatsapp_msg,155.3,3.4,2.3,0.38,107.4,Strong,2.1
TRN02467,Transport,AES-192,modp768(1),On,IPv6,file_transfer,1294.8,88.2,0.5,0.88,162.7,Weak,6.5
TRN01915,Tunnel,AES-256-GCM,modp4096(16),Off,IPv4,web_browsing,369.0,15.7,27.6,0.22,147.2,Strong,2.4
TRN01597,Tunnel,DES,modp8192(21),On,IPv4,email,535.2,10.6,25.5,0.32,185.9,Medium,5.1
TRN05873,Tunnel,DES,modp1536(5),On,IPv6,video_streaming,1318.4,78.9,182.3,0.74,160.9,Weak,6.7
TRN01914,Transport,AES-192,modp1536(5),Off,IPv6,email,605.7,8.8,23.5,0.47,157.8,Weak,9.0
TRN05140,Tunnel,DES,modp1024(2),Off,IPv4,web_browsing,403.6,16.5,1.2,0.68,194.9,Weak,6.9
TRN08725,Transport,AES-128,modp2048(14),Off,IPv4,file_transfer,1438.3,102.0,0.5,0.79,227.1,Medium,5.0
TRN05641,Transport,AES-256,modp768(1),On,IPv4,whatsapp_msg,188.6,8.6,4.7,0.29,146.2,Medium,4.2
TRN02737,Tunnel,AES-256,modp6144(17),Off,IPv6,web_browsing,402.9,22.0,0.5,0.54,173.8,Strong,0.7
TRN00727,Transport,AES-128,modp768(1),Off,IPv4,dns_query,68.6,2.4,0.5,0.09,80.5,Weak,7.8
TRN07215,Transport,DES,modp768(1),Off,IPv4,icmp,70.0,1.5,0.5,0.03,232.4,Weak,7.1
TRN00054,Tunnel,AES-256-GCM,modp4096(16),On,IPv6,video_streaming,1139.1,91.0,0.5,0.76,242.2,Strong,0.5
TRN01797,Transport,AES-256-GCM,modp4096(16),On,IPv4,icmp,68.7,2.1,3.8,0.06,203.4,Strong,2.5
TRN03846,Transport,3DES,modp8192(21),On,IPv4,file_transfer,1357.3,94.9,0.5,0.95,171.3,Medium,6.2
TRN06008,Transport,AES-256-GCM,modp3072(15),On,IPv6,file_transfer,1366.6,117.0,0.5,0.79,150.7,Strong,1.7
TRN06403,Tunnel,AES-256,modp6144(17),On,IPv6,icmp,70.8,2.3,14.2,0.09,106.7,Strong,2.0
TRN02554,Transport,DES,modp4096(16),On,IPv4,web_browsing,455.9,16.0,36.1,0.57,120.7,Medium,5.4
TRN02801,Tunnel,DES,modp4096(16),On,IPv4,file_transfer,1417.4,113.3,0.5,0.73,116.2,Medium,4.2
TRN00937,Tunnel,AES-256-GCM,modp8192(21),On,IPv4,file_transfer,1407.1,73.8,202.3,0.73,53.8,Strong,2.3
TRN08068,Transport,AES-256,modp8192(21),On,IPv6,video_streaming,1437.5,109.1,0.5,0.73,173.9,Strong,1.7
TRN00825,Tunnel,AES-256-GCM,modp2048(14),On,IPv4,whatsapp_msg,93.8,6.5,0.5,0.3,93.2,Strong,1.7
TRN04322,Transport,AES-256-GCM,modp1536(5),On,IPv4,web_browsing,387.2,19.5,3.5,0.52,189.0,Medium,3.5
TRN07275,Transport,AES-192,modp1024(2),On,IPv6,icmp,55.4,1.6,0.5,0.06,139.4,Medium,4.5
TRN03402,Tunnel,3DES,modp1536(5),On,IPv6,whatsapp_msg,40.0,6.6,19.6,0.17,138.1,Weak,7.8
TRN01390,Tunnel,AES-256,modp3072(15),On,IPv6,file_transfer,1374.5,117.9,0.5,0.81,171.4,Strong,2.2
TRN03565,Tunnel,AES-256-GCM,modp2048(14),Off,IPv4,video_streaming,1305.0,87.3,0.5,0.41,87.6,Strong,1.7
TRN07411,Tunnel,3DES,modp1024(2),On,IPv4,icmp,78.6,2.3,0.5,0.05,172.9,Weak,6.5
TRN00885,Tunnel,AES-256,modp4096(16),On,IPv6,icmp,65.9,1.3,0.5,0.06,242.6,Strong,2.7
TRN05430,Tunnel,AES-128,modp1024(2),On,IPv4,file_transfer,1425.0,112.2,277.2,0.76,133.1,Weak,7.0
TRN05704,Transport,AES-256-GCM,modp768(1),On,IPv6,voip,118.9,33.3,266.8,0.17,103.8,Medium,5.4
TRN05691,Tunnel,AES-256-GCM,modp6144(17),On,IPv6,icmp,67.5,2.9,6.5,0.04,217.5,Strong,1.6
TRN04868,Transport,3DES,modp8192(21),On,IPv4,video_streaming,1017.2,99.6,139.4,0.56,176.7,Medium,6.2
TRN06708,Transport,DES,modp3072(15),Off,IPv4,video_streaming,1298.7,86.2,502.0,0.5,160.5,Weak,7.3
TRN07774,Transport,AES-256-GCM,modp768(1),On,IPv4,web_browsing,401.9,17.4,0.5,0.41,165.4,Medium,4.3
TRN06370,Tunnel,AES-256,modp2048(14),On,IPv6,icmp,63.4,2.0,0.9,0.03,224.1,Medium,3.3
TRN01869,Tunnel,AES-192,modp3072(15),On,IPv4,whatsapp_msg,228.8,2.4,0.5,0.18,117.7,Medium,5.8
TRN05182,Tunnel,DES,modp1536(5),Off,IPv4,video_streaming,1606.0,106.8,0.5,0.53,192.9,Weak,6.7
TRN00011,Tunnel,AES-192,modp1024(2),On,IPv6,icmp,63.5,2.1,12.3,0.07,42.4,Medium,6.0
TRN03416,Transport,3DES,modp3072(15),Off,IPv6,web_browsing,519.3,15.6,0.5,0.75,193.0,Medium,5.5
TRN05422,Transport,AES-256-GCM,modp3072(15),Off,IPv6,icmp,61.7,1.4,2.2,0.07,152.7,Strong,1.3
TRN07487,Transport,AES-256-GCM,modp1024(2),Off,IPv6,video_streaming,1074.6,78.5,17.8,0.68,99.5,Medium,4.9
TRN01464,Transport,AES-256,modp3072(15),Off,IPv6,whatsapp_msg,164.6,7.9,0.5,0.24,132.9,Strong,1.1
TRN00807,Tunnel,DES,modp8192(21),Off,IPv6,icmp,57.9,1.8,21.3,0.04,151.6,Medium,4.3
TRN07980,Tunnel,AES-256-GCM,modp1024(2),Off,IPv6,whatsapp_msg,72.6,6.5,0.5,0.27,107.8,Medium,5.4
TRN08117,Tunnel,AES-128,modp2048(14),Off,IPv6,dns_query,81.5,3.6,0.5,0.13,128.1,Medium,6.0
TRN04069,Transport,DES,modp8192(21),On,IPv4,whatsapp_msg,193.8,7.0,0.5,0.3,144.2,Medium,3.7
TRN02109,Tunnel,3DES,modp8192(21),On,IPv4,web_browsing,239.2,9.2,0.5,0.23,180.8,Medium,4.2
TRN08226,Tunnel,3DES,modp1536(5),On,IPv4,email,539.5,8.5,0.5,0.2,169.1,Weak,8.0
TRN02042,Transport,AES-256-GCM,modp1024(2),On,IPv4,web_browsing,432.7,9.1,52.4,0.51,180.4,Medium,4.4
TRN02235,Transport,AES-256,modp8192(21),Off,IPv6,whatsapp_msg,115.9,2.7,5.6,0.2,142.9,Strong,2.8
TRN07308,Tunnel,AES-192,modp2048(14),Off,IPv4,whatsapp_msg,132.3,7.3,0.5,0.11,130.6,Medium,5.8
TRN00964,Transport,AES-128,modp2048(14),On,IPv4,email,570.0,8.0,21.2,0.22,112.6,Medium,3.5
TRN07512,Tunnel,AES-128,modp4096(16),Off,IPv6,whatsapp_msg,164.6,5.9,0.5,0.16,194.5,Medium,4.4
TRN07671,Tunnel,3DES,modp2048(14),Off,IPv6,email,678.5,7.2,0.5,0.4,215.0,Weak,7.4
TRN04495,Transport,DES,modp768(1),On,IPv4,dns_query,82.0,1.6,0.5,0.07,188.1,Weak,8.1
TRN02633,Tunnel,AES-256,modp2048(14),On,IPv4,email,885.9,5.9,16.2,0.19,124.9,Strong,2.5
TRN06095,Tunnel,AES-192,modp4096(16),Off,IPv6,dns_query,58.3,2.6,0.5,0.09,88.5,Strong,3.4
TRN07093,Transport,AES-192,modp8192(21),Off,IPv4,video_streaming,1269.0,124.0,59.6,0.66,172.6,Strong,2.5
TRN00705,Transport,DES,modp2048(14),Off,IPv4,icmp,75.7,2.5,0.5,0.05,145.6,Weak,7.1
TRN00432,Tunnel,AES-192,modp3072(15),On,IPv4,file_transfer,1402.4,82.8,0.5,0.74,187.2,Medium,5.4
TRN04389,Transport,DES,modp1024(2),On,IPv6,voip,132.0,31.6,137.9,0.16,182.0,Weak,8.5
TRN06078,Tunnel,AES-256-GCM,modp3072(15),On,IPv4,voip,140.4,44.2,16.5,0.21,141.7,Strong,0.8
TRN00146,Transport,DES,modp8192(21),Off,IPv6,web_browsing,549.1,21.9,8.1,0.86,142.1,Medium,6.5
TRN06468,Transport,AES-256,modp6144(17),Off,IPv4,dns_query,77.2,2.4,0.5,0.09,92.6,Strong,4.0
TRN02034,Tunnel,AES-256-GCM,modp1536(5),Off,IPv6,dns_query,75.1,4.8,2.6,0.06,149.4,Medium,3.6
TRN00376,Transport,AES-256-GCM,modp6144(17),Off,IPv6,web_browsing,428.9,15.9,0.5,0.5,154.6,Strong,1.5
TRN01166,Transport,AES-256,modp6144(17),On,IPv4,file_transfer,1363.6,158.2,146.7,0.84,207.3,Strong,2.6
TRN03501,Transport,AES-128,modp1024(2),On,IPv4,icmp,68.5,2.0,4.4,0.08,203.3,Weak,6.9
TRN02051,Transport,AES-192,modp2048(14),On,IPv4,icmp,78.9,1.8,0.5,0.06,160.4,Medium,3.2
TRN03761,Transport,AES-256-GCM,modp2048(14),On,IPv6,icmp,66.7,2.9,0.5,0.05,225.4,Strong,2.4
TRN02625,Tunnel,3DES,modp768(1),Off,IPv4,dns_query,70.8,2.3,2.7,0.03,45.9,Weak,6.6
TRN04485,Tunnel,DES,modp768(1),Off,IPv6,video_streaming,868.3,98.2,91.0,0.22,161.7,Weak,6.9
TRN04436,Tunnel,DES,modp3072(15),On,IPv6,icmp,68.4,1.4,0.5,0.06,219.5,Weak,8.8
TRN07800,Transport,AES-256-GCM,modp8192(21),On,IPv4,icmp,66.0,2.0,2.4,0.03,155.1,Strong,1.1
TRN08927,Tunnel,DES,modp1536(5),On,IPv6,voip,122.7,51.2,364.7,0.25,61.1,Weak,8.6
TRN07070,Tunnel,AES-192,modp3072(15),Off,IPv4,dns_query,84.1,4.4,0.5,0.07,139.2,Medium,5.7
TRN04362,Tunnel,AES-256-GCM,modp1024(2),Off,IPv4,icmp,62.8,1.9,1.1,0.0,242.6,Medium,3.6
TRN02425,Tunnel,AES-256-GCM,modp1536(5),On,IPv4,dns_query,89.1,3.7,1.5,0.08,122.3,Medium,4.2
TRN01263,Transport,AES-256-GCM,modp768(1),Off,IPv6,video_streaming,1030.8,108.8,1121.9,0.54,93.5,Medium,5.6
TRN01772,Tunnel,3DES,modp2048(14),Off,IPv4,web_browsing,395.2,14.6,0.5,0.37,115.6,Weak,9.9
TRN03512,Transport,DES,modp3072(15),Off,IPv6,email,831.7,11.1,0.5,0.35,105.9,Weak,9.6
TRN00272,Transport,AES-256-GCM,modp768(1),Off,IPv6,file_transfer,1449.6,104.7,0.5,0.93,85.8,Medium,5.4
TRN04793,Transport,AES-256,modp2048(14),Off,IPv6,file_transfer,1462.6,106.4,262.0,0.9,183.6,Medium,4.6
TRN04844,Transport,DES,modp3072(15),Off,IPv6,voip,116.9,55.3,42.6,0.17,161.2,Weak,7.1
TRN00245,Transport,3DES,modp768(1),On,IPv6,file_transfer,1488.9,117.2,124.3,0.85,225.5,Weak,10.0
TRN08856,Transport,DES,modp3072(15),Off,IPv4,file_transfer,1424.9,66.2,294.4,0.97,102.2,Weak,8.2
TRN04573,Tunnel,3DES,modp3072(15),Off,IPv6,file_transfer,1403.2,112.3,98.2,0.74,195.5,Medium,4.7
TRN02033,Tunnel,AES-256-GCM,modp8192(21),Off,IPv6,voip,107.3,43.5,0.5,0.2,164.3,Strong,1.4
TRN05054,Transport,AES-192,modp8192(21),On,IPv6,video_streaming,1262.5,76.8,81.2,0.43,141.7,Strong,1.5
TRN07736,Transport,DES,modp4096(16),On,IPv4,email,384.3,12.2,0.5,0.36,111.2,Medium,4.3
TRN00814,Tunnel,AES-192,modp2048(14),Off,IPv4,voip,113.8,57.2,0.5,0.21,168.7,Medium,5.5
TRN08695,Tunnel,AES-128,modp4096(16),Off,IPv6,voip,84.6,32.9,145.3,0.26,109.9,Medium,4.8
TRN06011,Transport,AES-256,modp768(1),Off,IPv6,dns_query,95.9,3.1,2.2,0.08,140.5,Weak,7.1
TRN03811,Tunnel,3DES,modp768(1),Off,IPv6,email,760.2,14.3,29.3,0.42,184.1,Weak,8.1
TRN05728,Transport,AES-128,modp3072(15),On,IPv4,email,554.4,9.2,4.4,0.46,118.0,Medium,4.2
TRN08963,Tunnel,DES,modp1024(2),On,IPv4,video_streaming,1254.9,99.7,0.5,0.64,144.5,Weak,8.7
TRN07951,Transport,DES,modp768(1),Off,IPv6,video_streaming,1325.9,88.7,1232.6,0.68,182.4,Weak,9.5
TRN01805,Tunnel,3DES,modp4096(16),Off,IPv4,whatsapp_msg,89.1,3.9,7.0,0.23,221.3,Medium,3.0
TRN08360,Tunnel,3DES,modp768(1),On,IPv6,voip,107.5,33.0,0.5,0.27,129.8,Weak,7.6
TRN04347,Transport,AES-256-GCM,modp6144(17),Off,IPv4,file_transfer,1359.4,124.8,0.5,0.79,120.9,Strong,1.4
TRN02462,Transport,AES-192,modp2048(14),On,IPv6,whatsapp_msg,220.7,4.6,7.1,0.13,176.6,Medium,6.0
TRN00546,Tunnel,AES-192,modp3072(15),On,IPv6,file_transfer,1396.1,133.3,0.5,0.65,134.2,Medium,4.9
TRN03242,Transport,3DES,modp6144(17),Off,IPv4,file_transfer,1316.7,117.4,0.5,0.76,113.4,Medium,3.4
TRN00739,Tunnel,AES-128,modp1024(2),On,IPv4,file_transfer,1492.1,127.2,0.5,0.8,157.8,Weak,8.8
TRN00311,Transport,AES-128,modp2048(14),Off,IPv4,voip,114.9,43.1,56.3,0.27,252.2,Medium,5.0
TRN03522,Transport,DES,modp2048(14),On,IPv6,web_browsing,266.3,12.5,7.4,0.4,216.7,Weak,10.0
TRN07038,Tunnel,AES-128,modp3072(15),Off,IPv4,web_browsing,396.8,10.9,0.5,0.56,212.0,Medium,5.2
TRN01132,Tunnel,3DES,modp2048(14),On,IPv6,voip,140.9,30.3,38.5,0.17,155.0,Medium,6.2
TRN05546,Transport,AES-192,modp768(1),Off,IPv4,email,1019.0,3.0,0.5,0.36,99.8,Weak,9.2
TRN00493,Transport,DES,modp768(1),Off,IPv4,voip,134.2,27.5,442.6,0.2,110.7,Weak,8.0
TRN04112,Transport,AES-128,modp4096(16),On,IPv4,video_streaming,1055.5,78.7,0.5,0.59,131.8,Medium,4.5
TRN07329,Tunnel,3DES,modp768(1),On,IPv4,icmp,71.9,1.8,0.5,0.04,110.2,Weak,8.9
TRN02770,Tunnel,AES-128,modp3072(15),On,IPv4,dns_query,91.2,4.0,0.5,0.13,74.2,Medium,4.5
TRN07565,Transport,AES-256-GCM,modp768(1),On,IPv4,icmp,62.5,1.2,15.3,0.02,125.3,Medium,4.1
TRN00921,Transport,AES-256-GCM,modp4096(16),On,IPv4,voip,162.9,48.3,295.1,0.29,190.8,Strong,2.2
TRN08817,Transport,AES-256-GCM,modp8192(21),On,IPv6,web_browsing,291.9,16.8,30.7,0.4,203.5,Strong,2.0
TRN08195,Tunnel,AES-256,modp3072(15),Off,IPv4,video_streaming,1071.3,107.7,120.9,0.44,131.1,Medium,5.2
TRN03588,Transport,AES-128,modp6144(17),On,IPv4,email,467.7,8.7,0.5,0.08,152.9,Strong,1.1
TRN06641,Tunnel,DES,modp1536(5),On,IPv4,whatsapp_msg,155.4,3.1,3.8,0.25,228.5,Weak,9.8
TRN03960,Transport,AES-256-GCM,modp768(1),On,IPv6,file_transfer,1398.7,128.4,130.6,0.78,159.3,Medium,5.1
TRN00039,Transport,3DES,modp2048(14),On,IPv6,whatsapp_msg,138.0,5.4,0.5,0.3,138.6,Medium,4.8
TRN04460,Tunnel,AES-256,modp1024(2),Off,IPv6,whatsapp_msg,147.0,8.4,0.5,0.29,183.1,Weak,7.4
TRN07127,Transport,3DES,modp4096(16),Off,IPv6,file_transfer,1381.2,144.5,214.6,0.5,81.7,Medium,3.5
TRN04279,Tunnel,AES-256-GCM,modp1536(5),On,IPv6,voip,66.8,52.5,382.8,0.26,125.8,Medium,6.0
TRN07130,Transport,AES-128,modp1024(2),On,IPv6,voip,95.1,44.7,325.2,0.25,267.5,Weak,8.4
TRN02984,Transport,AES-128,modp6144(17),Off,IPv4,icmp,54.9,2.3,10.8,0.05,162.8,Strong,1.0
TRN05291,Tunnel,AES-128,modp768(1),On,IPv4,whatsapp_msg,88.3,4.6,0.5,0.2,19.0,Weak,9.5
TRN06949,Tunnel,AES-128,modp1536(5),Off,IPv4,voip,125.6,47.5,339.0,0.24,179.4,Weak,7.9
TRN00131,Tunnel,AES-128,modp4096(16),On,IPv4,email,711.7,6.6,23.9,0.43,161.5,Strong,0.9
TRN05218,Transport,AES-256,modp1024(2),Off,IPv4,voip,142.9,59.9,62.7,0.22,172.5,Weak,10.0
TRN08928,Transport,AES-128,modp1024(2),On,IPv4,video_streaming,1179.1,76.2,48.9,0.45,228.3,Weak,8.7
TRN02668,Tunnel,3DES,modp8192(21),On,IPv6,file_transfer,1390.8,140.2,208.1,0.84,169.0,Strong,1.6
TRN07139,Tunnel,3DES,modp3072(15),On,IPv4,dns_query,86.8,3.9,0.5,0.14,62.2,Medium,3.8
TRN03224,Transport,3DES,modp8192(21),On,IPv4,file_transfer,1390.3,97.3,1.4,0.8,165.5,Strong,1.9
TRN01183,Tunnel,AES-256-GCM,modp1024(2),On,IPv6,file_transfer,1317.2,101.5,0.5,0.76,138.3,Medium,2.7
TRN05393,Tunnel,AES-256-GCM,modp8192(21),On,IPv4,voip,119.3,57.5,213.8,0.17,179.7,Strong,2.3
TRN00615,Tunnel,AES-192,modp2048(14),On,IPv6,voip,134.9,39.1,0.5,0.15,165.0,Medium,5.8
TRN08911,Transport,DES,modp768(1),On,IPv6,icmp,66.2,1.9,0.5,0.07,114.2,Weak,7.0
TRN01467,Tunnel,3DES,modp768(1),Off,IPv4,email,1031.7,8.0,20.7,0.22,49.7,Weak,6.7
TRN04498,Tunnel,AES-256-GCM,modp8192(21),Off,IPv6,file_transfer,1332.7,103.3,0.5,0.68,126.3,Strong,1.3
TRN03043,Tunnel,3DES,modp1024(2),On,IPv4,whatsapp_msg,160.0,6.6,0.5,0.1,181.7,Weak,9.0
TRN00935,Tunnel,AES-128,modp768(1),On,IPv4,voip,112.3,47.0,524.9,0.22,186.2,Weak,6.8
TRN02420,Tunnel,AES-128,modp8192(21),On,IPv6,email,411.1,12.1,6.0,0.26,214.2,Strong,1.1
TRN05086,Transport,AES-256-GCM,modp8192(21),Off,IPv6,icmp,58.2,2.5,0.5,0.08,160.9,Strong,2.0
TRN03295,Transport,3DES,modp1536(5),On,IPv4,icmp,67.4,1.4,3.6,0.04,106.6,Weak,9.4
TRN06738,Tunnel,AES-256-GCM,modp1536(5),Off,IPv6,file_transfer,1451.0,90.2,0.5,0.74,207.5,Medium,3.9
TRN07939,Transport,AES-128,modp2048(14),Off,IPv4,dns_query,66.4,4.1,0.5,0.13,197.5,Medium,5.3
TRN04823,Transport,AES-128,modp6144(17),Off,IPv4,whatsapp_msg,209.1,4.3,13.7,0.2,79.0,Strong,2.5
TRN00827,Transport,AES-256-GCM,modp4096(16),Off,IPv6,voip,96.2,47.2,287.6,0.23,159.5,Strong,0.7
TRN01522,Tunnel,3DES,modp4096(16),Off,IPv4,video_streaming,1452.1,93.4,359.8,0.53,126.3,Medium,4.1
TRN06832,Tunnel,AES-128,modp768(1),On,IPv6,voip,82.5,40.6,754.6,0.23,99.3,Weak,7.1
TRN02931,Transport,AES-192,modp2048(14),On,IPv4,dns_query,97.8,2.4,3.8,0.1,261.3,Medium,4.9
TRN04233,Tunnel,AES-256-GCM,modp768(1),Off,IPv4,whatsapp_msg,137.3,6.4,0.5,0.31,143.6,Weak,9.5
TRN00629,Tunnel,AES-192,modp4096(16),Off,IPv6,file_transfer,1364.3,109.3,16.6,0.7,120.2,Strong,2.2
TRN04431,Transport,AES-256-GCM,modp768(1),On,IPv6,voip,102.3,40.3,390.2,0.23,169.9,Medium,2.6
TRN03854,Transport,AES-128,modp3072(15),Off,IPv4,web_browsing,405.8,14.5,52.7,0.56,118.7,Medium,3.4
TRN00391,Transport,AES-256,modp768(1),On,IPv6,voip,126.9,52.2,0.5,0.25,137.2,Weak,7.3
TRN04346,Tunnel,AES-256,modp3072(15),On,IPv4,video_streaming,1389.7,89.9,0.5,0.7,146.9,Strong,1.9
TRN08870,Tunnel,AES-128,modp4096(16),On,IPv4,whatsapp_msg,124.9,5.2,15.0,0.3,188.7,Medium,3.4
TRN07125,Tunnel,DES,modp4096(16),On,IPv6,web_browsing,340.9,20.1,0.5,0.4,137.8,Medium,3.1
TRN05914,Transport,AES-256,modp4096(16),On,IPv6,voip,125.1,44.2,22.1,0.23,196.5,Strong,1.0
TRN03991,Transport,AES-192,modp3072(15),On,IPv4,video_streaming,1034.7,73.7,0.5,0.66,171.3,Medium,3.7
TRN00401,Tunnel,3DES,modp8192(21),On,IPv6,whatsapp_msg,144.8,3.7,1.8,0.17,156.3,Strong,1.8
TRN04807,Transport,3DES,modp6144(17),On,IPv4,icmp,68.1,2.2,0.5,0.04,238.9,Medium,6.6
TRN05136,Tunnel,AES-256-GCM,modp6144(17),Off,IPv4,dns_query,53.0,2.7,0.5,0.11,73.3,Strong,3.2
TRN07912,Transport,AES-256,modp768(1),On,IPv6,dns_query,91.0,3.4,0.5,0.1,157.9,Medium,5.8
TRN03360,Tunnel,3DES,modp3072(15),Off,IPv4,icmp,70.0,1.0,0.5,0.06,88.0,Medium,4.9
TRN00047,Tunnel,DES,modp768(1),On,IPv4,web_browsing,373.5,7.6,52.0,0.6,153.3,Weak,7.3
TRN05658,Tunnel,AES-128,modp768(1),Off,IPv4,email,537.2,9.0,0.5,0.28,180.7,Weak,9.2
TRN00489,Transport,DES,modp768(1),On,IPv4,file_transfer,1297.4,101.6,0.5,0.78,161.4,Weak,7.2
TRN03994,Transport,AES-256,modp4096(16),On,IPv4,web_browsing,382.7,19.8,30.4,0.4,107.4,Strong,0.7
TRN03643,Tunnel,AES-192,modp8192(21),On,IPv4,web_browsing,285.0,16.1,7.7,0.44,172.0,Strong,1.4
TRN03727,Tunnel,AES-256,modp768(1),On,IPv4,file_transfer,1307.3,135.0,0.5,0.75,95.9,Medium,6.3
TRN08593,Tunnel,AES-128,modp1024(2),On,IPv4,file_transfer,1386.3,100.9,0.5,0.74,191.5,Weak,5.9
TRN05209,Transport,DES,modp4096(16),Off,IPv6,voip,110.3,50.0,337.2,0.19,91.6,Medium,5.6
TRN06610,Transport,DES,modp3072(15),On,IPv6,whatsapp_msg,105.5,0.5,8.1,0.32,198.0,Medium,4.2
TRN05320,Tunnel,AES-256-GCM,modp3072(15),Off,IPv4,file_transfer,1383.0,97.6,0.5,0.85,117.6,Strong,0.5
TRN00710,Transport,AES-256,modp3072(15),Off,IPv4,voip,121.5,47.4,456.5,0.23,151.9,Strong,1.0
TRN07120,Transport,AES-192,modp4096(16),On,IPv6,web_browsing,479.4,13.3,48.7,0.33,179.4,Strong,0.4
TRN02422,Transport,AES-256,modp8192(21),On,IPv6,video_streaming,1380.5,60.5,0.5,0.67,118.3,Strong,2.2
TRN05605,Tunnel,AES-192,modp8192(21),On,IPv6,whatsapp_msg,105.8,8.9,0.5,0.22,137.1,Strong,0.6
TRN01751,Transport,DES,modp8192(21),On,IPv6,icmp,65.1,2.1,0.5,0.05,166.0,Medium,5.9
TRN08952,Transport,AES-128,modp1024(2),On,IPv4,dns_query,81.5,2.7,1.5,0.07,163.1,Weak,7.9
TRN08015,Transport,AES-128,modp8192(21),On,IPv6,web_browsing,281.5,11.5,0.5,0.77,161.1,Strong,0.3
TRN04063,Tunnel,AES-128,modp768(1),Off,IPv4,video_streaming,1097.5,91.3,471.5,0.64,129.0,Weak,7.7
TRN08745,Transport,AES-256-GCM,modp3072(15),On,IPv6,email,808.5,9.2,0.5,0.41,106.7,Strong,0.5
TRN00339,Tunnel,AES-128,modp3072(15),On,IPv4,email,751.7,7.2,16.7,0.29,43.7,Medium,5.8
TRN00216,Tunnel,AES-256,modp1024(2),On,IPv4,whatsapp_msg,169.9,6.8,0.5,0.15,72.0,Medium,3.9
TRN03664,Tunnel,3DES,modp3072(15),On,IPv4,file_transfer,1400.3,145.6,116.8,0.75,86.6,Medium,6.6
TRN01342,Transport,3DES,modp768(1),On,IPv6,icmp,66.0,1.5,6.3,0.04,154.5,Weak,6.8
TRN08586,Tunnel,DES,modp4096(16),On,IPv4,web_browsing,534.7,6.2,0.5,0.34,60.5,Medium,2.7
TRN05617,Transport,AES-256,modp1024(2),Off,IPv4,file_transfer,1399.1,88.2,0.5,0.61,151.2,Weak,8.3
TRN03895,Transport,AES-192,modp2048(14),Off,IPv4,file_transfer,1417.9,111.1,27.6,0.72,193.0,Medium,5.5
TRN03641,Transport,AES-192,modp4096(16),On,IPv6,web_browsing,444.3,9.5,50.2,0.54,153.8,Strong,0.5
TRN00330,Tunnel,3DES,modp6144(17),Off,IPv4,whatsapp_msg,162.0,7.3,10.3,0.41,165.5,Medium,5.4
TRN07694,Tunnel,DES,modp3072(15),On,IPv4,voip,111.8,48.1,202.5,0.13,138.2,Medium,5.0
TRN03005,Tunnel,3DES,modp1536(5),On,IPv6,icmp,49.2,1.7,21.1,0.06,29.3,Weak,8.0
TRN06961,Transport,AES-128,modp768(1),On,IPv4,email,759.2,4.8,0.5,0.27,193.6,Weak,9.6
TRN04091,Tunnel,3DES,modp6144(17),Off,IPv6,dns_query,78.5,3.2,0.5,0.11,103.1,Medium,5.8
TRN03116,Tunnel,AES-128,modp2048(14),On,IPv6,web_browsing,339.5,14.0,33.6,0.55,121.9,Medium,5.8
TRN08841,Transport,DES,modp4096(16),On,IPv4,file_transfer,1431.5,124.6,86.2,0.78,157.5,Medium,4.4
TRN02323,Transport,DES,modp1024(2),Off,IPv4,file_transfer,1380.1,119.3,346.2,0.82,113.0,Weak,7.7
TRN06668,Tunnel,AES-256-GCM,modp768(1),Off,IPv6,file_transfer,1497.9,121.8,196.9,0.67,130.3,Medium,4.1
TRN07010,Tunnel,AES-128,modp2048(14),On,IPv4,icmp,53.2,2.8,11.9,0.06,136.3,Medium,4.8
TRN04198,Transport,AES-192,modp2048(14),On,IPv6,icmp,70.7,2.1,6.1,0.07,80.9,Medium,5.3
TRN03550,Transport,AES-256-GCM,modp3072(15),On,IPv4,web_browsing,379.3,18.6,21.2,0.66,139.6,Strong,1.7
TRN01459,Transport,AES-256-GCM,modp8192(21),On,IPv6,whatsapp_msg,175.7,4.2,0.5,0.23,146.3,Strong,0.6
TRN00172,Transport,AES-192,modp6144(17),On,IPv6,file_transfer,1372.8,111.8,124.6,0.76,145.1,Strong,1.5
TRN04204,Tunnel,AES-128,modp8192(21),On,IPv6,file_transfer,1384.1,146.6,1.5,0.84,172.0,Strong,0.8
TRN08375,Transport,3DES,modp4096(16),Off,IPv4,dns_query,73.1,2.3,3.9,0.14,155.9,Medium,4.8
TRN03570,Transport,DES,modp2048(14),On,IPv4,email,90.4,7.5,6.0,0.23,135.0,Weak,6.2
TRN04227,Transport,AES-128,modp4096(16),Off,IPv6,email,539.5,6.9,3.7,0.33,215.3,Medium,5.5
TRN05159,Transport,AES-256-GCM,modp8192(21),Off,IPv6,dns_query,76.4,2.5,2.7,0.09,137.7,Strong,0.7
TRN07983,Transport,AES-128,modp4096(16),Off,IPv6,dns_query,62.9,2.1,0.5,0.15,241.2,Medium,5.6
TRN06186,Tunnel,AES-128,modp3072(15),On,IPv4,voip,127.9,46.1,429.7,0.18,111.3,Medium,3.8
TRN08060,Transport,AES-256-GCM,modp3072(15),Off,IPv6,video_streaming,1184.1,89.4,0.5,0.42,168.0,Strong,1.9
TRN00939,Transport,AES-192,modp4096(16),Off,IPv4,email,287.0,13.2,0.5,0.16,119.1,Medium,5.2
TRN00061,Tunnel,AES-256-GCM,modp2048(14),On,IPv6,icmp,87.7,2.2,0.5,0.08,103.8,Strong,2.4
TRN01241,Tunnel,AES-256,modp8192(21),On,IPv4,web_browsing,220.5,14.5,36.9,0.42,121.6,Strong,0.5
TRN05761,Tunnel,AES-192,modp4096(16),Off,IPv4,email,194.0,9.3,15.5,0.41,161.3,Strong,1.4
TRN05137,Transport,DES,modp1024(2),Off,IPv6,video_streaming,1266.3,78.8,271.5,0.66,77.0,Weak,8.6
TRN08175,Transport,AES-256-GCM,modp3072(15),On,IPv6,whatsapp_msg,191.3,5.2,10.7,0.26,110.1,Strong,1.5
TRN06857,Tunnel,3DES,modp4096(16),On,IPv4,web_browsing,376.7,18.6,0.5,0.48,134.1,Medium,3.7
TRN02121,Transport,AES-256-GCM,modp2048(14),Off,IPv6,whatsapp_msg,109.1,7.6,0.5,0.27,162.1,Strong,0.6
TRN01525,Tunnel,3DES,modp3072(15),Off,IPv6,dns_query,76.7,1.7,2.3,0.11,118.6,Weak,10.0
TRN07618,Tunnel,3DES,modp8192(21),Off,IPv6,email,589.5,9.5,9.8,0.44,151.4,Medium,5.9
TRN00154,Transport,AES-192,modp1536(5),Off,IPv4,email,496.4,13.8,0.5,0.22,172.5,Weak,8.9
TRN06345,Transport,3DES,modp768(1),Off,IPv4,icmp,65.5,1.3,0.5,0.05,299.3,Weak,8.4
TRN00482,Transport,DES,modp2048(14),On,IPv6,video_streaming,1404.0,89.7,0.5,0.67,253.7,Weak,8.5
TRN06123,Transport,DES,modp768(1),Off,IPv4,whatsapp_msg,158.3,4.4,13.1,0.31,132.3,Weak,8.0
TRN04461,Tunnel,AES-128,modp2048(14),On,IPv4,dns_query,75.2,1.7,0.5,0.15,87.6,Medium,3.0
TRN07675,Transport,AES-256,modp8192(21),On,IPv4,whatsapp_msg,66.0,5.6,0.5,0.29,250.8,Strong,2.5
TRN07102,Tunnel,3DES,modp2048(14),On,IPv6,file_transfer,1362.5,97.6,0.5,0.84,141.1,Weak,7.0
TRN03921,Tunnel,AES-256-GCM,modp1536(5),Off,IPv6,voip,140.2,45.3,12.4,0.12,140.2,Medium,6.9
TRN07659,Transport,AES-256,modp2048(14),Off,IPv4,web_browsing,398.6,14.3,0.5,0.68,225.3,Medium,2.8
TRN07412,Transport,DES,modp768(1),On,IPv4,whatsapp_msg,186.8,5.8,0.5,0.26,106.3,Weak,6.9
TRN01763,Tunnel,3DES,modp1024(2),Off,IPv4,video_streaming,1288.9,98.7,553.2,0.5,180.0,Weak,8.8
TRN07635,Transport,3DES,modp1024(2),Off,IPv4,icmp,72.5,2.1,1.6,0.05,160.2,Weak,6.6
TRN07316,Tunnel,DES,modp1536(5),Off,IPv6,email,277.6,9.2,10.3,0.23,185.1,Weak,8.1
TRN00751,Transport,AES-256-GCM,modp8192(21),Off,IPv4,file_transfer,1403.4,123.0,0.5,0.79,123.0,Strong,3.1
TRN01786,Transport,3DES,modp1536(5),On,IPv6,dns_query,81.4,3.4,0.5,0.06,229.9,Weak,8.4
TRN08143,Transport,AES-128,modp1536(5),Off,IPv6,video_streaming,1329.2,65.2,828.6,0.72,76.9,Weak,6.6
TRN07480,Transport,3DES,modp8192(21),Off,IPv6,voip,124.2,25.3,0.5,0.21,120.3,Medium,3.7
TRN06213,Transport,AES-128,modp1024(2),On,IPv6,web_browsing,284.8,14.8,3.1,0.73,154.1,Weak,8.3
TRN04502,Tunnel,AES-256,modp8192(21),On,IPv4,voip,103.5,37.4,533.3,0.18,114.2,Strong,2.2
TRN04854,Transport,DES,modp6144(17),On,IPv6,icmp,72.1,2.3,12.6,0.05,156.7,Medium,4.6
TRN02712,Tunnel,AES-192,modp1024(2),Off,IPv4,file_transfer,1463.9,133.2,54.6,0.85,135.6,Weak,7.1
TRN06767,Tunnel,AES-192,modp1536(5),On,IPv4,dns_query,64.8,3.5,2.3,0.1,104.1,Medium,3.7
TRN07915,Transport,AES-128,modp8192(21),On,IPv4,dns_query,54.8,2.7,3.5,0.05,132.9,Strong,2.8
TRN04194,Tunnel,3DES,modp1536(5),Off,IPv4,voip,111.0,56.5,0.5,0.18,73.3,Weak,7.7
TRN01334,Transport,AES-256-GCM,modp4096(16),On,IPv4,email,276.0,4.6,0.5,0.23,156.1,Strong,1.7
TRN01251,Tunnel,3DES,modp1024(2),Off,IPv4,web_browsing,334.5,3.1,0.5,0.71,102.8,Weak,8.5
TRN06888,Transport,3DES,modp6144(17),On,IPv6,email,671.4,5.6,9.8,0.12,125.0,Medium,5.2
TRN02855,Tunnel,AES-256-GCM,modp768(1),Off,IPv6,web_browsing,417.0,18.4,0.5,0.56,102.2,Medium,5.7
TRN00187,Tunnel,AES-128,modp1536(5),On,IPv6,dns_query,104.9,4.4,2.5,0.12,222.2,Medium,5.1
TRN01137,Tunnel,DES,modp8192(21),Off,IPv4,email,418.0,7.3,9.6,0.25,140.6,Medium,5.7
TRN08449,Transport,DES,modp3072(15),On,IPv4,dns_query,105.7,3.4,0.5,0.07,180.9,Weak,8.0
TRN08736,Tunnel,DES,modp768(1),Off,IPv4,voip,105.7,39.9,29.4,0.21,113.4,Weak,9.6
TRN02059,Transport,AES-192,modp8192(21),Off,IPv4,voip,119.3,45.5,0.5,0.23,153.3,Strong,0.5
TRN08198,Tunnel,AES-192,modp1536(5),On,IPv4,whatsapp_msg,153.2,7.6,7.6,0.22,108.9,Medium,3.8
TRN03851,Tunnel,AES-256-GCM,modp1536(5),Off,IPv4,whatsapp_msg,176.2,3.9,0.5,0.3,153.2,Medium,4.3
TRN00149,Transport,AES-192,modp1024(2),On,IPv4,web_browsing,451.3,16.8,1.5,0.64,129.1,Weak,10.0
TRN04125,Tunnel,AES-192,modp768(1),On,IPv4,dns_query,72.0,3.8,2.5,0.12,176.5,Weak,7.9
TRN04890,Tunnel,AES-128,modp768(1),On,IPv4,email,474.1,9.3,14.8,0.28,79.9,Weak,9.5
TRN07931,Tunnel,DES,modp1536(5),Off,IPv4,web_browsing,442.2,2.7,0.5,0.65,87.8,Weak,8.1
TRN03364,Transport,AES-256,modp2048(14),On,IPv6,voip,89.5,53.3,0.5,0.17,108.6,Strong,0.9
TRN04789,Tunnel,AES-256-GCM,modp1536(5),Off,IPv4,icmp,58.1,1.6,13.8,0.07,110.2,Medium,4.6
TRN02867,Tunnel,AES-192,modp1536(5),Off,IPv4,video_streaming,826.4,85.4,745.1,0.54,145.3,Weak,9.0
TRN03777,Transport,AES-256-GCM,modp3072(15),Off,IPv6,email,578.9,5.9,25.9,0.18,141.5,Strong,2.1
TRN01387,Transport,AES-256,modp2048(14),Off,IPv6,icmp,57.1,2.8,12.7,0.04,127.2,Medium,2.7
TRN05942,Tunnel,DES,modp768(1),On,IPv4,icmp,68.7,1.8,2.0,0.0,111.0,Weak,7.4
TRN03068,Tunnel,DES,modp1536(5),On,IPv4,web_browsing,603.9,8.7,0.5,0.61,103.1,Weak,6.1
TRN08093,Tunnel,DES,modp6144(17),On,IPv4,file_transfer,1497.5,89.8,155.3,0.84,162.1,Medium,4.4
TRN05696,Transport,3DES,modp2048(14),Off,IPv4,voip,155.9,39.5,0.5,0.13,156.7,Weak,9.5
TRN03630,Tunnel,AES-256,modp3072(15),Off,IPv4,icmp,75.5,1.8,11.0,0.03,124.8,Strong,0.9
TRN08504,Transport,DES,modp1024(2),Off,IPv4,video_streaming,913.0,72.2,1300.7,0.65,147.5,Weak,6.6
TRN04798,Transport,AES-256-GCM,modp8192(21),On,IPv4,video_streaming,1206.8,81.5,492.0,0.51,170.6,Strong,0.7
TRN07904,Tunnel,AES-192,modp1024(2),Off,IPv6,icmp,54.9,2.3,0.5,0.05,114.8,Weak,9.3
TRN03029,Transport,AES-192,modp1536(5),Off,IPv4,dns_query,105.9,2.1,0.5,0.1,221.2,Medium,5.8
TRN02970,Tunnel,3DES,modp6144(17),On,IPv6,web_browsing,439.8,21.7,4.0,0.44,80.2,Medium,4.9
TRN08352,Tunnel,DES,modp4096(16),Off,IPv6,email,749.9,8.5,26.6,0.42,153.7,Medium,4.9
TRN01709,Transport,AES-128,modp1024(2),On,IPv4,dns_query,89.8,3.3,1.2,0.07,134.8,Weak,7.6
TRN02954,Transport,AES-256,modp3072(15),On,IPv6,web_browsing,546.0,12.5,0.5,0.28,173.9,Strong,0.7
TRN00455,Tunnel,AES-256,modp768(1),On,IPv4,voip,90.0,41.4,0.5,0.29,226.4,Weak,9.8
TRN06965,Tunnel,3DES,modp2048(14),Off,IPv4,file_transfer,1376.0,112.7,178.7,0.81,214.7,Weak,8.6
TRN06137,Tunnel,DES,modp6144(17),Off,IPv4,email,297.7,5.8,0.5,0.25,156.0,Medium,4.1
TRN08179,Transport,AES-128,modp768(1),Off,IPv6,file_transfer,1373.6,130.6,0.5,0.73,136.1,Weak,7.1
TRN06412,Tunnel,AES-256,modp1536(5),Off,IPv6,email,514.2,14.2,0.5,0.31,138.4,Medium,4.7
TRN00610,Transport,AES-192,modp768(1),On,IPv4,file_transfer,1397.5,89.0,162.4,0.82,151.0,Weak,8.2
TRN04264,Tunnel,DES,modp2048(14),On,IPv6,voip,121.2,33.3,300.9,0.18,8.0,Weak,7.9
TRN04827,Transport,DES,modp4096(16),On,IPv4,dns_query,101.8,3.3,0.5,0.09,162.6,Medium,5.9
TRN00646,Transport,AES-128,modp1024(2),On,IPv6,file_transfer,1378.4,108.3,0.5,0.5,89.9,Weak,7.7
TRN07455,Transport,AES-128,modp1024(2),Off,IPv6,video_streaming,1328.5,123.8,66.5,0.71,191.8,Weak,9.4
TRN02075,Transport,DES,modp8192(21),On,IPv6,web_browsing,559.8,13.2,0.5,0.49,109.2,Medium,4.8
TRN04053,Tunnel,AES-256,modp6144(17),On,IPv6,video_streaming,1146.0,96.7,0.5,0.61,248.7,Strong,1.6
TRN07960,Tunnel,DES,modp768(1),On,IPv4,video_streaming,1105.0,67.0,364.6,0.46,163.8,Weak,8.3
TRN01623,Transport,AES-192,modp6144(17),On,IPv4,email,40.0,8.7,8.5,0.3,144.0,Strong,2.3
TRN04684,Tunnel,AES-256-GCM,modp2048(14),Off,IPv6,file_transfer,1402.9,112.7,290.8,0.71,153.4,Medium,4.9
TRN05498,Transport,AES-128,modp1536(5),On,IPv4,dns_query,65.0,2.7,1.6,0.15,158.6,Medium,4.3
TRN07142,Transport,AES-256,modp2048(14),On,IPv6,video_streaming,1230.1,105.4,547.6,0.45,158.6,Medium,5.3
TRN07321,Transport,3DES,modp1024(2),Off,IPv4,dns_query,112.0,2.0,1.8,0.06,123.3,Weak,9.6
TRN05797,Tunnel,3DES,modp2048(14),Off,IPv6,email,568.1,8.4,0.5,0.23,160.6,Weak,9.6
TRN07185,Tunnel,AES-192,modp4096(16),Off,IPv6,voip,102.6,43.1,0.5,0.18,86.4,Strong,0.3
TRN02082,Transport,DES,modp6144(17),Off,IPv6,file_transfer,1374.5,120.8,0.5,0.79,98.6,Medium,6.4
TRN07078,Tunnel,AES-128,modp3072(15),Off,IPv6,dns_query,57.3,3.5,0.5,0.09,158.4,Medium,3.9
TRN00041,Tunnel,AES-192,modp3072(15),On,IPv4,web_browsing,197.6,12.4,0.5,0.34,184.4,Strong,0.5
TRN05476,Tunnel,DES,modp4096(16),Off,IPv6,video_streaming,1092.0,74.7,7.2,0.56,206.8,Weak,9.2
TRN02090,Tunnel,DES,modp6144(17),Off,IPv6,web_browsing,430.0,23.5,8.0,0.66,192.2,Medium,3.6
TRN03925,Transport,AES-256,modp4096(16),On,IPv6,video_streaming,1172.7,109.9,0.5,0.54,159.2,Strong,1.4
TRN02176,Transport,AES-256-GCM,modp768(1),On,IPv6,email,596.9,9.6,0.5,0.24,122.2,Medium,5.1
TRN07314,Tunnel,AES-128,modp2048(14),On,IPv6,file_transfer,1363.1,110.0,0.5,0.82,258.8,Medium,3.6
TRN08319,Transport,AES-256,modp2048(14),Off,IPv6,whatsapp_msg,157.9,12.1,7.1,0.23,156.8,Medium,5.2
TRN00075,Transport,DES,modp768(1),On,IPv6,whatsapp_msg,122.2,6.7,7.2,0.18,184.0,Weak,9.7
TRN08338,Tunnel,AES-128,modp2048(14),On,IPv6,whatsapp_msg,99.4,4.0,2.0,0.29,121.5,Medium,5.2
TRN03799,Tunnel,AES-128,modp4096(16),Off,IPv4,web_browsing,270.4,17.5,0.5,0.47,156.0,Medium,3.6
TRN02658,Transport,AES-256,modp768(1),Off,IPv4,web_browsing,258.3,8.9,0.5,0.32,168.7,Weak,7.6
TRN03181,Tunnel,AES-256,modp4096(16),On,IPv6,video_streaming,1085.9,120.6,543.2,0.71,234.4,Strong,1.4
TRN02077,Transport,AES-128,modp768(1),Off,IPv6,web_browsing,390.7,11.7,37.2,0.26,170.4,Weak,9.2
TRN00442,Tunnel,DES,modp3072(15),On,IPv6,video_streaming,1341.6,53.9,0.5,0.72,79.2,Weak,8.2
TRN08297,Transport,AES-256-GCM,modp1536(5),Off,IPv4,icmp,50.9,2.3,0.5,0.06,135.8,Medium,4.7
TRN02052,Tunnel,AES-128,modp3072(15),On,IPv6,email,643.7,5.1,0.5,0.33,164.9,Medium,5.5
TRN02542,Tunnel,DES,modp4096(16),On,IPv4,whatsapp_msg,57.2,3.3,1.3,0.17,86.3,Medium,6.5
TRN07403,Tunnel,3DES,modp768(1),Off,IPv4,web_browsing,422.6,8.0,0.5,0.52,202.5,Weak,6.3
TRN01302,Transport,3DES,modp3072(15),On,IPv6,email,932.2,11.4,29.6,0.24,129.1,Medium,4.7
TRN05878,Transport,AES-192,modp1536(5),Off,IPv4,email,509.5,0.3,10.0,0.17,88.9,Medium,2.7
TRN07369,Transport,AES-192,modp2048(14),On,IPv4,web_browsing,364.6,10.7,6.5,0.48,119.3,Medium,6.2
TRN03431,Tunnel,AES-256-GCM,modp4096(16),On,IPv6,dns_query,70.4,3.4,2.6,0.07,158.5,Strong,0.3
TRN01305,Tunnel,AES-256-GCM,modp4096(16),On,IPv4,whatsapp_msg,144.9,6.2,7.3,0.2,206.3,Strong,2.5
TRN00237,Transport,AES-256,modp2048(14),Off,IPv6,icmp,64.8,1.8,2.6,0.05,132.4,Medium,4.2
TRN08794,Transport,3DES,modp2048(14),Off,IPv4,dns_query,78.4,2.2,2.0,0.11,169.2,Weak,9.0
TRN02600,Tunnel,DES,modp1536(5),On,IPv4,web_browsing,489.2,14.4,0.5,0.35,185.4,Weak,6.2
TRN04617,Transport,AES-256,modp2048(14),Off,IPv4,video_streaming,1303.8,80.5,863.0,0.59,230.8,Medium,3.5
TRN02574,Transport,AES-256-GCM,modp2048(14),On,IPv4,dns_query,77.2,2.9,0.5,0.08,205.4,Strong,2.0
TRN03281,Tunnel,AES-256,modp2048(14),Off,IPv6,email,303.1,12.1,0.5,0.28,157.1,Medium,3.3
TRN03187,Transport,AES-128,modp4096(16),On,IPv6,icmp,57.2,2.4,4.7,0.08,151.2,Strong,2.5
TRN03954,Tunnel,AES-256-GCM,modp6144(17),Off,IPv6,voip,127.2,48.7,41.1,0.11,188.8,Strong,1.9
TRN02769,Transport,DES,modp8192(21),Off,IPv4,dns_query,73.2,1.2,0.5,0.11,174.9,Medium,5.5
TRN04832,Tunnel,AES-256,modp4096(16),On,IPv4,video_streaming,1143.2,102.2,854.9,0.67,80.8,Strong,3.1
TRN04224,Transport,AES-256,modp6144(17),Off,IPv4,email,838.5,9.7,0.5,0.32,66.9,Strong,1.7
TRN02107,Tunnel,AES-128,modp2048(14),Off,IPv4,icmp,74.2,1.7,0.5,0.06,145.8,Medium,4.6
TRN02680,Tunnel,AES-256-GCM,modp4096(16),Off,IPv6,web_browsing,454.7,11.8,0.5,0.26,58.5,Strong,1.4
TRN07326,Transport,AES-128,modp768(1),Off,IPv4,file_transfer,1303.2,141.5,36.2,0.6,128.3,Weak,8.1
TRN02762,Tunnel,AES-256,modp6144(17),Off,IPv6,video_streaming,1132.8,82.4,760.6,0.54,114.9,Strong,1.0
TRN04689,Tunnel,DES,modp1024(2),On,IPv4,file_transfer,1518.8,131.6,168.9,0.88,146.6,Weak,9.4
TRN05400,Tunnel,AES-256,modp3072(15),On,IPv6,video_streaming,1437.0,81.5,0.5,0.6,120.2,Strong,0.3
TRN01388,Transport,3DES,modp8192(21),Off,IPv4,web_browsing,560.1,4.4,24.9,0.49,199.6,Medium,5.8
TRN02902,Tunnel,AES-192,modp8192(21),On,IPv6,video_streaming,1199.3,110.0,674.1,0.62,154.3,Strong,3.6
TRN03578,Tunnel,DES,modp768(1),On,IPv6,voip,161.2,52.2,643.9,0.09,219.9,Weak,8.2
TRN07869,Tunnel,AES-192,modp768(1),Off,IPv4,web_browsing,503.3,23.8,0.5,0.36,190.8,Weak,9.8
TRN08690,Transport,AES-256-GCM,modp768(1),Off,IPv4,dns_query,64.5,2.3,0.5,0.09,98.4,Medium,4.0
TRN07084,Tunnel,AES-256,modp6144(17),On,IPv4,file_transfer,1432.2,151.1,70.0,0.74,136.8,Strong,3.1
TRN08831,Tunnel,DES,modp1536(5),On,IPv6,dns_query,95.3,2.4,0.5,0.08,133.2,Weak,8.9
TRN07394,Transport,AES-256-GCM,modp1536(5),On,IPv4,dns_query,88.0,2.7,2.6,0.05,131.7,Medium,4.9
TRN05001,Tunnel,AES-256-GCM,modp8192(21),On,IPv6,video_streaming,948.9,86.5,0.5,0.59,99.1,Strong,1.3
TRN05854,Tunnel,AES-192,modp6144(17),On,IPv4,icmp,71.5,2.0,0.5,0.03,133.5,Strong,0.7
TRN01280,Tunnel,DES,modp768(1),Off,IPv6,web_browsing,725.1,10.2,0.5,0.31,175.2,Weak,7.6
TRN08474,Tunnel,AES-128,modp4096(16),Off,IPv6,whatsapp_msg,130.3,5.0,0.5,0.24,226.6,Medium,4.8
TRN00805,Tunnel,AES-192,modp3072(15),On,IPv6,video_streaming,857.2,75.6,1343.9,0.51,148.9,Strong,2.6
TRN06405,Tunnel,AES-128,modp2048(14),On,IPv6,icmp,64.5,2.3,0.5,0.06,166.3,Medium,5.5
TRN01556,Tunnel,DES,modp768(1),Off,IPv6,web_browsing,335.4,23.3,0.5,0.33,68.8,Weak,7.5
TRN08533,Transport,AES-192,modp4096(16),On,IPv4,video_streaming,1497.5,90.5,0.5,0.68,133.9,Strong,2.9
TRN03191,Tunnel,DES,modp768(1),On,IPv6,web_browsing,411.8,15.9,0.5,0.31,163.4,Weak,8.1
TRN04567,Transport,AES-192,modp2048(14),Off,IPv6,video_streaming,964.1,102.1,0.5,0.41,171.1,Medium,5.0
TRN04803,Tunnel,DES,modp4096(16),On,IPv6,video_streaming,1183.4,108.2,0.5,0.65,271.8,Medium,4.4
TRN08700,Tunnel,AES-128,modp2048(14),Off,IPv4,web_browsing,227.6,19.3,0.5,0.46,199.5,Medium,4.6
TRN07167,Tunnel,AES-128,modp8192(21),Off,IPv6,icmp,70.2,1.6,0.5,0.05,118.6,Strong,2.3
TRN04842,Transport,DES,modp8192(21),Off,IPv4,email,616.6,3.5,0.5,0.31,164.7,Medium,6.2
TRN03595,Tunnel,AES-192,modp6144(17),Off,IPv6,dns_query,88.5,2.7,4.2,0.06,174.3,Strong,0.9
TRN06036,Transport,AES-256,modp768(1),On,IPv4,whatsapp_msg,179.6,4.9,0.5,0.24,164.6,Weak,6.0
TRN06853,Tunnel,AES-256,modp1536(5),Off,IPv6,dns_query,78.6,5.2,0.5,0.08,162.2,Medium,6.2
TRN06959,Tunnel,AES-256,modp1024(2),Off,IPv4,web_browsing,504.8,10.7,72.1,0.57,8.0,Weak,9.4
TRN01921,Tunnel,AES-256-GCM,modp6144(17),On,IPv4,email,290.5,7.7,0.5,0.21,175.9,Strong,2.3
TRN00514,Transport,3DES,modp6144(17),On,IPv4,whatsapp_msg,143.1,5.7,11.9,0.28,139.1,Medium,6.0
TRN04178,Tunnel,AES-192,modp768(1),On,IPv4,dns_query,65.0,1.6,0.5,0.12,186.4,Weak,9.7
TRN06844,Transport,AES-192,modp8192(21),On,IPv6,file_transfer,1376.8,131.2,163.2,0.86,192.1,Strong,1.2
TRN01309,Tunnel,3DES,modp8192(21),On,IPv4,voip,109.0,50.3,172.5,0.23,166.6,Medium,3.1
TRN05668,Transport,DES,modp8192(21),On,IPv4,video_streaming,1254.3,78.7,248.8,0.6,108.4,Medium,5.8
TRN00915,Transport,AES-256-GCM,modp1024(2),On,IPv4,video_streaming,1322.3,51.8,0.5,0.63,177.3,Medium,5.9
TRN03453,Transport,AES-192,modp6144(17),Off,IPv6,dns_query,79.4,1.9,0.5,0.15,134.3,Strong,2.0
TRN03696,Transport,AES-128,modp4096(16),Off,IPv4,web_browsing,310.6,6.8,9.7,0.38,249.7,Medium,5.3
TRN04243,Transport,3DES,modp8192(21),Off,IPv6,dns_query,77.3,2.7,0.5,0.1,191.2,Medium,4.0
TRN03157,Transport,AES-128,modp768(1),Off,IPv6,email,675.0,7.7,0.5,0.33,131.3,Weak,7.1
TRN02199,Tunnel,AES-256-GCM,modp3072(15),On,IPv6,voip,108.6,42.1,468.1,0.25,174.7,Strong,0.3
TRN07841,Tunnel,DES,modp6144(17),Off,IPv6,file_transfer,1425.0,108.8,0.5,0.77,127.6,Medium,4.6
TRN00775,Tunnel,3DES,modp4096(16),On,IPv4,whatsapp_msg,207.7,5.9,6.6,0.51,96.6,Medium,4.8
TRN04426,Tunnel,AES-192,modp2048(14),Off,IPv4,whatsapp_msg,145.6,7.9,13.0,0.23,146.6,Medium,6.1
TRN06151,Transport,AES-128,modp2048(14),On,IPv4,email,765.9,7.1,13.6,0.22,209.0,Medium,5.6
TRN06098,Tunnel,AES-256-GCM,modp1024(2),Off,IPv6,whatsapp_msg,157.7,6.4,0.5,0.24,112.8,Medium,3.5
TRN00944,Tunnel,AES-192,modp1024(2),On,IPv6,video_streaming,1473.0,99.4,0.5,0.56,207.4,Medium,4.4
TRN00823,Tunnel,AES-128,modp1536(5),Off,IPv6,file_transfer,1352.5,97.3,404.7,0.71,120.4,Weak,7.3
TRN06879,Tunnel,AES-256-GCM,modp4096(16),On,IPv4,email,77.5,8.5,0.5,0.26,196.9,Strong,1.5
TRN05006,Transport,AES-128,modp1536(5),On,IPv4,file_transfer,1299.6,128.4,110.3,0.78,72.5,Weak,7.5
TRN06613,Transport,AES-128,modp1536(5),On,IPv6,email,693.6,9.6,4.6,0.41,86.1,Weak,8.0
TRN04278,Transport,DES,modp6144(17),On,IPv6,icmp,80.0,2.7,1.0,0.05,187.8,Medium,4.2
TRN00165,Tunnel,3DES,modp6144(17),On,IPv4,voip,126.2,49.1,0.5,0.25,93.2,Medium,3.8
TRN05620,Transport,3DES,modp3072(15),On,IPv6,video_streaming,1221.9,93.9,0.5,0.71,170.3,Medium,3.9
TRN04548,Tunnel,AES-128,modp3072(15),On,IPv6,web_browsing,214.1,14.2,20.9,0.41,100.2,Medium,5.8
TRN03984,Tunnel,3DES,modp768(1),Off,IPv4,file_transfer,1423.7,109.8,0.5,0.88,221.8,Weak,8.6
TRN02539,Tunnel,3DES,modp768(1),Off,IPv4,email,454.4,5.2,6.2,0.3,41.2,Weak,7.2
TRN06958,Tunnel,3DES,modp3072(15),Off,IPv6,icmp,69.5,2.4,0.5,0.06,168.8,Medium,3.9
TRN03192,Tunnel,AES-256,modp1536(5),On,IPv6,video_streaming,1238.5,81.7,0.5,0.68,128.9,Medium,5.9
TRN01312,Transport,AES-192,modp2048(14),On,IPv4,file_transfer,1427.9,122.5,134.9,0.81,151.2,Medium,5.0
TRN08397,Tunnel,AES-256-GCM,modp8192(21),Off,IPv4,icmp,68.6,2.1,0.5,0.02,130.3,Strong,2.7
TRN05208,Transport,AES-256-GCM,modp1536(5),Off,IPv4,web_browsing,435.4,11.5,72.8,0.82,163.8,Medium,4.6
TRN08560,Transport,AES-128,modp8192(21),Off,IPv4,web_browsing,295.5,10.5,12.0,0.34,163.1,Strong,1.7
TRN07586,Tunnel,DES,modp4096(16),Off,IPv4,web_browsing,330.0,7.5,0.5,0.12,163.1,Weak,9.1
TRN05384,Tunnel,AES-256-GCM,modp2048(14),On,IPv6,voip,112.4,52.2,195.2,0.22,211.1,Strong,1.3
TRN08158,Transport,3DES,modp8192(21),Off,IPv4,web_browsing,557.9,14.7,46.4,0.46,112.0,Medium,5.9
TRN03676,Transport,AES-192,modp4096(16),Off,IPv6,email,970.2,8.8,0.5,0.19,142.1,Medium,4.6
TRN07777,Tunnel,3DES,modp6144(17),Off,IPv6,web_browsing,335.6,9.9,1.0,0.48,204.2,Medium,3.7
TRN07219,Transport,AES-128,modp2048(14),Off,IPv6,video_streaming,1557.6,91.7,28.9,0.7,107.1,Medium,5.1
TRN06723,Tunnel,3DES,modp768(1),Off,IPv6,dns_query,70.1,3.9,0.5,0.06,89.7,Weak,6.4
TRN03301,Transport,AES-128,modp6144(17),Off,IPv4,web_browsing,233.6,18.3,45.1,0.68,123.4,Medium,4.1
TRN03311,Transport,AES-256,modp1024(2),Off,IPv6,email,622.7,8.0,0.5,0.26,98.0,Medium,3.4
TRN06905,Tunnel,AES-256-GCM,modp8192(21),On,IPv6,dns_query,71.4,5.1,1.2,0.14,187.1,Strong,1.2
TRN07222,Transport,AES-256,modp768(1),On,IPv4,file_transfer,1429.4,106.1,0.5,0.71,137.2,Weak,6.8
TRN00328,Transport,AES-128,modp1024(2),On,IPv6,icmp,76.4,1.9,3.7,0.08,211.6,Weak,8.5
TRN05887,Tunnel,AES-256,modp3072(15),Off,IPv6,icmp,64.8,2.1,18.8,0.07,280.2,Strong,1.1
TRN02491,Transport,AES-128,modp3072(15),Off,IPv6,voip,144.7,38.8,340.9,0.21,99.5,Medium,5.9
TRN08719,Tunnel,AES-256,modp2048(14),On,IPv4,voip,108.0,47.0,0.5,0.21,88.5,Medium,3.7
TRN06104,Transport,AES-256-GCM,modp6144(17),Off,IPv4,web_browsing,343.0,12.7,25.7,0.93,180.9,Strong,1.8
TRN05955,Transport,AES-256-GCM,modp1024(2),On,IPv6,web_browsing,212.8,12.8,25.4,0.34,172.5,Medium,5.7
TRN08692,Tunnel,3DES,modp2048(14),On,IPv6,dns_query,55.6,4.3,0.5,0.14,77.8,Weak,6.4
TRN04409,Tunnel,3DES,modp3072(15),On,IPv6,dns_query,96.2,1.8,0.5,0.06,168.4,Medium,2.6
TRN00833,Tunnel,AES-256,modp1536(5),On,IPv4,voip,92.7,52.3,0.5,0.16,164.9,Medium,3.9
TRN03080,Tunnel,3DES,modp1536(5),On,IPv4,email,545.3,5.6,50.0,0.23,216.9,Weak,9.4
TRN07517,Tunnel,AES-192,modp8192(21),Off,IPv6,file_transfer,1461.4,138.2,0.5,0.7,184.3,Strong,3.7
TRN03463,Tunnel,AES-128,modp1536(5),Off,IPv4,dns_query,76.3,4.8,0.5,0.07,195.2,Weak,6.7
TRN05298,Tunnel,AES-128,modp2048(14),Off,IPv4,voip,112.6,43.5,56.6,0.28,143.6,Medium,6.3
TRN01824,Transport,AES-256-GCM,modp8192(21),Off,IPv6,video_streaming,1217.9,101.0,0.5,0.78,133.5,Strong,2.9
TRN07644,Transport,AES-256,modp1024(2),On,IPv6,web_browsing,439.0,11.7,3.5,0.5,149.7,Medium,5.7
TRN00055,Tunnel,3DES,modp8192(21),On,IPv6,file_transfer,1481.6,89.4,156.7,1.0,169.2,Strong,0.7
TRN06231,Tunnel,3DES,modp768(1),On,IPv6,video_streaming,1018.3,91.9,0.5,0.49,157.6,Weak,9.6
TRN04065,Tunnel,DES,modp8192(21),On,IPv4,whatsapp_msg,159.9,3.8,0.5,0.2,224.6,Medium,4.8
TRN03452,Tunnel,3DES,modp1024(2),Off,IPv6,file_transfer,1296.0,97.1,82.2,0.75,183.1,Weak,8.6
TRN06306,Transport,AES-256-GCM,modp8192(21),Off,IPv4,icmp,60.4,2.0,0.5,0.06,164.4,Strong,1.7
TRN01902,Tunnel,AES-128,modp1024(2),On,IPv6,dns_query,113.0,3.7,3.0,0.16,199.3,Weak,6.9
TRN01482,Transport,AES-256,modp3072(15),On,IPv4,video_streaming,1287.9,67.3,1117.4,0.61,163.9,Strong,1.0
TRN04874,Tunnel,AES-192,modp768(1),On,IPv4,icmp,59.5,1.8,2.3,0.08,115.9,Weak,9.2
TRN04896,Transport,DES,modp1024(2),On,IPv6,email,409.2,7.0,0.5,0.18,129.2,Weak,7.7
TRN07811,Tunnel,DES,modp6144(17),Off,IPv4,icmp,61.3,2.8,21.5,0.04,252.8,Medium,4.5
TRN04151,Tunnel,AES-128,modp8192(21),On,IPv6,web_browsing,381.5,1.9,43.6,0.45,133.8,Strong,1.4
TRN07069,Transport,AES-128,modp768(1),Off,IPv6,email,884.5,11.5,0.5,0.21,182.7,Weak,6.8
TRN03336,Transport,AES-128,modp2048(14),On,IPv6,icmp,78.0,1.5,0.5,0.04,85.8,Medium,5.5
TRN06017,Transport,AES-192,modp1024(2),On,IPv6,icmp,69.5,1.8,0.5,0.04,153.5,Weak,9.5
TRN07812,Tunnel,DES,modp8192(21),Off,IPv6,voip,116.2,44.5,0.5,0.11,91.3,Medium,6.0
TRN04927,Tunnel,AES-192,modp1536(5),Off,IPv6,file_transfer,1375.4,160.1,201.9,0.89,135.9,Medium,6.5
TRN00947,Tunnel,DES,modp768(1),On,IPv6,icmp,73.8,2.4,0.5,0.08,141.5,Weak,8.8
TRN05798,Transport,DES,modp3072(15),Off,IPv4,email,645.9,10.6,6.6,0.2,198.8,Weak,9.8
TRN03294,Transport,AES-192,modp2048(14),Off,IPv4,whatsapp_msg,170.8,8.9,2.3,0.29,155.3,Medium,5.3
TRN02162,Transport,AES-128,modp8192(21),Off,IPv6,dns_query,84.8,2.4,0.5,0.09,50.7,Strong,0.3
TRN08848,Transport,DES,modp3072(15),On,IPv4,whatsapp_msg,188.6,9.5,9.8,0.3,147.1,Medium,5.7
TRN05084,Tunnel,AES-192,modp1536(5),Off,IPv4,voip,106.8,34.4,274.8,0.22,113.4,Weak,5.9
TRN06646,Transport,AES-256-GCM,modp2048(14),On,IPv6,icmp,43.2,2.4,0.5,0.06,156.2,Strong,1.4
TRN08235,Transport,DES,modp2048(14),Off,IPv6,dns_query,72.9,2.3,0.5,0.08,77.9,Weak,7.8
TRN03058,Transport,AES-256,modp768(1),Off,IPv6,file_transfer,1379.6,117.7,20.2,0.88,184.3,Weak,7.2
TRN07343,Transport,AES-256,modp4096(16),On,IPv4,file_transfer,1316.3,117.2,0.5,0.72,229.8,Strong,3.1
TRN05491,Tunnel,AES-128,modp2048(14),Off,IPv4,voip,99.7,38.0,0.5,0.19,126.6,Medium,3.0
TRN06734,Tunnel,AES-192,modp768(1),On,IPv4,icmp,60.5,1.3,12.9,0.03,112.7,Weak,7.5
TRN00769,Tunnel,AES-256,modp3072(15),On,IPv4,whatsapp_msg,161.1,7.9,3.3,0.28,133.3,Strong,1.2
TRN02066,Transport,AES-192,modp8192(21),Off,IPv6,file_transfer,1443.4,134.9,0.5,0.69,205.5,Strong,2.2
TRN08547,Transport,AES-128,modp1536(5),Off,IPv4,icmp,59.1,2.1,1.6,0.05,142.2,Weak,8.4
TRN03496,Tunnel,AES-256,modp2048(14),Off,IPv6,icmp,63.9,2.1,0.5,0.03,75.5,Medium,3.0
TRN07312,Transport,AES-256,modp4096(16),Off,IPv4,web_browsing,417.8,17.3,25.0,0.28,131.9,Strong,0.7
TRN00286,Transport,AES-192,modp8192(21),Off,IPv4,web_browsing,470.8,14.5,23.3,0.58,118.2,Strong,1.0
TRN01501,Tunnel,DES,modp8192(21),Off,IPv4,dns_query,78.6,3.2,0.5,0.09,177.6,Medium,5.3
TRN04525,Transport,DES,modp4096(16),Off,IPv4,dns_query,78.8,3.3,0.5,0.06,117.1,Weak,8.5
TRN08463,Transport,AES-192,modp1536(5),On,IPv4,voip,83.7,38.8,221.3,0.29,116.6,Medium,5.7
TRN02333,Tunnel,AES-128,modp2048(14),Off,IPv4,video_streaming,1136.3,116.6,0.5,0.42,194.8,Medium,5.6
TRN02718,Tunnel,AES-256-GCM,modp3072(15),On,IPv4,icmp,73.2,2.2,0.5,0.04,206.9,Strong,1.3
TRN02080,Transport,AES-192,modp1536(5),Off,IPv4,email,552.7,6.2,0.5,0.07,233.2,Weak,7.5
TRN03390,Tunnel,DES,modp6144(17),Off,IPv6,email,396.2,5.0,0.5,0.2,168.5,Medium,4.7
TRN00723,Transport,AES-256-GCM,modp8192(21),Off,IPv6,web_browsing,586.5,17.4,11.3,0.28,78.1,Strong,0.9
TRN00952,Tunnel,AES-256-GCM,modp1024(2),On,IPv6,voip,134.1,56.6,0.5,0.21,198.2,Medium,6.0
TRN02483,Transport,AES-256,modp4096(16),On,IPv4,dns_query,81.9,3.5,0.5,0.12,114.5,Strong,0.8
TRN02263,Tunnel,AES-128,modp8192(21),On,IPv6,file_transfer,1384.3,103.6,138.8,0.87,115.7,Strong,2.3
TRN00990,Tunnel,AES-128,modp2048(14),Off,IPv4,icmp,68.3,2.3,0.5,0.07,102.7,Medium,6.1
TRN03213,Tunnel,3DES,modp2048(14),Off,IPv4,whatsapp_msg,120.9,4.3,5.9,0.35,92.2,Weak,7.8
TRN01760,Tunnel,DES,modp1024(2),On,IPv6,video_streaming,1109.9,71.7,0.5,0.43,114.7,Weak,9.0
TRN08032,Tunnel,AES-192,modp4096(16),On,IPv6,icmp,67.3,2.5,0.5,0.02,238.1,Strong,1.4
TRN04423,Tunnel,3DES,modp3072(15),On,IPv4,icmp,66.3,1.5,2.8,0.09,80.2,Medium,4.2
TRN06705,Transport,AES-256,modp2048(14),Off,IPv6,video_streaming,1214.1,127.8,422.1,0.79,103.8,Medium,4.9
TRN05480,Transport,3DES,modp768(1),On,IPv4,web_browsing,393.6,9.7,11.6,0.25,134.0,Weak,6.6
TRN01725,Transport,AES-192,modp768(1),On,IPv6,file_transfer,1352.6,144.8,62.3,0.83,186.6,Weak,9.6
TRN05183,Transport,AES-128,modp2048(14),Off,IPv4,icmp,71.2,1.1,1.8,0.07,191.4,Medium,3.6
TRN08483,Tunnel,AES-128,modp4096(16),On,IPv6,icmp,57.8,2.8,7.6,0.03,111.2,Medium,5.5
TRN00342,Tunnel,AES-256-GCM,modp6144(17),Off,IPv4,web_browsing,340.5,27.1,0.5,0.23,231.2,Strong,1.8
TRN03702,Tunnel,AES-128,modp1024(2),On,IPv4,web_browsing,493.1,14.6,26.4,0.57,125.9,Weak,7.7
TRN04244,Transport,AES-192,modp768(1),Off,IPv6,dns_query,82.1,2.9,2.7,0.1,220.3,Weak,9.1
TRN00689,Tunnel,3DES,modp6144(17),On,IPv6,voip,133.9,52.4,0.5,0.29,112.2,Medium,7.1
TRN03433,Tunnel,DES,modp4096(16),Off,IPv4,whatsapp_msg,187.3,9.0,7.4,0.3,178.3,Weak,8.0
TRN05204,Tunnel,3DES,modp1024(2),Off,IPv6,voip,107.9,42.9,116.8,0.17,132.0,Weak,8.9
TRN04945,Transport,3DES,modp6144(17),On,IPv6,web_browsing,359.5,23.7,0.5,0.41,173.0,Medium,2.9
TRN00967,Tunnel,3DES,modp1536(5),On,IPv6,email,726.3,7.3,21.6,0.16,155.2,Weak,9.1
TRN03121,Tunnel,AES-256,modp1024(2),Off,IPv6,whatsapp_msg,147.2,8.2,0.5,0.29,107.6,Weak,8.8
TRN08531,Tunnel,AES-128,modp2048(14),On,IPv4,file_transfer,1416.6,124.3,0.5,0.68,144.4,Medium,3.0
TRN02204,Transport,3DES,modp4096(16),Off,IPv6,icmp,68.7,2.5,8.4,0.04,52.3,Medium,6.6
TRN02714,Tunnel,AES-256,modp1024(2),Off,IPv6,whatsapp_msg,139.3,7.3,0.5,0.33,87.8,Weak,7.3
TRN04758,Tunnel,AES-256-GCM,modp2048(14),Off,IPv6,web_browsing,503.4,17.3,0.5,0.51,27.2,Medium,5.5
TRN05099,Tunnel,AES-128,modp3072(15),On,IPv6,file_transfer,1343.0,77.8,87.5,0.87,196.7,Medium,5.8
TRN08418,Transport,DES,modp3072(15),Off,IPv4,whatsapp_msg,133.6,3.9,2.3,0.34,79.8,Weak,9.1
TRN08587,Transport,AES-192,modp4096(16),On,IPv6,file_transfer,1365.3,95.2,57.2,0.88,142.0,Strong,1.8
TRN06321,Tunnel,3DES,modp6144(17),Off,IPv6,email,709.8,1.8,3.6,0.3,124.4,Medium,3.2
TRN05281,Tunnel,AES-256,modp6144(17),Off,IPv4,video_streaming,1517.9,100.0,496.2,0.56,122.4,Strong,3.6
TRN05976,Tunnel,AES-192,modp8192(21),On,IPv6,dns_query,68.3,3.0,2.1,0.15,131.1,Strong,0.3
TRN03573,Tunnel,AES-256-GCM,modp3072(15),Off,IPv6,dns_query,87.3,1.0,0.5,0.11,128.9,Strong,1.8
TRN04806,Tunnel,AES-128,modp1024(2),On,IPv6,video_streaming,1077.5,102.5,0.5,0.64,196.9,Weak,7.8
TRN05300,Transport,AES-128,modp8192(21),On,IPv4,whatsapp_msg,116.1,5.6,0.5,0.23,178.7,Strong,0.3
TRN01991,Tunnel,AES-128,modp8192(21),On,IPv6,web_browsing,460.5,17.6,0.5,0.26,182.7,Strong,1.0
TRN04121,Transport,AES-128,modp2048(14),On,IPv6,file_transfer,1437.2,85.4,0.5,0.9,140.5,Medium,5.0
TRN04760,Tunnel,AES-256,modp8192(21),On,IPv6,whatsapp_msg,143.7,8.2,0.5,0.07,126.4,Strong,0.4
TRN08025,Transport,AES-256,modp2048(14),Off,IPv6,web_browsing,408.0,10.3,21.3,0.58,113.9,Medium,5.5
TRN05299,Tunnel,AES-192,modp8192(21),Off,IPv6,web_browsing,425.0,15.4,8.0,0.55,127.4,Strong,1.5
TRN08380,Tunnel,AES-256,modp3072(15),Off,IPv4,whatsapp_msg,150.6,3.6,6.7,0.19,226.4,Strong,1.6
TRN04972,Transport,AES-192,modp768(1),On,IPv4,voip,144.3,46.2,0.5,0.2,146.2,Weak,9.1
TRN00955,Tunnel,AES-256,modp1536(5),Off,IPv4,web_browsing,369.5,10.1,8.3,0.31,160.7,Medium,3.7
TRN05035,Tunnel,DES,modp3072(15),Off,IPv4,web_browsing,186.4,11.5,0.5,0.72,105.9,Weak,9.1
TRN06784,Tunnel,AES-256,modp6144(17),On,IPv6,email,211.7,3.6,16.9,0.33,66.1,Strong,1.2
TRN03601,Transport,AES-192,modp1024(2),On,IPv6,video_streaming,1175.3,89.6,0.5,0.41,92.1,Weak,6.6
TRN06491,Tunnel,3DES,modp8192(21),Off,IPv6,dns_query,86.4,3.8,0.5,0.16,172.3,Medium,5.7
TRN08581,Transport,DES,modp4096(16),Off,IPv4,web_browsing,527.2,10.6,29.0,0.53,126.5,Weak,8.1
TRN00475,Transport,AES-256-GCM,modp768(1),On,IPv4,video_streaming,1149.3,106.9,496.2,0.55,205.9,Medium,4.2
TRN08064,Tunnel,3DES,modp768(1),On,IPv4,dns_query,115.7,4.8,0.5,0.1,119.5,Weak,7.8
TRN00386,Tunnel,DES,modp4096(16),On,IPv6,dns_query,85.5,3.1,1.2,0.09,152.8,Medium,6.9
TRN07974,Transport,AES-128,modp6144(17),Off,IPv6,icmp,64.9,1.9,9.3,0.08,171.3,Medium,5.5
TRN02123,Tunnel,AES-128,modp1536(5),Off,IPv4,icmp,53.7,1.0,10.1,0.03,84.2,Weak,9.5
TRN01626,Transport,AES-128,modp4096(16),Off,IPv6,dns_query,69.3,2.1,0.5,0.11,77.8,Medium,5.7
TRN00537,Transport,AES-192,modp4096(16),On,IPv6,video_streaming,1364.0,90.2,333.8,0.84,217.7,Strong,1.9
TRN06388,Transport,AES-192,modp1024(2),Off,IPv6,icmp,55.6,2.2,0.5,0.1,212.1,Weak,7.9
TRN08673,Transport,DES,modp1536(5),On,IPv4,voip,123.6,45.9,367.3,0.3,110.5,Weak,10.0
TRN07971,Transport,AES-128,modp768(1),Off,IPv4,web_browsing,308.9,22.2,31.2,0.48,170.7,Weak,8.6
TRN05033,Transport,AES-192,modp1024(2),On,IPv6,email,665.1,7.9,1.1,0.23,159.6,Medium,4.3
TRN07834,Tunnel,3DES,modp8192(21),On,IPv6,web_browsing,391.7,16.5,19.5,0.59,134.3,Medium,5.3
TRN04213,Tunnel,3DES,modp3072(15),On,IPv4,file_transfer,1377.5,132.7,0.5,0.8,98.0,Medium,4.1
TRN06457,Tunnel,AES-192,modp8192(21),On,IPv4,file_transfer,1412.3,114.0,167.9,0.93,203.4,Strong,0.5
TRN03508,Tunnel,AES-128,modp8192(21),Off,IPv6,whatsapp_msg,84.5,8.6,2.6,0.23,179.6,Strong,0.4
TRN00202,Tunnel,DES,modp4096(16),Off,IPv6,icmp,70.6,1.7,13.2,0.07,197.4,Medium,5.1
TRN07305,Transport,3DES,modp8192(21),Off,IPv4,whatsapp_msg,122.6,3.3,0.5,0.3,262.6,Medium,5.7
TRN01333,Tunnel,AES-256,modp2048(14),Off,IPv6,icmp,67.2,1.7,0.5,0.04,110.1,Medium,2.3
TRN07113,Tunnel,AES-192,modp3072(15),On,IPv4,email,655.8,8.6,0.8,0.37,228.8,Strong,1.4
TRN03503,Transport,3DES,modp6144(17),Off,IPv4,dns_query,73.4,3.8,0.5,0.08,131.8,Medium,2.7
TRN02709,Transport,AES-256,modp1536(5),Off,IPv4,web_browsing,262.9,8.1,16.0,0.57,196.3,Medium,4.8
TRN06031,Tunnel,DES,modp6144(17),Off,IPv6,icmp,70.0,1.8,0.5,0.03,98.1,Medium,6.4
TRN05032,Tunnel,AES-128,modp1536(5),Off,IPv4,icmp,76.6,2.2,0.5,0.05,185.7,Weak,8.1
TRN06515,Tunnel,3DES,modp1536(5),Off,IPv6,video_streaming,1148.4,84.7,4.2,0.52,137.5,Weak,10.0
TRN04663,Transport,AES-192,modp6144(17),Off,IPv6,icmp,53.8,1.9,0.5,0.04,110.3,Strong,3.2
TRN04022,Transport,AES-128,modp8192(21),Off,IPv6,icmp,66.3,2.6,2.2,0.08,119.4,Strong,1.3
TRN01855,Tunnel,3DES,modp3072(15),Off,IPv4,whatsapp_msg,112.3,5.1,5.5,0.27,162.4,Medium,6.4
TRN08482,Tunnel,AES-192,modp1536(5),On,IPv4,icmp,71.5,2.7,0.5,0.05,90.3,Medium,3.2
TRN02873,Transport,AES-192,modp1024(2),On,IPv6,voip,133.2,45.0,35.0,0.26,92.5,Weak,9.7
TRN03031,Tunnel,AES-128,modp1024(2),On,IPv4,dns_query,90.1,4.4,1.2,0.08,150.2,Weak,6.8
TRN01206,Transport,AES-128,modp4096(16),Off,IPv4,whatsapp_msg,128.6,8.9,0.5,0.17,207.4,Medium,5.1
TRN06564,Transport,3DES,modp4096(16),Off,IPv6,video_streaming,1455.2,93.4,0.5,0.59,190.9,Medium,6.3
TRN01646,Transport,3DES,modp1024(2),On,IPv4,web_browsing,262.7,11.5,18.0,0.42,147.4,Weak,8.4
TRN03418,Transport,AES-192,modp1024(2),On,IPv4,file_transfer,1340.8,140.3,307.2,0.72,141.9,Medium,5.7
TRN03477,Tunnel,DES,modp2048(14),Off,IPv4,email,700.5,12.1,12.2,0.33,92.9,Weak,9.6
TRN08594,Transport,AES-256-GCM,modp1536(5),On,IPv4,whatsapp_msg,113.3,8.2,0.5,0.26,151.5,Medium,3.5
TRN02862,Transport,AES-256-GCM,modp1536(5),On,IPv4,dns_query,68.9,3.5,1.0,0.14,104.5,Medium,6.2
TRN01793,Transport,AES-192,modp1024(2),Off,IPv4,voip,116.2,41.5,258.8,0.16,158.1,Weak,8.2
TRN05527,Tunnel,DES,modp1536(5),On,IPv6,web_browsing,504.6,6.1,0.5,0.65,113.7,Weak,10.0
TRN06923,Tunnel,AES-256-GCM,modp4096(16),Off,IPv4,file_transfer,1299.3,67.5,302.8,1.0,108.0,Strong,1.0
TRN03798,Transport,DES,modp768(1),On,IPv4,file_transfer,1343.3,103.0,0.5,0.74,135.2,Weak,8.3
TRN03369,Tunnel,AES-256-GCM,modp6144(17),Off,IPv6,video_streaming,1165.8,95.0,347.8,0.66,142.5,Strong,0.9
TRN03368,Tunnel,3DES,modp2048(14),Off,IPv4,icmp,57.4,1.6,2.0,0.03,152.2,Weak,7.5
TRN03534,Transport,DES,modp2048(14),Off,IPv4,video_streaming,959.8,77.3,0.5,0.79,110.1,Weak,7.4
TRN07197,Tunnel,DES,modp1536(5),On,IPv4,icmp,53.7,2.4,10.9,0.05,175.9,Weak,9.8
TRN08675,Transport,AES-128,modp8192(21),On,IPv6,file_transfer,1396.8,102.0,0.5,0.92,191.0,Strong,2.4
TRN05110,Tunnel,AES-192,modp8192(21),On,IPv4,voip,130.8,38.8,33.0,0.22,138.4,Strong,0.4
TRN06025,Tunnel,AES-256-GCM,modp3072(15),Off,IPv4,video_streaming,1067.3,73.7,0.5,0.45,118.8,Strong,1.7
TRN03450,Transport,AES-128,modp4096(16),On,IPv4,file_transfer,1416.4,157.8,0.5,0.82,187.5,Medium,5.6
TRN07967,Tunnel,AES-128,modp3072(15),On,IPv6,web_browsing,407.9,5.4,5.3,0.59,161.4,Medium,2.6
TRN00604,Tunnel,3DES,modp8192(21),On,IPv4,dns_query,84.9,1.9,1.0,0.09,160.0,Medium,4.3
TRN03057,Transport,DES,modp4096(16),On,IPv4,whatsapp_msg,182.2,1.8,10.4,0.23,216.9,Medium,5.3
TRN08359,Tunnel,AES-256,modp768(1),On,IPv4,icmp,66.5,2.1,23.4,0.04,179.0,Weak,6.7
TRN00127,Transport,AES-128,modp6144(17),On,IPv4,icmp,73.3,2.1,0.5,0.04,190.3,Strong,2.0
TRN05960,Tunnel,AES-128,modp1536(5),Off,IPv4,web_browsing,581.2,17.4,26.7,0.36,153.5,Weak,9.9
TRN03877,Tunnel,AES-256,modp6144(17),On,IPv6,video_streaming,1296.8,77.8,0.5,0.31,181.9,Strong,1.1
TRN02936,Transport,AES-256,modp1536(5),On,IPv4,icmp,79.6,1.1,0.5,0.05,183.6,Medium,3.9
TRN07301,Transport,AES-256-GCM,modp2048(14),Off,IPv6,whatsapp_msg,129.1,3.8,16.4,0.36,200.2,Medium,4.9
TRN05444,Tunnel,3DES,modp6144(17),Off,IPv6,icmp,68.3,1.8,1.2,0.06,134.3,Medium,3.7
TRN07152,Tunnel,AES-128,modp768(1),Off,IPv6,video_streaming,1314.1,73.1,407.5,0.48,153.1,Weak,9.9
TRN04452,Tunnel,AES-256-GCM,modp1536(5),On,IPv4,file_transfer,1394.8,116.6,185.7,0.77,120.5,Medium,4.0
TRN07148,Transport,AES-256-GCM,modp1536(5),Off,IPv6,dns_query,102.7,1.5,1.6,0.04,184.3,Medium,5.0
TRN03532,Tunnel,AES-192,modp8192(21),On,IPv4,whatsapp_msg,157.8,5.9,0.5,0.37,189.7,Strong,1.0
TRN02731,Transport,AES-256,modp2048(14),On,IPv6,icmp,47.4,1.4,3.0,0.02,82.9,Medium,5.9
TRN00828,Transport,AES-256-GCM,modp6144(17),On,IPv6,dns_query,80.2,2.3,0.5,0.09,165.7,Strong,1.6
TRN01640,Transport,AES-192,modp4096(16),Off,IPv4,voip,115.9,60.5,0.5,0.34,140.4,Strong,2.7
TRN07791,Transport,AES-128,modp1024(2),Off,IPv6,voip,118.9,47.2,0.5,0.15,245.6,Weak,9.6
TRN07137,Tunnel,AES-192,modp4096(16),On,IPv6,email,468.3,11.3,4.0,0.26,91.4,Strong,1.9
TRN00985,Transport,AES-192,modp3072(15),On,IPv6,icmp,69.4,1.8,11.3,0.05,161.1,Medium,5.0
TRN03282,Tunnel,AES-256,modp8192(21),On,IPv4,icmp,64.5,2.7,23.1,0.04,80.1,Strong,1.8
TRN08972,Transport,AES-192,modp3072(15),Off,IPv4,whatsapp_msg,140.5,7.2,0.5,0.15,176.0,Medium,5.3
TRN07784,Tunnel,AES-256-GCM,modp768(1),Off,IPv6,file_transfer,1457.8,105.6,0.5,0.7,73.3,Medium,4.7
TRN02189,Tunnel,AES-256,modp1536(5),On,IPv4,video_streaming,1347.5,106.1,876.8,0.46,233.0,Medium,4.1
TRN02266,Transport,AES-256,modp1024(2),Off,IPv4,video_streaming,1290.9,85.5,593.6,0.76,130.3,Medium,5.3
TRN02444,Transport,AES-128,modp8192(21),Off,IPv6,voip,94.7,50.0,0.5,0.21,177.9,Strong,2.1
TRN00363,Transport,3DES,modp768(1),On,IPv6,email,937.9,8.6,15.2,0.11,81.7,Weak,10.0
TRN02350,Tunnel,3DES,modp768(1),Off,IPv6,email,722.7,9.4,0.5,0.33,87.2,Weak,9.5
TRN00346,Tunnel,AES-256,modp1536(5),On,IPv4,web_browsing,476.8,13.2,0.5,0.4,69.4,Medium,4.5
TRN00815,Transport,AES-256,modp768(1),Off,IPv4,dns_query,79.9,4.6,0.5,0.05,182.4,Weak,6.9
TRN06167,Transport,AES-128,modp8192(21),On,IPv4,video_streaming,1188.7,95.3,0.5,0.55,89.3,Strong,1.0
TRN04808,Tunnel,AES-192,modp3072(15),Off,IPv6,voip,125.4,52.5,192.0,0.11,151.2,Medium,4.9
TRN03206,Transport,AES-192,modp2048(14),On,IPv6,web_browsing,574.3,19.6,0.5,0.44,171.6,Medium,3.2
TRN08129,Tunnel,AES-256-GCM,modp768(1),On,IPv4,video_streaming,1520.9,56.6,165.5,0.61,126.3,Medium,5.4
TRN02920,Transport,AES-256,modp4096(16),Off,IPv6,dns_query,81.7,3.4,0.5,0.08,145.0,Strong,3.4
TRN05962,Tunnel,DES,modp1536(5),Off,IPv6,video_streaming,836.8,102.7,378.6,0.75,78.4,Weak,7.7
TRN03326,Tunnel,AES-128,modp3072(15),On,IPv6,icmp,57.2,2.0,3.0,0.04,185.5,Strong,3.2
TRN04107,Tunnel,AES-256-GCM,modp1536(5),Off,IPv4,whatsapp_msg,143.1,4.1,9.7,0.37,195.1,Medium,3.5
TRN05780,Transport,3DES,modp1536(5),Off,IPv6,icmp,55.9,2.8,3.1,0.04,109.2,Weak,7.0
TRN02117,Transport,AES-192,modp1024(2),On,IPv4,voip,86.1,34.8,0.5,0.18,101.3,Weak,9.7
TRN07451,Tunnel,AES-128,modp3072(15),On,IPv6,web_browsing,436.8,8.4,0.5,0.7,149.3,Medium,5.3
TRN01835,Transport,AES-128,modp3072(15),On,IPv6,icmp,68.8,1.4,6.2,0.04,153.9,Medium,5.5
TRN00794,Transport,DES,modp768(1),Off,IPv4,email,687.3,7.6,12.5,0.42,105.7,Weak,9.7
TRN07460,Tunnel,DES,modp8192(21),On,IPv4,web_browsing,374.0,12.7,0.5,0.54,139.0,Medium,4.0
TRN01956,Tunnel,DES,modp768(1),On,IPv6,email,557.9,6.7,27.8,0.38,174.6,Weak,7.8
TRN06899,Tunnel,AES-256,modp4096(16),Off,IPv6,video_streaming,1240.0,93.1,0.5,0.63,229.9,Strong,0.9
TRN02675,Transport,DES,modp1024(2),On,IPv6,icmp,63.0,2.4,0.6,0.03,159.1,Weak,6.7
TRN00095,Transport,3DES,modp3072(15),On,IPv4,video_streaming,1195.7,70.9,42.9,0.59,208.4,Medium,6.5
TRN08124,Transport,DES,modp1536(5),Off,IPv4,voip,95.4,52.1,69.3,0.18,90.3,Weak,10.0
TRN04226,Transport,3DES,modp3072(15),On,IPv4,whatsapp_msg,85.9,4.3,0.5,0.14,225.1,Medium,5.4
TRN03757,Transport,AES-256,modp3072(15),On,IPv6,dns_query,99.8,4.0,0.5,0.07,157.8,Strong,2.5
TRN02892,Transport,AES-256,modp768(1),On,IPv6,file_transfer,1374.2,129.6,29.4,0.65,100.6,Weak,6.3
TRN02372,Tunnel,DES,modp1536(5),Off,IPv4,email,652.8,8.0,0.5,0.33,138.2,Weak,7.0
TRN08647,Tunnel,AES-128,modp3072(15),Off,IPv6,web_browsing,347.2,9.8,65.0,0.52,124.2,Medium,5.8
TRN08101,Tunnel,AES-128,modp6144(17),On,IPv4,file_transfer,1459.1,111.4,373.1,0.85,132.1,Strong,1.2
TRN07429,Transport,AES-128,modp4096(16),On,IPv6,voip,167.3,39.4,0.5,0.2,157.1,Medium,4.6
TRN08448,Transport,3DES,modp1024(2),Off,IPv4,video_streaming,1310.7,94.7,362.2,0.6,136.6,Weak,8.9
TRN03229,Transport,DES,modp4096(16),On,IPv6,voip,122.5,59.1,391.1,0.29,191.6,Medium,5.8
TRN06159,Tunnel,AES-128,modp3072(15),Off,IPv6,file_transfer,1475.0,109.6,0.5,0.95,202.6,Medium,5.9
TRN07864,Tunnel,AES-128,modp2048(14),Off,IPv4,icmp,49.9,2.9,0.5,0.06,216.9,Medium,4.5
TRN07092,Tunnel,AES-192,modp1536(5),Off,IPv4,icmp,65.0,3.0,23.5,0.04,110.8,Medium,6.9
TRN06360,Tunnel,AES-256-GCM,modp768(1),Off,IPv4,icmp,55.6,2.4,4.5,0.01,108.9,Weak,9.0
TRN05997,Transport,AES-192,modp8192(21),On,IPv6,voip,151.7,37.4,154.5,0.2,104.8,Strong,1.6
TRN08265,Transport,AES-256-GCM,modp8192(21),On,IPv6,file_transfer,1429.5,114.5,283.4,0.9,102.3,Strong,2.4
TRN08468,Transport,AES-256-GCM,modp1024(2),On,IPv4,whatsapp_msg,175.0,4.9,0.5,0.41,130.1,Medium,5.4
TRN07327,Tunnel,AES-256,modp768(1),On,IPv4,file_transfer,1331.9,117.6,192.4,0.81,189.8,Weak,8.3
TRN06029,Transport,AES-256-GCM,modp8192(21),On,IPv6,file_transfer,1303.7,101.0,0.5,0.84,115.5,Strong,2.0
TRN02854,Transport,AES-256-GCM,modp4096(16),On,IPv6,web_browsing,401.4,17.0,22.5,0.27,80.8,Strong,2.2
TRN08634,Tunnel,AES-192,modp1024(2),Off,IPv6,video_streaming,1341.3,89.4,639.1,0.73,224.7,Weak,8.3
TRN02913,Transport,AES-128,modp1536(5),Off,IPv6,web_browsing,432.5,18.9,48.6,0.37,234.0,Weak,7.5
TRN01866,Tunnel,3DES,modp4096(16),On,IPv4,email,1074.7,8.5,0.5,0.38,142.6,Medium,4.0
TRN05755,Transport,AES-256,modp3072(15),Off,IPv6,voip,99.0,46.5,544.7,0.21,126.8,Strong,1.1
TRN04613,Tunnel,AES-192,modp2048(14),Off,IPv4,file_transfer,1367.0,91.1,0.5,0.83,152.0,Medium,3.5
TRN07690,Tunnel,AES-192,modp4096(16),On,IPv6,file_transfer,1415.9,101.9,142.1,0.95,113.5,Strong,1.1
TRN01858,Transport,AES-128,modp8192(21),On,IPv6,icmp,58.1,2.0,0.5,0.03,139.6,Strong,1.1
TRN02646,Tunnel,DES,modp768(1),On,IPv4,icmp,75.6,2.0,0.5,0.01,219.0,Weak,8.0
TRN02244,Transport,AES-128,modp2048(14),Off,IPv6,email,624.0,10.5,0.5,0.3,171.8,Medium,5.2
TRN05374,Transport,AES-128,modp1024(2),On,IPv6,whatsapp_msg,127.8,3.7,15.4,0.3,171.0,Weak,8.4
TRN02337,Tunnel,AES-128,modp1024(2),On,IPv6,file_transfer,1358.2,131.3,13.2,0.91,204.3,Weak,7.6
TRN00951,Tunnel,AES-192,modp1024(2),Off,IPv6,voip,107.2,39.3,164.6,0.22,154.4,Weak,6.5
TRN07579,Transport,DES,modp3072(15),Off,IPv6,web_browsing,277.2,7.4,0.5,0.73,55.7,Weak,7.9
TRN08401,Transport,3DES,modp1024(2),On,IPv4,web_browsing,370.9,19.5,0.5,0.61,185.7,Weak,8.8
TRN03069,Tunnel,AES-256-GCM,modp6144(17),Off,IPv6,voip,145.4,48.4,2.3,0.19,196.2,Strong,1.9
TRN01121,Tunnel,AES-192,modp2048(14),On,IPv6,video_streaming,1137.3,122.6,0.5,0.56,156.3,Medium,5.8
TRN07609,Tunnel,DES,modp8192(21),On,IPv6,web_browsing,346.4,20.2,1.6,0.19,167.6,Medium,4.2
TRN02598,Transport,AES-192,modp1536(5),Off,IPv6,web_browsing,468.7,12.3,27.4,0.75,196.4,Medium,6.6
TRN02205,Tunnel,AES-256-GCM,modp2048(14),Off,IPv4,icmp,62.0,2.8,4.0,0.08,126.3,Strong,1.3
TRN00420,Tunnel,DES,modp3072(15),On,IPv6,dns_query,58.8,1.4,0.5,0.1,105.3,Medium,5.1
TRN00923,Tunnel,AES-128,modp2048(14),Off,IPv6,whatsapp_msg,109.4,6.5,0.5,0.23,206.7,Medium,5.0
TRN01255,Transport,AES-256-GCM,modp6144(17),Off,IPv4,whatsapp_msg,135.3,5.5,2.7,0.2,120.9,Strong,0.6
TRN00478,Tunnel,AES-192,modp1536(5),On,IPv4,icmp,60.6,1.2,4.6,0.04,114.0,Medium,2.8
TRN02036,Transport,AES-256,modp768(1),On,IPv4,email,555.7,9.4,4.4,0.24,134.7,Medium,6.6
TRN05409,Tunnel,AES-192,modp3072(15),On,IPv4,icmp,65.1,2.0,0.5,0.06,126.7,Medium,5.3
TRN05789,Transport,AES-128,modp8192(21),Off,IPv6,icmp,62.1,2.4,0.5,0.05,96.5,Strong,0.3
TRN05743,Tunnel,AES-192,modp768(1),On,IPv6,dns_query,104.8,3.2,0.5,0.11,86.4,Weak,8.3
TRN07183,Transport,AES-256,modp2048(14),Off,IPv6,voip,135.9,45.1,0.5,0.28,106.6,Medium,5.8
TRN07668,Transport,3DES,modp6144(17),Off,IPv4,email,833.2,13.8,16.4,0.24,147.0,Medium,5.2
TRN05568,Tunnel,AES-256,modp2048(14),On,IPv4,web_browsing,304.4,18.3,0.5,0.41,86.8,Strong,1.8
TRN06698,Transport,DES,modp8192(21),On,IPv4,web_browsing,185.8,8.5,22.4,0.42,142.6,Medium,4.1
TRN08136,Tunnel,AES-192,modp1024(2),On,IPv6,dns_query,88.8,2.8,0.5,0.1,196.9,Weak,7.8
TRN01203,Tunnel,3DES,modp3072(15),On,IPv6,dns_query,82.9,3.6,0.5,0.15,138.8,Medium,5.7
TRN06535,Transport,AES-256-GCM,modp2048(14),On,IPv6,web_browsing,224.8,12.4,0.5,0.38,174.9,Strong,1.7
TRN02627,Transport,DES,modp8192(21),Off,IPv4,icmp,50.6,2.6,7.6,0.04,147.9,Medium,5.4
TRN05766,Tunnel,DES,modp8192(21),On,IPv4,web_browsing,289.3,9.0,53.5,0.79,119.1,Medium,5.9
TRN08818,Tunnel,AES-256,modp3072(15),Off,IPv4,video_streaming,1110.5,96.6,194.1,0.46,162.6,Medium,5.0
TRN01971,Transport,AES-256-GCM,modp768(1),Off,IPv6,icmp,58.6,2.0,0.5,0.05,106.4,Medium,5.4
TRN03111,Transport,DES,modp6144(17),On,IPv4,whatsapp_msg,152.5,2.3,0.5,0.31,195.5,Medium,5.9
TRN04019,Tunnel,AES-192,modp768(1),Off,IPv4,icmp,65.4,1.4,4.0,0.06,150.6,Weak,8.6
TRN02152,Tunnel,AES-128,modp2048(14),Off,IPv6,video_streaming,1270.6,100.0,0.5,0.56,169.2,Medium,5.1
TRN03688,Tunnel,AES-192,modp8192(21),Off,IPv4,web_browsing,485.4,15.1,36.9,0.48,141.1,Strong,0.4
TRN04917,Tunnel,DES,modp8192(21),Off,IPv4,voip,116.7,48.3,444.7,0.2,93.9,Medium,4.1
TRN01998,Transport,DES,modp2048(14),Off,IPv4,voip,106.6,44.8,0.5,0.18,152.1,Weak,7.8
TRN04034,Tunnel,AES-192,modp2048(14),On,IPv4,whatsapp_msg,177.6,8.5,0.5,0.24,120.7,Medium,4.1
TRN04599,Transport,AES-192,modp3072(15),Off,IPv6,voip,107.5,44.1,0.5,0.12,247.6,Medium,5.5
TRN03055,Transport,AES-128,modp8192(21),Off,IPv4,icmp,59.5,2.0,16.0,0.02,127.7,Strong,0.8
TRN01249,Transport,AES-256-GCM,modp6144(17),On,IPv4,file_transfer,1337.1,132.5,0.5,0.62,153.1,Strong,1.7
TRN02193,Transport,3DES,modp1536(5),On,IPv4,dns_query,90.2,4.5,0.5,0.15,191.2,Weak,9.4
TRN02713,Transport,AES-256,modp8192(21),Off,IPv4,video_streaming,980.9,95.9,0.5,0.77,167.1,Strong,2.4
TRN00993,Tunnel,3DES,modp1024(2),Off,IPv4,file_transfer,1361.9,135.9,0.5,0.81,143.1,Weak,8.1
TRN02191,Tunnel,AES-128,modp4096(16),On,IPv4,whatsapp_msg,198.3,5.6,0.5,0.23,92.0,Medium,4.7
TRN04671,Transport,AES-128,modp2048(14),Off,IPv6,dns_query,73.5,2.6,0.5,0.11,105.3,Medium,4.6
TRN05143,Tunnel,3DES,modp2048(14),On,IPv4,file_transfer,1327.5,125.1,295.6,0.73,121.3,Weak,9.6
TRN05985,Transport,AES-192,modp768(1),On,IPv4,whatsapp_msg,142.1,7.3,23.5,0.14,151.2,Weak,9.2
TRN06566,Tunnel,AES-256,modp1024(2),On,IPv4,email,493.7,6.1,9.4,0.38,58.7,Medium,6.0
TRN07805,Tunnel,DES,modp1024(2),Off,IPv6,dns_query,88.4,4.5,0.5,0.13,205.4,Weak,8.1
TRN03763,Tunnel,3DES,modp3072(15),On,IPv4,web_browsing,438.5,9.6,0.5,0.34,146.5,Medium,3.8
TRN06944,Tunnel,AES-128,modp2048(14),On,IPv6,dns_query,66.5,3.3,1.2,0.11,132.5,Medium,5.0
TRN03598,Tunnel,AES-128,modp1536(5),Off,IPv4,video_streaming,1120.7,88.3,500.8,0.43,52.8,Weak,8.4
TRN04712,Tunnel,AES-192,modp768(1),Off,IPv6,web_browsing,392.6,14.6,0.5,0.38,160.9,Weak,6.9
TRN01319,Tunnel,DES,modp768(1),Off,IPv6,whatsapp_msg,177.9,9.6,15.2,0.36,205.6,Weak,8.2
TRN01864,Transport,AES-192,modp1024(2),On,IPv6,whatsapp_msg,141.8,7.5,0.5,0.36,138.3,Weak,8.0
TRN02344,Tunnel,DES,modp3072(15),Off,IPv6,whatsapp_msg,124.2,3.2,6.4,0.29,158.8,Weak,8.8
TRN02450,Tunnel,AES-256-GCM,modp6144(17),Off,IPv6,email,1022.5,8.2,12.5,0.27,181.4,Strong,0.3
TRN02137,Tunnel,3DES,modp4096(16),On,IPv4,email,746.2,8.3,0.5,0.12,175.8,Medium,4.4
TRN01066,Tunnel,AES-128,modp2048(14),On,IPv4,voip,99.4,53.2,88.8,0.25,282.5,Medium,5.7
TRN05869,Transport,AES-256-GCM,modp768(1),Off,IPv6,file_transfer,1478.3,126.1,0.5,0.84,144.5,Medium,3.9
TRN00601,Transport,AES-256,modp4096(16),Off,IPv6,icmp,62.2,0.7,0.5,0.07,123.9,Strong,1.9
TRN04228,Tunnel,AES-192,modp4096(16),Off,IPv6,email,821.5,6.4,0.5,0.5,107.2,Strong,2.6
TRN02622,Tunnel,AES-256-GCM,modp8192(21),On,IPv6,whatsapp_msg,170.4,7.3,0.5,0.13,133.5,Strong,0.4
TRN07578,Transport,3DES,modp1536(5),On,IPv6,email,636.2,4.8,0.5,0.39,102.1,Weak,8.6
TRN00078,Transport,DES,modp768(1),On,IPv4,web_browsing,365.4,17.3,0.5,0.58,146.1,Weak,8.6
TRN07547,Transport,AES-256-GCM,modp1536(5),Off,IPv4,voip,112.2,44.5,0.5,0.3,85.4,Medium,3.3
TRN02899,Transport,AES-192,modp768(1),On,IPv6,file_transfer,1451.9,130.5,0.5,0.71,70.7,Weak,7.8
TRN06149,Tunnel,AES-128,modp2048(14),On,IPv4,dns_query,81.4,3.2,0.5,0.13,175.9,Medium,7.0
TRN07333,Tunnel,DES,modp6144(17),Off,IPv6,web_browsing,448.3,19.8,0.5,0.42,136.2,Medium,3.8
TRN04821,Tunnel,AES-128,modp1536(5),Off,IPv6,whatsapp_msg,115.0,6.2,9.3,0.22,62.5,Weak,10.0
TRN01315,Tunnel,AES-192,modp8192(21),On,IPv4,file_transfer,1358.8,143.6,50.5,0.9,185.3,Strong,2.1
TRN08367,Transport,3DES,modp2048(14),Off,IPv4,whatsapp_msg,140.9,9.3,0.5,0.21,162.2,Weak,7.3
TRN05948,Tunnel,AES-256,modp768(1),Off,IPv6,whatsapp_msg,144.3,6.8,10.1,0.27,192.2,Weak,8.5
TRN06414,Transport,3DES,modp1024(2),On,IPv4,voip,140.2,55.2,0.5,0.3,129.4,Weak,8.5
TRN08008,Tunnel,AES-256-GCM,modp1024(2),Off,IPv4,web_browsing,381.9,6.5,0.5,0.4,133.1,Medium,3.1
TRN05469,Tunnel,AES-256-GCM,modp1536(5),On,IPv6,icmp,49.5,1.5,6.9,0.04,159.8,Medium,6.8
TRN05952,Tunnel,DES,modp1536(5),Off,IPv6,dns_query,98.0,2.2,0.5,0.08,172.7,Weak,6.9
TRN03392,Tunnel,3DES,modp1024(2),Off,IPv4,icmp,65.9,1.4,27.8,0.07,140.5,Weak,7.2
TRN05416,Tunnel,AES-256,modp6144(17),On,IPv4,dns_query,69.9,2.4,2.2,0.12,136.1,Strong,1.2
TRN02561,Transport,DES,modp1024(2),Off,IPv4,voip,110.5,54.2,30.7,0.21,108.3,Weak,6.8
TRN08163,Transport,AES-256-GCM,modp1536(5),Off,IPv4,video_streaming,1182.7,117.4,0.5,0.65,141.7,Medium,4.7
TRN02636,Tunnel,AES-256,modp3072(15),On,IPv6,video_streaming,1159.1,92.1,129.5,0.7,122.9,Strong,2.6
TRN05257,Transport,AES-128,modp8192(21),Off,IPv6,dns_query,58.1,2.3,1.0,0.11,122.6,Strong,1.7
TRN03531,Transport,DES,modp6144(17),On,IPv4,email,684.8,8.6,22.3,0.34,198.9,Medium,4.1
TRN01909,Tunnel,AES-128,modp8192(21),On,IPv6,voip,102.1,45.9,2.1,0.23,111.1,Strong,1.9
TRN00236,Tunnel,DES,modp1024(2),Off,IPv4,file_transfer,1444.2,65.1,208.8,0.9,187.9,Weak,8.0
TRN01605,Tunnel,3DES,modp4096(16),Off,IPv6,email,551.4,4.3,2.6,0.6,127.4,Medium,5.5
TRN07985,Transport,3DES,modp6144(17),On,IPv6,email,330.3,4.6,0.5,0.14,187.4,Medium,5.6
TRN03491,Transport,3DES,modp8192(21),Off,IPv4,voip,138.3,57.5,0.5,0.21,144.1,Medium,3.5
TRN01995,Transport,AES-128,modp8192(21),On,IPv4,dns_query,73.0,3.7,2.5,0.08,148.3,Strong,1.8
TRN02825,Tunnel,DES,modp768(1),On,IPv6,email,387.7,5.5,3.6,0.21,130.8,Weak,8.1
TRN08350,Transport,AES-192,modp1024(2),On,IPv6,web_browsing,350.5,9.5,0.5,0.46,148.5,Medium,4.9
TRN01343,Tunnel,AES-256-GCM,modp2048(14),Off,IPv4,web_browsing,363.1,16.7,0.5,0.45,160.0,Medium,3.4
TRN01620,Transport,AES-192,modp768(1),Off,IPv6,voip,174.7,42.0,0.5,0.16,188.9,Weak,9.5
TRN05288,Transport,AES-256,modp3072(15),Off,IPv4,voip,148.9,44.5,0.5,0.3,179.7,Strong,1.8
TRN02061,Tunnel,AES-128,modp4096(16),On,IPv6,voip,134.0,44.9,62.5,0.19,209.4,Strong,1.1
TRN08958,Transport,DES,modp4096(16),On,IPv4,icmp,65.8,2.4,0.5,0.09,145.6,Medium,5.6
TRN02220,Tunnel,DES,modp6144(17),Off,IPv4,video_streaming,1071.1,83.3,766.7,0.58,134.9,Medium,3.2
TRN06039,Transport,3DES,modp1536(5),On,IPv4,web_browsing,559.3,15.0,20.8,0.84,174.1,Weak,6.9
TRN00261,Transport,DES,modp8192(21),Off,IPv6,whatsapp_msg,45.9,3.8,0.5,0.16,225.9,Medium,4.6
TRN08425,Transport,DES,modp3072(15),On,IPv4,file_transfer,1455.1,144.4,495.6,0.8,74.9,Weak,9.2
TRN03745,Transport,AES-256-GCM,modp2048(14),On,IPv4,whatsapp_msg,212.7,5.2,11.6,0.39,185.0,Strong,1.6
TRN02027,Transport,AES-128,modp4096(16),On,IPv6,dns_query,89.4,4.0,0.5,0.14,65.8,Medium,3.2
TRN06989,Transport,AES-256-GCM,modp4096(16),Off,IPv4,video_streaming,1286.1,103.4,0.5,0.51,142.8,Strong,0.7
TRN04235,Tunnel,AES-256-GCM,modp8192(21),On,IPv6,video_streaming,1172.5,102.9,209.1,0.55,195.3,Strong,3.5
TRN01918,Tunnel,AES-256-GCM,modp6144(17),On,IPv6,voip,148.2,43.4,0.5,0.14,196.0,Strong,3.0
TRN01829,Transport,AES-128,modp6144(17),On,IPv4,video_streaming,1099.4,95.8,507.3,0.53,134.9,Strong,0.4
TRN06234,Tunnel,AES-128,modp6144(17),On,IPv4,dns_query,85.5,2.3,1.3,0.12,136.2,Strong,2.8
TRN08394,Transport,AES-256-GCM,modp1536(5),Off,IPv4,voip,93.8,38.3,0.5,0.12,193.8,Medium,5.4
TRN06284,Transport,AES-256,modp3072(15),Off,IPv6,voip,129.0,52.5,70.4,0.21,157.9,Medium,4.4
TRN04209,Tunnel,AES-256-GCM,modp3072(15),On,IPv6,dns_query,69.8,2.1,1.2,0.12,195.6,Strong,2.1
TRN00225,Transport,DES,modp8192(21),On,IPv6,dns_query,65.4,3.7,0.5,0.08,79.0,Medium,3.5
TRN06470,Transport,DES,modp2048(14),Off,IPv6,voip,132.0,41.8,299.1,0.16,161.8,Weak,9.7
TRN08470,Tunnel,AES-192,modp8192(21),On,IPv6,email,372.4,7.0,33.7,0.48,187.9,Strong,2.0
TRN00847,Transport,AES-256,modp6144(17),Off,IPv4,file_transfer,1377.8,106.9,55.3,0.78,95.9,Strong,2.2
TRN04290,Tunnel,AES-256,modp2048(14),Off,IPv6,whatsapp_msg,180.4,4.2,0.5,0.27,255.2,Medium,5.5
TRN05561,Transport,AES-192,modp8192(21),Off,IPv4,whatsapp_msg,165.6,5.8,3.2,0.28,201.8,Strong,0.7
TRN02552,Transport,AES-192,modp768(1),Off,IPv6,icmp,76.5,2.1,0.5,0.05,145.8,Weak,9.7
TRN00118,Transport,AES-128,modp2048(14),Off,IPv4,dns_query,89.9,2.4,0.6,0.05,205.7,Medium,5.3
TRN05967,Tunnel,AES-256,modp6144(17),On,IPv6,dns_query,89.9,1.3,0.5,0.07,198.6,Strong,2.7
TRN08196,Tunnel,AES-256-GCM,modp2048(14),Off,IPv6,dns_query,57.3,3.6,2.2,0.1,102.0,Strong,1.5
TRN07490,Tunnel,AES-256-GCM,modp3072(15),Off,IPv6,video_streaming,904.3,99.6,881.3,0.82,137.6,Strong,0.7
TRN00006,Transport,AES-256-GCM,modp6144(17),On,IPv4,file_transfer,1369.5,122.2,190.5,0.71,93.1,Strong,1.5
TRN05343,Tunnel,AES-256-GCM,modp1024(2),On,IPv4,dns_query,51.3,3.4,0.5,0.14,129.3,Medium,4.8
TRN04325,Transport,3DES,modp4096(16),On,IPv4,icmp,70.3,1.7,0.5,0.05,141.7,Medium,4.4
TRN01064,Transport,AES-192,modp2048(14),Off,IPv6,video_streaming,1413.5,104.7,501.0,0.49,110.8,Medium,6.2
TRN02591,Transport,DES,modp8192(21),On,IPv6,web_browsing,471.6,11.4,0.5,0.43,173.9,Medium,5.1
TRN03736,Transport,3DES,modp1536(5),Off,IPv6,icmp,57.1,1.2,3.4,0.0,204.5,Weak,7.7
TRN03518,Transport,AES-128,modp1536(5),On,IPv6,web_browsing,358.2,11.4,14.7,0.38,137.7,Weak,9.0
TRN06987,Tunnel,DES,modp4096(16),Off,IPv6,dns_query,71.1,1.2,0.5,0.11,182.8,Medium,5.1
TRN06768,Transport,AES-192,modp3072(15),On,IPv4,video_streaming,1407.5,95.8,0.5,0.63,89.4,Medium,3.4
TRN05623,Transport,3DES,modp6144(17),Off,IPv6,email,629.1,4.4,21.6,0.4,191.2,Medium,4.7
TRN01606,Tunnel,AES-128,modp4096(16),Off,IPv4,video_streaming,1211.5,77.7,0.5,0.48,130.0,Medium,3.8
TRN01734,Transport,AES-128,modp1024(2),On,IPv6,file_transfer,1392.7,106.8,0.5,0.65,218.5,Weak,6.6
TRN08403,Tunnel,DES,modp8192(21),On,IPv4,email,821.3,5.0,16.4,0.41,165.6,Medium,4.7
TRN03813,Transport,AES-128,modp1536(5),On,IPv4,dns_query,49.7,0.3,0.5,0.06,52.0,Medium,4.5
TRN08658,Tunnel,AES-192,modp768(1),Off,IPv6,icmp,66.1,2.4,0.5,0.06,134.0,Weak,9.9
TRN01762,Tunnel,3DES,modp6144(17),On,IPv4,web_browsing,415.2,23.7,0.5,0.43,158.0,Medium,5.9
TRN05402,Transport,AES-128,modp1024(2),Off,IPv4,file_transfer,1403.6,84.9,157.4,0.89,76.3,Weak,8.2
TRN02740,Tunnel,3DES,modp768(1),Off,IPv4,video_streaming,996.7,97.7,0.5,0.61,162.3,Weak,8.3
TRN02473,Tunnel,AES-256-GCM,modp2048(14),Off,IPv4,file_transfer,1389.9,103.3,84.5,0.88,173.3,Medium,4.3
TRN06739,Transport,DES,modp1024(2),On,IPv4,email,347.4,4.3,0.5,0.28,162.5,Weak,7.9
TRN06892,Transport,AES-128,modp8192(21),Off,IPv4,dns_query,88.8,4.4,0.5,0.12,147.6,Strong,1.8
TRN07944,Transport,AES-128,modp768(1),Off,IPv6,voip,165.9,29.7,0.5,0.15,135.8,Weak,8.5
TRN04207,Tunnel,AES-192,modp6144(17),Off,IPv4,whatsapp_msg,118.3,4.8,0.5,0.27,148.6,Strong,2.6
TRN06372,Tunnel,DES,modp768(1),Off,IPv4,whatsapp_msg,175.0,5.1,0.5,0.21,153.4,Weak,7.8
TRN00233,Tunnel,3DES,modp1024(2),Off,IPv6,icmp,48.5,2.1,14.5,0.01,142.1,Weak,6.9
TRN08259,Transport,3DES,modp1024(2),Off,IPv6,voip,151.6,49.5,0.5,0.23,65.3,Weak,8.8
TRN07562,Tunnel,3DES,modp768(1),Off,IPv6,dns_query,73.5,4.0,0.5,0.14,67.7,Weak,9.0
TRN06169,Tunnel,DES,modp6144(17),Off,IPv4,file_transfer,1481.5,124.2,185.1,0.8,249.1,Medium,5.2
TRN03597,Transport,DES,modp4096(16),Off,IPv4,web_browsing,422.2,15.1,14.7,0.77,252.9,Weak,8.6
TRN06289,Transport,DES,modp3072(15),Off,IPv4,file_transfer,1428.1,136.2,0.5,0.68,104.4,Weak,7.8
TRN04633,Tunnel,AES-128,modp6144(17),Off,IPv6,email,204.5,5.0,0.5,0.27,176.0,Medium,5.8
TRN00126,Transport,DES,modp1536(5),Off,IPv4,video_streaming,1244.5,100.3,297.1,0.66,72.5,Weak,10.0
TRN07642,Transport,DES,modp2048(14),On,IPv6,voip,110.4,47.0,340.0,0.25,184.0,Weak,9.2
TRN06230,Transport,DES,modp8192(21),Off,IPv4,dns_query,52.5,1.4,5.6,0.07,195.1,Medium,6.5
TRN01297,Transport,3DES,modp2048(14),On,IPv4,dns_query,86.6,3.5,0.5,0.1,106.8,Medium,5.6
TRN01977,Transport,AES-256,modp1536(5),On,IPv4,video_streaming,1167.2,75.3,0.5,0.75,8.0,Medium,4.1
TRN08527,Transport,AES-128,modp2048(14),On,IPv4,file_transfer,1344.6,121.4,0.5,0.75,56.6,Medium,5.1
TRN05751,Tunnel,DES,modp3072(15),Off,IPv6,file_transfer,1367.2,145.9,0.5,0.82,233.9,Weak,8.0
TRN08153,Tunnel,AES-128,modp4096(16),Off,IPv4,email,1316.8,6.7,20.2,0.22,178.5,Medium,4.2
TRN03087,Transport,AES-256-GCM,modp6144(17),On,IPv4,file_transfer,1415.3,100.5,108.0,0.68,130.5,Strong,2.5
TRN08341,Transport,AES-256,modp8192(21),On,IPv6,web_browsing,446.4,9.6,0.5,0.58,172.5,Strong,0.5
TRN06883,Transport,3DES,modp1536(5),On,IPv6,file_transfer,1379.6,123.6,0.5,0.8,97.8,Weak,6.8
TRN08370,Transport,AES-256-GCM,modp768(1),Off,IPv6,file_transfer,1416.4,96.5,0.5,0.84,111.4,Medium,3.1
TRN07674,Transport,AES-128,modp4096(16),Off,IPv6,email,724.0,7.9,0.5,0.43,157.5,Medium,4.1
TRN03346,Transport,AES-256,modp4096(16),Off,IPv6,web_browsing,328.9,16.4,2.1,0.71,147.4,Strong,2.0
TRN08173,Tunnel,DES,modp768(1),On,IPv4,voip,87.7,49.5,0.5,0.18,188.5,Weak,8.7
TRN08478,Tunnel,AES-256,modp8192(21),On,IPv6,web_browsing,416.3,12.4,6.9,0.32,190.9,Strong,1.2
TRN05871,Transport,DES,modp768(1),Off,IPv4,whatsapp_msg,172.2,6.6,0.5,0.25,53.7,Weak,7.0
TRN06507,Tunnel,AES-128,modp8192(21),On,IPv4,video_streaming,1090.3,87.5,0.5,0.69,184.5,Strong,2.2
TRN02798,Transport,DES,modp2048(14),Off,IPv6,icmp,77.7,2.1,13.5,0.03,124.6,Weak,7.4
TRN00919,Transport,AES-192,modp1024(2),On,IPv4,email,805.8,6.7,18.7,0.19,203.5,Medium,6.8
TRN01647,Transport,AES-128,modp1024(2),Off,IPv6,icmp,63.9,1.2,0.5,0.05,181.2,Weak,8.7
TRN05123,Tunnel,3DES,modp1536(5),On,IPv4,whatsapp_msg,146.3,4.0,6.1,0.29,157.6,Weak,9.0
TRN05127,Transport,3DES,modp8192(21),On,IPv4,whatsapp_msg,166.9,5.5,0.5,0.37,173.1,Medium,4.9
TRN04622,Transport,AES-128,modp6144(17),Off,IPv4,video_streaming,1112.9,70.3,445.6,0.61,182.4,Medium,3.7
TRN06810,Tunnel,AES-128,modp6144(17),On,IPv6,video_streaming,1237.1,66.1,1254.9,0.5,203.1,Strong,1.0
TRN00365,Transport,AES-256-GCM,modp1536(5),Off,IPv4,email,673.9,8.3,34.8,0.31,141.2,Medium,5.7
TRN02126,Transport,DES,modp768(1),On,IPv4,file_transfer,1461.7,114.4,35.9,0.94,143.9,Weak,7.5
TRN08151,Tunnel,AES-256,modp4096(16),Off,IPv4,whatsapp_msg,174.9,3.8,0.5,0.2,180.4,Strong,2.6
TRN00056,Tunnel,DES,modp2048(14),Off,IPv6,video_streaming,1197.6,117.9,669.2,0.53,141.9,Weak,8.8
TRN00639,Transport,AES-256-GCM,modp6144(17),On,IPv6,dns_query,60.7,4.9,1.5,0.11,138.5,Strong,1.4
TRN00303,Tunnel,AES-256,modp6144(17),On,IPv4,whatsapp_msg,110.9,7.3,0.5,0.39,124.3,Strong,0.8
TRN05812,Transport,AES-128,modp3072(15),Off,IPv4,whatsapp_msg,160.0,1.9,0.5,0.27,172.3,Medium,3.9
TRN01277,Tunnel,AES-256-GCM,modp768(1),Off,IPv6,email,884.1,5.8,4.7,0.18,139.2,Medium,3.5
TRN04433,Transport,DES,modp4096(16),On,IPv4,video_streaming,968.0,84.2,147.7,0.59,196.7,Medium,6.5
TRN03645,Tunnel,AES-256,modp4096(16),On,IPv6,email,877.0,6.9,4.7,0.52,104.5,Strong,0.3
TRN04144,Transport,AES-128,modp2048(14),Off,IPv6,voip,141.3,54.5,274.1,0.27,183.2,Medium,4.2
TRN02879,Tunnel,AES-256-GCM,modp768(1),Off,IPv4,whatsapp_msg,180.6,4.3,0.5,0.27,151.3,Medium,3.4
TRN06494,Transport,AES-256,modp2048(14),On,IPv6,icmp,54.5,1.5,1.7,0.11,172.5,Strong,0.7
TRN05241,Transport,DES,modp1536(5),Off,IPv6,dns_query,80.7,2.9,0.5,0.07,109.6,Weak,7.9
TRN08465,Tunnel,AES-256,modp768(1),Off,IPv4,icmp,64.0,2.5,5.9,0.07,126.9,Weak,9.8
TRN06938,Tunnel,3DES,modp8192(21),On,IPv4,icmp,54.8,2.1,0.5,0.04,163.9,Medium,5.3
TRN07241,Transport,DES,modp1536(5),Off,IPv4,whatsapp_msg,92.8,4.6,13.1,0.22,46.6,Weak,7.4
TRN02594,Tunnel,AES-128,modp1536(5),On,IPv6,web_browsing,539.4,18.9,30.9,0.4,166.7,Weak,9.5
TRN02394,Tunnel,DES,modp768(1),On,IPv6,icmp,61.1,2.4,17.6,0.06,128.0,Weak,9.3
TRN00524,Transport,DES,modp8192(21),Off,IPv4,dns_query,78.7,3.1,0.5,0.07,201.8,Medium,5.1
TRN06377,Tunnel,AES-192,modp1536(5),On,IPv6,icmp,62.8,2.4,0.5,0.07,131.9,Medium,3.1
TRN06982,Transport,AES-128,modp1536(5),Off,IPv4,video_streaming,1365.3,70.4,336.4,0.79,151.2,Weak,9.8
TRN06678,Transport,AES-256,modp768(1),Off,IPv4,dns_query,82.0,2.8,0.5,0.04,145.4,Weak,7.4
TRN03901,Transport,AES-192,modp768(1),On,IPv6,email,917.4,7.7,0.5,0.33,108.3,Weak,10.0
TRN08668,Tunnel,AES-128,modp1024(2),On,IPv6,voip,127.0,48.0,0.5,0.2,163.9,Weak,6.9
TRN05586,Transport,3DES,modp6144(17),Off,IPv4,icmp,72.1,1.2,2.4,0.03,146.4,Medium,3.2
TRN08421,Transport,DES,modp3072(15),On,IPv6,icmp,72.9,2.8,13.4,0.05,172.6,Medium,6.0
TRN07957,Tunnel,DES,modp8192(21),Off,IPv4,icmp,50.4,1.9,0.5,0.0,196.2,Medium,3.0
TRN07571,Transport,AES-256,modp8192(21),On,IPv4,file_transfer,1437.4,124.5,0.5,0.73,100.5,Strong,2.3
TRN06778,Transport,AES-256,modp768(1),On,IPv4,voip,132.0,49.1,195.9,0.25,170.1,Medium,3.4
TRN00672,Tunnel,AES-256,modp4096(16),Off,IPv4,whatsapp_msg,172.1,5.8,1.3,0.26,206.9,Strong,2.8
TRN04189,Tunnel,DES,modp1024(2),Off,IPv4,whatsapp_msg,177.5,4.3,8.6,0.12,119.2,Weak,9.5
TRN00667,Tunnel,AES-256,modp3072(15),On,IPv6,voip,156.7,44.1,0.5,0.09,163.7,Strong,1.5
TRN03267,Transport,3DES,modp768(1),Off,IPv6,email,455.5,4.7,9.1,0.22,128.5,Weak,6.2
TRN01888,Transport,DES,modp4096(16),Off,IPv6,video_streaming,1069.0,109.1,520.0,0.68,64.2,Medium,5.4
TRN07688,Tunnel,DES,modp1024(2),On,IPv4,whatsapp_msg,219.6,7.3,0.5,0.23,149.4,Weak,8.6
TRN06032,Transport,DES,modp3072(15),Off,IPv6,dns_query,107.6,4.0,0.5,0.1,128.4,Weak,8.8
TRN06091,Transport,AES-256,modp3072(15),Off,IPv4,web_browsing,415.7,8.5,13.2,0.57,59.6,Strong,2.7
TRN06239,Transport,AES-256-GCM,modp4096(16),Off,IPv6,web_browsing,413.5,14.4,9.2,0.36,181.9,Strong,1.5
TRN07351,Transport,AES-192,modp2048(14),Off,IPv6,file_transfer,1302.4,107.7,243.9,0.9,155.7,Medium,6.0
TRN07831,Tunnel,3DES,modp1024(2),On,IPv4,web_browsing,462.1,6.8,0.5,0.28,124.4,Weak,7.3
TRN00761,Transport,DES,modp8192(21),On,IPv6,file_transfer,1389.2,91.5,317.5,0.69,82.0,Medium,4.9
TRN06255,Transport,AES-256-GCM,modp4096(16),Off,IPv4,file_transfer,1475.0,106.6,0.5,0.82,94.0,Strong,2.7
TRN01907,Transport,3DES,modp6144(17),Off,IPv6,video_streaming,948.4,63.3,809.8,0.54,180.2,Medium,5.8
TRN03819,Transport,3DES,modp768(1),On,IPv4,file_transfer,1342.5,78.4,213.2,0.57,128.4,Weak,9.7
TRN06270,Tunnel,AES-128,modp1536(5),On,IPv6,video_streaming,1112.6,67.5,0.5,0.63,165.5,Weak,7.7
TRN04301,Tunnel,DES,modp4096(16),Off,IPv6,whatsapp_msg,85.0,6.8,15.4,0.26,255.5,Medium,3.7
TRN05570,Transport,AES-256,modp1536(5),On,IPv6,voip,99.4,52.0,0.5,0.11,151.8,Medium,3.4
TRN07942,Tunnel,AES-128,modp1536(5),Off,IPv4,video_streaming,1145.5,63.4,574.0,0.49,163.9,Weak,8.0
TRN04165,Transport,AES-128,modp768(1),Off,IPv6,icmp,52.6,2.4,14.5,0.07,141.5,Weak,8.1
TRN05972,Tunnel,3DES,modp8192(21),On,IPv6,dns_query,90.5,4.6,0.5,0.08,73.5,Medium,5.1
TRN03580,Tunnel,AES-256,modp4096(16),Off,IPv4,web_browsing,484.9,9.0,0.5,0.6,102.5,Strong,1.7
TRN02833,Tunnel,AES-256,modp6144(17),Off,IPv6,web_browsing,334.0,8.9,27.2,0.66,147.6,Strong,1.6
TRN05450,Transport,3DES,modp1024(2),On,IPv6,voip,111.9,46.2,85.1,0.16,101.6,Weak,8.7
TRN03473,Tunnel,AES-256,modp3072(15),Off,IPv6,voip,99.5,45.3,0.5,0.13,140.8,Medium,5.4
TRN06328,Tunnel,AES-192,modp2048(14),On,IPv4,voip,101.9,44.1,0.5,0.16,111.3,Medium,4.2
TRN00138,Tunnel,AES-192,modp6144(17),Off,IPv6,email,715.3,12.3,25.5,0.5,156.5,Strong,1.0
TRN07044,Tunnel,AES-192,modp4096(16),Off,IPv4,whatsapp_msg,189.4,7.0,12.6,0.23,186.3,Strong,2.1
TRN04893,Transport,3DES,modp6144(17),On,IPv4,whatsapp_msg,154.1,5.4,3.5,0.2,124.0,Medium,2.2
TRN02181,Tunnel,DES,modp8192(21),Off,IPv6,video_streaming,1166.5,90.6,0.5,0.4,200.0,Medium,2.8
TRN07731,Transport,3DES,modp4096(16),Off,IPv4,whatsapp_msg,175.1,3.2,3.0,0.45,173.3,Medium,5.7
TRN03178,Tunnel,AES-256,modp1536(5),Off,IPv6,dns_query,62.2,4.5,0.5,0.12,92.1,Medium,6.8
TRN04855,Tunnel,DES,modp768(1),On,IPv4,web_browsing,480.1,7.7,0.5,0.6,152.5,Weak,9.9
TRN04638,Transport,3DES,modp1024(2),On,IPv4,email,417.6,7.3,0.5,0.21,146.0,Weak,6.4
TRN05116,Transport,3DES,modp3072(15),Off,IPv4,email,430.7,7.8,15.2,0.31,159.2,Weak,7.2
TRN07649,Tunnel,AES-256-GCM,modp768(1),On,IPv6,file_transfer,1469.8,92.4,0.5,0.75,99.6,Medium,4.8
TRN04262,Transport,AES-128,modp768(1),Off,IPv6,voip,128.6,40.3,0.5,0.18,98.2,Weak,8.7
TRN01332,Transport,AES-256-GCM,modp6144(17),On,IPv4,web_browsing,462.1,16.4,0.5,0.3,167.7,Strong,1.9
TRN07003,Transport,3DES,modp8192(21),Off,IPv4,whatsapp_msg,125.5,7.2,0.5,0.24,170.7,Medium,4.7
TRN06942,Tunnel,3DES,modp8192(21),On,IPv6,web_browsing,474.9,18.9,0.5,0.4,200.0,Strong,0.7
TRN08018,Transport,AES-256,modp8192(21),Off,IPv6,file_transfer,1443.5,99.2,0.5,0.95,181.6,Strong,0.4
TRN06242,Transport,DES,modp1024(2),On,IPv4,voip,148.1,50.0,0.5,0.24,106.1,Weak,7.4
TRN08988,Transport,AES-192,modp2048(14),Off,IPv6,web_browsing,525.2,25.6,7.9,0.79,168.5,Medium,4.0
TRN06882,Transport,3DES,modp6144(17),On,IPv4,file_transfer,1373.3,117.9,0.5,0.93,147.6,Medium,5.3
TRN04531,Tunnel,3DES,modp1536(5),On,IPv4,video_streaming,1405.6,93.4,0.5,0.59,172.9,Weak,7.7
TRN04674,Transport,AES-192,modp8192(21),Off,IPv6,icmp,58.9,2.2,0.5,0.05,209.8,Strong,1.7
TRN06997,Transport,AES-256-GCM,modp1024(2),Off,IPv4,dns_query,85.6,2.4,0.5,0.08,102.0,Medium,4.1
TRN01253,Tunnel,AES-256,modp4096(16),On,IPv6,email,612.9,8.7,0.5,0.28,184.9,Strong,2.1
TRN03375,Transport,3DES,modp4096(16),On,IPv6,video_streaming,1326.4,97.2,152.1,0.88,131.1,Medium,6.3
TRN02815,Tunnel,AES-256-GCM,modp8192(21),Off,IPv4,web_browsing,486.8,11.1,3.7,0.49,178.9,Strong,1.2
TRN04720,Tunnel,AES-256,modp1024(2),Off,IPv4,dns_query,83.7,2.1,0.5,0.09,129.1,Weak,8.6
TRN06545,Tunnel,AES-192,modp1024(2),Off,IPv4,voip,145.8,39.5,0.5,0.18,113.1,Weak,9.8
TRN04859,Tunnel,AES-256-GCM,modp1024(2),On,IPv4,dns_query,83.6,2.6,2.5,0.11,143.1,Medium,5.8
TRN07902,Tunnel,AES-256-GCM,modp1024(2),On,IPv4,email,768.7,6.0,7.6,0.31,188.3,Medium,4.5
TRN01078,Transport,DES,modp8192(21),Off,IPv4,icmp,60.0,3.0,0.5,0.07,38.8,Medium,5.2
TRN04364,Tunnel,AES-192,modp2048(14),On,IPv4,web_browsing,449.0,13.0,4.8,0.4,229.0,Medium,4.8
TRN00771,Tunnel,DES,modp2048(14),Off,IPv6,web_browsing,366.3,13.9,0.5,0.62,102.4,Weak,8.7
TRN00250,Transport,3DES,modp3072(15),On,IPv4,whatsapp_msg,133.0,6.5,0.5,0.28,159.9,Medium,6.1
TRN07240,Tunnel,3DES,modp4096(16),Off,IPv6,voip,111.6,48.1,58.4,0.17,146.9,Medium,6.0
TRN03420,Transport,AES-192,modp1536(5),On,IPv6,whatsapp_msg,192.6,4.5,2.6,0.29,208.5,Medium,5.5
TRN04977,Transport,AES-256-GCM,modp1536(5),On,IPv6,icmp,64.7,1.1,0.5,0.1,203.3,Strong,3.1
TRN04545,Transport,3DES,modp1024(2),Off,IPv4,web_browsing,428.8,15.6,31.7,0.45,75.6,Weak,7.3
TRN05566,Transport,DES,modp768(1),On,IPv4,voip,129.5,53.1,0.5,0.28,143.8,Weak,8.2
TRN07940,Transport,AES-256,modp1024(2),Off,IPv4,dns_query,78.2,4.1,2.2,0.12,208.8,Weak,7.4
TRN00717,Transport,AES-128,modp4096(16),Off,IPv6,whatsapp_msg,155.9,5.1,0.5,0.18,188.6,Medium,5.4
TRN08684,Transport,AES-192,modp4096(16),On,IPv6,email,759.8,9.9,20.9,0.12,137.5,Strong,2.2
TRN02049,Tunnel,AES-256,modp8192(21),On,IPv6,voip,119.8,34.2,113.2,0.11,160.7,Strong,1.6
TRN05998,Tunnel,AES-256-GCM,modp1536(5),On,IPv4,file_transfer,1390.8,105.2,148.6,0.8,111.9,Medium,6.3
TRN06601,Transport,DES,modp4096(16),On,IPv4,icmp,59.9,1.8,0.5,0.05,193.2,Medium,5.5
TRN07246,Tunnel,AES-256,modp8192(21),Off,IPv4,email,469.9,10.6,0.5,0.13,60.3,Strong,0.5
TRN04179,Tunnel,DES,modp8192(21),Off,IPv4,file_transfer,1422.6,84.0,190.5,0.78,183.3,Medium,5.2
TRN04810,Transport,3DES,modp1024(2),On,IPv4,icmp,56.2,1.9,5.2,0.0,204.1,Weak,7.3
TRN08529,Transport,AES-256-GCM,modp2048(14),Off,IPv6,whatsapp_msg,124.8,3.7,0.8,0.31,126.3,Strong,2.1
TRN07141,Tunnel,DES,modp4096(16),On,IPv4,web_browsing,316.1,6.5,0.5,0.53,87.9,Medium,3.9
TRN07191,Transport,DES,modp8192(21),Off,IPv4,web_browsing,460.4,19.7,0.5,0.44,110.2,Medium,5.2
TRN01461,Tunnel,AES-192,modp1024(2),On,IPv6,icmp,60.3,2.7,8.3,0.06,94.5,Medium,4.6
TRN05990,Transport,AES-192,modp3072(15),Off,IPv4,file_transfer,1344.3,147.6,0.5,0.81,119.3,Medium,3.7
TRN02001,Transport,AES-256,modp2048(14),On,IPv6,voip,143.3,38.7,315.4,0.21,135.5,Medium,4.1
TRN08176,Tunnel,AES-192,modp1536(5),Off,IPv6,web_browsing,348.0,8.6,30.9,0.45,175.0,Medium,5.7
TRN00405,Transport,AES-256-GCM,modp8192(21),On,IPv4,video_streaming,1041.5,83.6,29.2,0.53,150.9,Strong,2.1
TRN00385,Tunnel,3DES,modp2048(14),On,IPv6,email,479.6,10.3,40.3,0.26,141.4,Medium,4.8
TRN08534,Transport,AES-128,modp6144(17),On,IPv4,whatsapp_msg,191.0,6.0,0.5,0.23,147.8,Strong,1.2
TRN01634,Tunnel,DES,modp6144(17),Off,IPv4,dns_query,82.9,4.2,0.5,0.11,170.3,Medium,3.6
TRN08597,Transport,AES-192,modp2048(14),Off,IPv6,whatsapp_msg,132.1,7.4,5.4,0.13,177.2,Medium,4.0
TRN04785,Tunnel,AES-128,modp3072(15),Off,IPv6,email,943.1,4.9,0.5,0.24,110.3,Medium,5.6
TRN08505,Transport,AES-128,modp1536(5),On,IPv6,dns_query,62.9,3.6,1.5,0.06,156.0,Medium,3.0
TRN06971,Tunnel,3DES,modp8192(21),On,IPv4,video_streaming,1127.2,78.2,0.5,0.59,125.8,Strong,0.3
TRN03926,Transport,DES,modp2048(14),On,IPv4,icmp,56.3,1.9,0.5,0.05,144.6,Weak,8.6
TRN04159,Tunnel,3DES,modp1024(2),Off,IPv4,icmp,66.0,2.2,7.0,0.03,139.2,Weak,8.2
TRN07450,Tunnel,3DES,modp1024(2),Off,IPv6,file_transfer,1346.7,149.2,0.5,0.9,173.1,Weak,8.8
TRN08416,Tunnel,AES-256,modp3072(15),Off,IPv6,email,754.0,3.3,22.5,0.2,129.1,Medium,5.2
TRN02194,Tunnel,3DES,modp2048(14),On,IPv6,whatsapp_msg,75.4,3.3,0.5,0.21,167.6,Medium,4.8
TRN01016,Transport,AES-128,modp6144(17),Off,IPv6,dns_query,112.9,1.8,2.1,0.13,122.1,Medium,5.6
TRN05125,Tunnel,AES-128,modp1536(5),Off,IPv4,web_browsing,298.0,17.8,0.5,0.4,256.9,Weak,8.6
TRN07419,Tunnel,AES-256,modp768(1),Off,IPv6,icmp,75.2,2.6,3.0,0.03,107.1,Weak,8.6
TRN07410,Tunnel,AES-192,modp3072(15),On,IPv6,video_streaming,1417.4,106.6,192.4,0.59,57.7,Medium,4.4
TRN02872,Transport,AES-256-GCM,modp2048(14),On,IPv6,web_browsing,272.3,11.6,0.5,0.65,153.7,Strong,2.3
TRN00010,Transport,AES-192,modp8192(21),On,IPv6,whatsapp_msg,108.4,5.7,10.4,0.25,204.0,Strong,1.5
TRN01839,Tunnel,3DES,modp8192(21),Off,IPv4,voip,117.5,48.1,0.5,0.27,158.0,Medium,5.6
TRN04805,Tunnel,AES-128,modp1024(2),Off,IPv6,file_transfer,1362.3,118.6,5.0,0.77,215.8,Weak,9.4
TRN00256,Tunnel,AES-256,modp4096(16),Off,IPv6,video_streaming,1063.8,109.9,494.5,0.76,163.5,Strong,1.5
TRN07027,Transport,DES,modp1536(5),On,IPv4,icmp,56.4,2.4,8.7,0.05,171.6,Weak,8.3
TRN05714,Tunnel,AES-192,modp2048(14),On,IPv4,web_browsing,204.2,11.9,40.3,0.47,229.3,Medium,6.2
TRN03325,Tunnel,DES,modp6144(17),Off,IPv4,whatsapp_msg,128.2,2.5,0.5,0.33,148.7,Medium,5.6
TRN07715,Tunnel,3DES,modp4096(16),Off,IPv6,video_streaming,1035.0,115.1,0.5,0.63,176.9,Medium,4.9
TRN01582,Transport,AES-192,modp8192(21),Off,IPv4,video_streaming,1195.8,83.4,0.5,0.44,176.7,Strong,2.0
TRN00925,Transport,AES-256,modp8192(21),On,IPv4,file_transfer,1454.1,119.4,88.7,0.75,90.7,Strong,0.8
TRN02780,Transport,DES,modp4096(16),On,IPv6,dns_query,94.9,4.8,3.1,0.1,66.5,Medium,4.5
TRN07892,Transport,AES-256,modp768(1),On,IPv4,whatsapp_msg,204.4,4.3,0.5,0.27,112.1,Weak,9.2
TRN06133,Transport,AES-256-GCM,modp6144(17),Off,IPv4,dns_query,78.7,2.1,2.1,0.1,124.7,Strong,1.1
TRN05321,Tunnel,AES-256,modp8192(21),Off,IPv4,icmp,74.5,2.3,5.0,0.06,192.4,Strong,0.3
TRN07313,Transport,DES,modp768(1),On,IPv6,voip,119.7,39.9,0.5,0.28,142.6,Weak,9.6
TRN07103,Transport,DES,modp4096(16),On,IPv6,icmp,59.5,2.2,10.1,0.07,187.0,Medium,4.9
TRN06043,Tunnel,AES-128,modp3072(15),Off,IPv4,file_transfer,1366.2,136.5,0.5,0.82,123.0,Medium,3.5
TRN03776,Tunnel,AES-256-GCM,modp768(1),Off,IPv4,file_transfer,1349.1,130.0,36.3,0.64,124.3,Weak,7.6
TRN04836,Tunnel,DES,modp3072(15),Off,IPv4,voip,141.2,39.5,244.4,0.24,163.0,Weak,8.5
TRN04965,Transport,AES-128,modp8192(21),Off,IPv6,dns_query,80.5,2.5,0.8,0.14,147.2,Strong,2.7
TRN00540,Transport,AES-256-GCM,modp4096(16),On,IPv4,web_browsing,418.1,17.1,9.6,0.32,175.0,Strong,3.0
TRN07484,Tunnel,DES,modp8192(21),Off,IPv4,voip,136.3,44.9,0.5,0.21,195.7,Medium,5.6
TRN02746,Tunnel,AES-128,modp8192(21),Off,IPv4,video_streaming,1189.9,97.0,815.3,0.51,143.0,Strong,3.5
TRN03720,Tunnel,AES-256-GCM,modp1024(2),Off,IPv4,voip,104.5,46.3,0.5,0.24,115.3,Medium,6.5
TRN06820,Tunnel,AES-256,modp4096(16),On,IPv6,file_transfer,1334.3,127.3,206.9,0.95,224.5,Strong,1.8
TRN04469,Tunnel,AES-192,modp4096(16),On,IPv4,voip,104.0,35.9,0.5,0.19,128.7,Strong,3.6
TRN00668,Transport,3DES,modp3072(15),On,IPv6,voip,182.0,40.7,0.5,0.27,184.3,Medium,4.0
TRN07576,Tunnel,AES-256-GCM,modp768(1),On,IPv4,email,411.6,5.7,1.3,0.25,100.5,Medium,5.2
TRN05064,Tunnel,3DES,modp1024(2),Off,IPv4,file_transfer,1400.6,129.2,199.8,0.77,202.8,Weak,8.7
TRN01354,Transport,3DES,modp768(1),Off,IPv6,dns_query,68.5,5.2,0.5,0.11,119.9,Weak,9.9
TRN07115,Transport,AES-256-GCM,modp8192(21),Off,IPv6,voip,115.3,56.8,641.7,0.21,169.7,Strong,1.0
TRN08962,Transport,AES-256,modp4096(16),On,IPv4,file_transfer,1344.1,104.3,113.3,0.8,138.9,Strong,2.4
TRN02704,Transport,AES-192,modp2048(14),On,IPv4,voip,128.7,39.2,0.5,0.23,111.4,Medium,5.5
TRN03331,Transport,AES-192,modp4096(16),Off,IPv4,file_transfer,1452.4,115.7,311.6,0.68,132.6,Strong,0.3
TRN08054,Transport,AES-192,modp4096(16),Off,IPv4,file_transfer,1364.7,117.1,0.5,0.91,204.9,Medium,5.0
TRN03585,Tunnel,3DES,modp3072(15),Off,IPv6,video_streaming,1127.2,85.4,0.5,0.47,95.5,Weak,7.1
TRN08494,Tunnel,AES-128,modp3072(15),Off,IPv4,voip,125.9,39.1,0.5,0.2,104.4,Medium,4.9
TRN05646,Transport,3DES,modp2048(14),On,IPv4,video_streaming,1214.9,87.6,649.3,0.73,215.5,Weak,7.0
TRN03377,Transport,AES-256,modp1024(2),Off,IPv6,video_streaming,1356.7,83.5,139.0,0.56,89.7,Medium,4.0
TRN01257,Tunnel,AES-256,modp2048(14),Off,IPv6,dns_query,71.1,4.1,0.5,0.06,168.8,Medium,3.8
TRN06191,Tunnel,AES-192,modp3072(15),Off,IPv4,video_streaming,1248.7,103.0,222.9,0.62,206.3,Medium,6.4
TRN05349,Transport,AES-256,modp6144(17),On,IPv6,icmp,42.9,1.8,0.5,0.07,111.5,Strong,1.9
TRN04176,Transport,AES-192,modp8192(21),Off,IPv6,icmp,61.8,1.7,6.6,0.06,167.1,Strong,0.6
TRN04911,Transport,DES,modp1536(5),On,IPv4,icmp,72.8,2.0,20.9,0.07,121.5,Weak,7.5
TRN01853,Tunnel,AES-256-GCM,modp6144(17),On,IPv4,video_streaming,1151.4,87.0,0.5,0.58,209.6,Strong,2.6
TRN06317,Tunnel,DES,modp1536(5),On,IPv6,whatsapp_msg,114.2,6.1,19.2,0.26,181.4,Weak,7.8
TRN08867,Tunnel,3DES,modp1024(2),On,IPv6,web_browsing,404.1,4.2,58.5,0.48,136.3,Weak,8.2
TRN02106,Tunnel,AES-256-GCM,modp2048(14),Off,IPv6,file_transfer,1418.3,134.9,0.5,0.82,184.4,Strong,0.4
TRN00134,Tunnel,3DES,modp6144(17),Off,IPv6,voip,137.4,58.8,115.4,0.19,128.7,Medium,5.6
TRN05030,Tunnel,DES,modp1024(2),On,IPv4,dns_query,98.3,3.2,0.5,0.1,113.7,Weak,9.1
TRN00929,Tunnel,AES-256,modp8192(21),Off,IPv6,whatsapp_msg,156.9,7.3,0.5,0.28,218.8,Strong,2.0
TRN00824,Transport,DES,modp1536(5),On,IPv4,email,732.5,5.0,0.5,0.19,140.0,Weak,7.7
TRN07577,Tunnel,AES-256-GCM,modp3072(15),Off,IPv4,whatsapp_msg,75.0,6.1,3.2,0.19,140.8,Strong,2.8
TRN01532,Tunnel,AES-192,modp1024(2),On,IPv6,icmp,63.9,1.4,3.2,0.05,141.9,Medium,5.3
TRN01215,Tunnel,AES-256-GCM,modp8192(21),On,IPv4,web_browsing,494.9,22.0,66.3,0.43,176.0,Strong,1.3
TRN00505,Tunnel,AES-256,modp2048(14),On,IPv4,web_browsing,252.7,21.0,0.5,0.56,77.7,Strong,2.7
TRN06531,Transport,AES-192,modp4096(16),Off,IPv6,video_streaming,1429.1,76.7,855.8,0.7,128.9,Strong,2.2
TRN03073,Transport,DES,modp4096(16),On,IPv4,whatsapp_msg,130.7,6.0,0.5,0.19,183.8,Medium,5.7
TRN06620,Tunnel,AES-256-GCM,modp1024(2),On,IPv4,dns_query,69.8,2.0,1.5,0.13,228.1,Medium,5.7
TRN03710,Tunnel,3DES,modp768(1),On,IPv6,whatsapp_msg,95.6,4.7,0.5,0.29,124.7,Weak,9.0
TRN04850,Transport,AES-256-GCM,modp768(1),On,IPv4,video_streaming,996.5,69.4,0.5,0.49,136.0,Medium,3.4
TRN04749,Tunnel,AES-256,modp8192(21),Off,IPv4,email,1012.5,8.1,0.5,0.21,130.6,Strong,2.9
TRN04269,Transport,3DES,modp6144(17),Off,IPv6,file_transfer,1371.5,128.8,0.5,0.69,180.4,Medium,3.4
TRN08890,Transport,DES,modp8192(21),On,IPv6,video_streaming,1352.4,90.8,805.9,0.66,141.5,Medium,4.2
TRN04187,Tunnel,DES,modp3072(15),On,IPv4,whatsapp_msg,134.7,6.3,7.1,0.23,160.7,Weak,8.6
TRN05302,Transport,AES-192,modp2048(14),On,IPv4,voip,126.1,36.7,0.5,0.22,146.0,Medium,2.5
TRN02924,Transport,AES-128,modp2048(14),Off,IPv4,email,585.6,9.4,0.5,0.25,93.0,Medium,4.7
TRN06589,Transport,AES-256-GCM,modp2048(14),Off,IPv4,voip,161.1,51.8,0.5,0.21,169.8,Strong,3.1
TRN01811,Transport,AES-256-GCM,modp8192(21),Off,IPv6,icmp,62.9,1.5,14.9,0.03,161.1,Strong,2.0
TRN03487,Tunnel,DES,modp1536(5),On,IPv4,web_browsing,235.9,13.4,0.5,0.53,106.1,Weak,10.0
TRN07420,Transport,AES-256,modp8192(21),Off,IPv4,dns_query,70.4,3.3,0.5,0.12,144.0,Strong,2.1
TRN03142,Tunnel,AES-256,modp768(1),Off,IPv6,whatsapp_msg,201.8,5.8,0.5,0.27,221.5,Weak,7.4
TRN01325,Tunnel,DES,modp6144(17),Off,IPv6,voip,134.9,64.3,125.0,0.21,189.9,Medium,3.9
TRN04313,Tunnel,AES-256-GCM,modp768(1),Off,IPv4,web_browsing,392.8,11.6,0.5,0.43,159.5,Medium,5.1
TRN07495,Transport,DES,modp6144(17),Off,IPv4,dns_query,82.2,4.9,0.5,0.09,174.7,Medium,4.2
TRN08550,Tunnel,AES-128,modp4096(16),On,IPv6,whatsapp_msg,173.4,5.6,2.9,0.43,161.1,Strong,2.7
TRN05542,Transport,AES-192,modp3072(15),Off,IPv4,icmp,60.2,2.3,12.2,0.03,85.0,Medium,3.9
TRN06173,Tunnel,DES,modp2048(14),On,IPv4,email,758.7,9.0,17.0,0.17,141.0,Weak,9.2
TRN01541,Transport,3DES,modp3072(15),Off,IPv6,web_browsing,407.4,21.0,8.6,0.64,110.0,Medium,3.0
TRN02682,Transport,AES-256,modp1024(2),On,IPv4,web_browsing,266.0,17.7,0.5,0.5,179.0,Medium,3.5
TRN08894,Transport,AES-256-GCM,modp6144(17),On,IPv4,email,868.8,9.4,27.6,0.35,145.3,Strong,0.5
TRN06314,Transport,AES-192,modp768(1),On,IPv6,file_transfer,1410.7,104.8,1.5,0.66,147.7,Weak,7.4
TRN01192,Transport,AES-128,modp2048(14),On,IPv4,file_transfer,1460.1,128.1,7.7,0.7,145.8,Medium,4.9
TRN05294,Tunnel,AES-128,modp768(1),On,IPv4,dns_query,63.7,2.8,0.5,0.07,87.8,Weak,7.7
TRN01543,Transport,AES-256-GCM,modp4096(16),On,IPv4,voip,74.7,41.5,0.5,0.25,157.7,Strong,0.8
TRN07057,Tunnel,AES-256,modp8192(21),On,IPv6,video_streaming,1275.6,83.3,0.5,0.57,146.2,Strong,1.6
TRN02540,Tunnel,3DES,modp1536(5),Off,IPv6,whatsapp_msg,198.7,3.7,9.1,0.31,198.1,Weak,7.8
TRN00954,Tunnel,AES-256-GCM,modp1024(2),Off,IPv6,icmp,71.0,2.4,17.3,0.05,165.1,Medium,3.7
TRN07242,Transport,3DES,modp3072(15),Off,IPv6,voip,134.4,38.2,144.8,0.22,107.0,Weak,7.2
TRN06732,Transport,AES-256-GCM,modp8192(21),On,IPv4,voip,87.2,49.5,369.6,0.25,131.3,Strong,2.4
TRN04847,Tunnel,AES-128,modp3072(15),Off,IPv6,voip,100.1,34.7,245.3,0.08,263.9,Medium,4.1
TRN06802,Transport,AES-128,modp4096(16),Off,IPv4,email,705.2,12.1,7.2,0.37,85.4,Strong,0.5
TRN08011,Transport,DES,modp2048(14),Off,IPv6,video_streaming,1131.0,122.4,305.0,0.77,175.0,Weak,6.0
TRN04331,Tunnel,DES,modp1024(2),On,IPv6,file_transfer,1388.4,88.5,140.8,0.79,127.7,Weak,7.1
TRN05335,Tunnel,AES-256,modp768(1),Off,IPv6,whatsapp_msg,181.8,4.6,15.7,0.36,94.5,Weak,9.4
TRN07331,Tunnel,AES-256,modp6144(17),On,IPv6,video_streaming,1108.5,71.7,0.5,0.65,112.8,Strong,2.6
TRN04730,Tunnel,AES-128,modp1024(2),Off,IPv6,voip,130.8,49.9,0.5,0.29,227.1,Weak,8.0
TRN06542,Tunnel,DES,modp2048(14),Off,IPv6,whatsapp_msg,152.4,3.3,0.5,0.22,141.4,Weak,9.1
TRN05306,Transport,DES,modp6144(17),Off,IPv4,video_streaming,1226.5,66.2,0.5,0.78,189.9,Medium,4.8
TRN05162,Tunnel,AES-192,modp3072(15),On,IPv6,icmp,64.2,1.7,0.5,0.06,242.5,Medium,4.7
TRN07861,Transport,AES-256,modp768(1),Off,IPv4,voip,135.3,46.6,0.5,0.17,210.7,Weak,7.7
TRN02157,Tunnel,AES-128,modp4096(16),Off,IPv6,video_streaming,1463.6,84.9,678.6,0.64,220.0,Medium,3.8
TRN01063,Tunnel,AES-128,modp1536(5),Off,IPv4,video_streaming,1249.2,114.1,0.5,0.65,223.7,Weak,9.6
TRN01168,Tunnel,AES-256-GCM,modp1536(5),On,IPv6,icmp,61.5,2.3,16.5,0.08,128.8,Medium,5.3
TRN03637,Tunnel,AES-256-GCM,modp2048(14),On,IPv6,video_streaming,1267.8,67.5,475.4,0.51,182.2,Strong,1.8
TRN07652,Transport,AES-256,modp1536(5),Off,IPv4,email,466.1,9.7,29.7,0.35,176.9,Medium,5.8
TRN05589,Transport,AES-128,modp1024(2),On,IPv4,email,478.4,4.3,10.1,0.29,151.4,Weak,9.3
TRN07193,Transport,3DES,modp6144(17),On,IPv4,email,946.8,8.7,7.0,0.24,82.1,Medium,3.7
TRN04492,Transport,AES-128,modp768(1),On,IPv4,file_transfer,1452.3,135.0,0.5,0.75,131.3,Weak,8.9
TRN07267,Transport,DES,modp768(1),Off,IPv4,email,610.9,4.6,8.0,0.43,162.1,Weak,8.6
TRN04981,Transport,AES-128,modp1024(2),On,IPv6,video_streaming,1196.8,98.5,415.8,0.52,102.4,Weak,7.2
TRN08336,Transport,AES-256,modp2048(14),Off,IPv6,dns_query,49.6,3.5,0.5,0.07,121.2,Medium,5.7
TRN08956,Transport,DES,modp3072(15),On,IPv6,voip,110.3,45.0,827.8,0.26,213.8,Weak,9.1
TRN04947,Transport,AES-192,modp1536(5),Off,IPv4,video_streaming,1269.3,79.0,0.5,0.69,105.9,Weak,9.7
TRN02783,Tunnel,DES,modp8192(21),On,IPv4,voip,110.9,52.5,238.8,0.18,132.1,Medium,4.6
TRN00718,Transport,DES,modp4096(16),Off,IPv4,dns_query,79.8,1.9,0.5,0.08,140.0,Weak,7.2
TRN02503,Transport,3DES,modp3072(15),On,IPv4,file_transfer,1488.1,134.5,10.1,0.79,98.4,Medium,5.4
TRN04361,Transport,3DES,modp1024(2),Off,IPv4,web_browsing,555.9,15.4,3.5,0.87,135.2,Weak,8.8
TRN04172,Tunnel,AES-256,modp4096(16),On,IPv4,web_browsing,306.1,21.4,0.5,0.49,123.6,Strong,1.5
TRN08083,Tunnel,AES-192,modp8192(21),Off,IPv6,web_browsing,387.0,6.7,28.4,0.66,208.1,Strong,3.0
TRN08782,Transport,AES-256-GCM,modp8192(21),Off,IPv4,file_transfer,1450.6,97.4,29.7,0.79,108.8,Strong,3.4
TRN00396,Tunnel,AES-256-GCM,modp3072(15),Off,IPv6,icmp,64.7,1.8,5.4,0.02,190.1,Strong,2.0
TRN07187,Transport,AES-128,modp8192(21),Off,IPv4,whatsapp_msg,124.2,7.5,22.4,0.18,86.0,Strong,2.1
TRN08964,Transport,AES-128,modp3072(15),Off,IPv6,web_browsing,176.9,9.7,37.5,0.41,121.8,Medium,5.9
TRN04493,Transport,AES-128,modp2048(14),On,IPv6,email,380.2,6.2,0.5,0.31,98.4,Medium,5.6
TRN01366,Transport,DES,modp6144(17),Off,IPv6,whatsapp_msg,105.6,6.3,0.5,0.27,169.9,Medium,5.6
TRN08571,Transport,3DES,modp768(1),On,IPv4,whatsapp_msg,220.7,5.1,0.5,0.17,100.1,Weak,9.5
TRN05918,Tunnel,DES,modp6144(17),Off,IPv4,web_browsing,346.4,9.5,0.5,0.75,132.5,Medium,4.4
TRN04969,Transport,3DES,modp1536(5),Off,IPv6,icmp,59.2,2.9,0.5,0.05,89.0,Weak,7.3
TRN02915,Transport,AES-256,modp4096(16),On,IPv4,voip,120.4,44.6,0.5,0.04,139.7,Strong,1.7
TRN05645,Tunnel,3DES,modp768(1),On,IPv6,whatsapp_msg,173.4,4.8,4.2,0.3,127.9,Weak,10.0
TRN03767,Transport,AES-128,modp768(1),On,IPv6,file_transfer,1388.5,134.3,0.5,0.75,162.9,Weak,7.7
TRN03441,Tunnel,DES,modp4096(16),Off,IPv6,email,301.2,7.6,0.5,0.16,83.9,Medium,3.0
TRN07358,Transport,AES-256-GCM,modp3072(15),On,IPv6,web_browsing,470.5,20.1,0.5,0.3,182.8,Strong,1.3
TRN06807,Tunnel,AES-256-GCM,modp2048(14),On,IPv4,dns_query,76.4,3.7,0.5,0.09,102.2,Strong,1.9
TRN02144,Tunnel,DES,modp4096(16),On,IPv6,whatsapp_msg,134.6,3.5,0.5,0.26,101.3,Medium,5.4
TRN05105,Tunnel,3DES,modp768(1),On,IPv6,dns_query,72.3,4.6,4.7,0.06,233.4,Weak,10.0
TRN05074,Transport,AES-256,modp3072(15),On,IPv6,voip,113.5,36.7,0.5,0.21,161.9,Strong,2.1
TRN01572,Transport,AES-256,modp8192(21),Off,IPv4,email,626.9,5.8,13.9,0.37,76.2,Strong,1.1
TRN04080,Transport,DES,modp6144(17),Off,IPv6,video_streaming,1185.8,90.0,751.8,0.57,120.8,Medium,4.5
TRN01123,Tunnel,DES,modp2048(14),On,IPv4,whatsapp_msg,177.8,4.1,2.1,0.33,186.9,Weak,8.2
TRN02787,Transport,AES-192,modp6144(17),On,IPv4,icmp,58.1,2.6,11.9,0.02,124.8,Strong,0.6
TRN02968,Transport,3DES,modp1536(5),On,IPv6,icmp,68.5,2.8,0.5,0.05,161.2,Weak,8.1
TRN02505,Transport,AES-128,modp6144(17),On,IPv6,whatsapp_msg,104.1,5.4,0.5,0.23,185.2,Strong,2.5
TRN05989,Tunnel,AES-128,modp2048(14),On,IPv4,dns_query,79.9,2.6,0.5,0.1,112.8,Medium,5.3
TRN07165,Transport,AES-192,modp1024(2),Off,IPv6,icmp,63.2,2.2,9.9,0.02,184.2,Weak,8.0
TRN00729,Tunnel,AES-256,modp2048(14),On,IPv4,icmp,66.2,1.7,0.5,0.03,81.4,Strong,1.5
TRN07588,Transport,AES-192,modp8192(21),On,IPv6,file_transfer,1337.8,100.0,0.5,0.89,152.8,Strong,2.8
TRN07544,Tunnel,3DES,modp3072(15),On,IPv6,voip,109.7,48.3,405.9,0.12,181.1,Medium,3.6
TRN00413,Tunnel,AES-192,modp8192(21),Off,IPv6,whatsapp_msg,150.7,6.3,11.9,0.44,185.3,Strong,0.3
TRN05746,Tunnel,3DES,modp1536(5),Off,IPv4,voip,104.5,50.8,173.3,0.24,118.8,Weak,7.3
TRN07669,Tunnel,AES-128,modp1536(5),Off,IPv6,whatsapp_msg,127.3,6.4,0.5,0.38,197.6,Weak,10.0
TRN00826,Transport,DES,modp1536(5),On,IPv4,web_browsing,371.8,15.9,0.5,0.55,192.0,Weak,8.4
TRN03268,Transport,AES-256,modp2048(14),On,IPv4,dns_query,59.6,2.4,0.6,0.06,103.3,Strong,0.8
TRN03975,Transport,AES-256-GCM,modp1024(2),On,IPv4,email,409.4,5.2,0.5,0.2,111.5,Medium,6.3
TRN08307,Transport,3DES,modp1024(2),Off,IPv4,dns_query,82.6,2.1,1.7,0.13,187.9,Weak,8.6
TRN00418,Transport,AES-192,modp3072(15),On,IPv6,dns_query,72.0,1.5,0.5,0.08,170.8,Medium,4.5
TRN06749,Tunnel,AES-256,modp2048(14),Off,IPv4,video_streaming,1139.6,82.1,175.6,0.62,114.8,Medium,4.1
TRN02083,Transport,AES-128,modp3072(15),On,IPv4,file_transfer,1333.4,128.2,84.6,0.83,134.0,Medium,5.5
TRN03374,Transport,DES,modp1024(2),Off,IPv6,whatsapp_msg,251.4,7.6,3.6,0.33,201.9,Weak,6.4
TRN05727,Tunnel,AES-192,modp768(1),On,IPv4,icmp,58.0,1.5,20.5,0.03,156.8,Weak,8.4
TRN04108,Transport,AES-256,modp3072(15),On,IPv4,email,747.9,6.9,2.7,0.24,124.8,Strong,3.4
TRN04381,Transport,AES-192,modp768(1),Off,IPv6,icmp,56.7,2.4,13.4,0.06,120.5,Weak,9.2
TRN07724,Tunnel,3DES,modp2048(14),On,IPv6,email,713.5,4.6,0.5,0.3,137.0,Medium,5.0
TRN01067,Tunnel,AES-192,modp1536(5),On,IPv6,file_transfer,1488.9,100.7,119.7,0.69,8.0,Medium,3.6
TRN03914,Transport,AES-256,modp4096(16),Off,IPv4,icmp,64.6,2.6,10.6,0.04,177.5,Strong,0.3
TRN05537,Tunnel,3DES,modp6144(17),On,IPv4,whatsapp_msg,149.6,7.2,0.6,0.17,171.7,Medium,3.2
TRN08003,Transport,3DES,modp1536(5),Off,IPv4,email,741.7,6.4,2.8,0.35,171.7,Weak,9.1
TRN05388,Transport,AES-128,modp2048(14),On,IPv6,voip,123.5,46.8,0.5,0.18,163.2,Medium,4.5
TRN05733,Transport,AES-256-GCM,modp3072(15),On,IPv4,whatsapp_msg,140.1,7.4,10.3,0.22,79.0,Strong,0.9
TRN02739,Transport,AES-128,modp1536(5),Off,IPv4,file_transfer,1326.2,86.5,0.5,0.91,188.4,Weak,7.1
TRN05053,Transport,DES,modp4096(16),Off,IPv4,voip,153.7,45.7,0.5,0.28,112.5,Medium,4.3
TRN04001,Transport,AES-256-GCM,modp3072(15),On,IPv6,file_transfer,1431.1,133.9,0.5,0.88,165.5,Strong,2.3
TRN02428,Tunnel,AES-256-GCM,modp3072(15),Off,IPv4,voip,138.6,46.3,0.5,0.24,211.3,Strong,2.2
TRN06834,Tunnel,AES-128,modp4096(16),Off,IPv6,whatsapp_msg,188.1,7.8,0.5,0.23,179.8,Medium,5.4
TRN01688,Transport,AES-256-GCM,modp6144(17),On,IPv6,web_browsing,288.0,10.8,23.7,0.32,174.0,Strong,1.7
TRN00852,Tunnel,AES-128,modp768(1),Off,IPv4,icmp,62.1,1.8,0.5,0.03,135.9,Weak,9.5
TRN06304,Tunnel,DES,modp1536(5),On,IPv6,email,550.2,7.7,17.6,0.34,146.5,Weak,9.6
TRN05879,Transport,DES,modp4096(16),On,IPv4,voip,123.2,45.3,394.1,0.23,92.2,Medium,5.6
TRN08528,Transport,AES-192,modp2048(14),On,IPv6,dns_query,87.7,3.1,0.5,0.12,187.7,Medium,4.4
TRN02840,Tunnel,AES-192,modp2048(14),On,IPv4,video_streaming,1378.8,83.8,0.5,0.74,210.0,Medium,6.0
TRN04612,Transport,AES-256,modp1536(5),On,IPv4,icmp,73.6,1.4,0.5,0.04,125.3,Medium,3.2
TRN02490,Tunnel,AES-128,modp8192(21),On,IPv6,icmp,57.3,1.9,9.9,0.06,164.5,Strong,1.8
TRN06906,Transport,AES-256-GCM,modp8192(21),On,IPv6,icmp,70.0,1.7,3.6,0.06,198.9,Strong,1.5
TRN07391,Transport,AES-256-GCM,modp8192(21),Off,IPv4,web_browsing,469.5,11.3,26.9,0.31,139.1,Strong,1.5
TRN02850,Tunnel,3DES,modp768(1),Off,IPv4,whatsapp_msg,107.6,5.6,0.5,0.35,142.8,Weak,6.8
TRN06666,Tunnel,AES-256,modp1024(2),On,IPv4,icmp,65.4,2.8,3.8,0.03,158.0,Medium,5.2
TRN05882,Tunnel,AES-256-GCM,modp1536(5),Off,IPv6,voip,129.4,46.2,0.5,0.18,146.2,Medium,3.4
TRN04453,Transport,AES-192,modp4096(16),On,IPv4,file_transfer,1409.3,128.8,0.5,0.83,125.5,Strong,2.3
TRN07422,Transport,3DES,modp2048(14),Off,IPv4,dns_query,64.3,2.2,0.5,0.14,103.0,Weak,9.2
TRN06485,Tunnel,3DES,modp1024(2),On,IPv4,whatsapp_msg,121.4,6.7,0.5,0.27,103.4,Weak,9.0
TRN02480,Transport,AES-128,modp1024(2),On,IPv6,email,558.2,9.3,1.4,0.29,175.1,Weak,8.4
TRN06618,Tunnel,AES-256,modp6144(17),Off,IPv6,dns_query,81.2,2.9,0.5,0.09,66.9,Strong,0.8
TRN02142,Tunnel,AES-192,modp4096(16),On,IPv6,file_transfer,1424.7,93.7,0.5,0.72,82.9,Strong,0.3
TRN05189,Transport,AES-256,modp768(1),Off,IPv4,icmp,65.1,2.4,0.7,0.05,212.7,Weak,9.1
TRN02745,Tunnel,DES,modp768(1),Off,IPv6,video_streaming,1337.6,88.0,0.5,0.58,143.3,Weak,8.0
TRN07254,Transport,AES-192,modp1536(5),Off,IPv6,voip,102.6,45.3,0.5,0.19,186.3,Medium,4.9
TRN03507,Tunnel,AES-192,modp4096(16),Off,IPv4,whatsapp_msg,106.6,7.9,0.5,0.23,134.8,Medium,6.1
TRN01680,Tunnel,AES-256-GCM,modp8192(21),Off,IPv4,file_transfer,1534.8,145.8,64.7,0.84,166.2,Strong,0.6
TRN04250,Tunnel,DES,modp4096(16),On,IPv4,voip,106.8,47.8,32.0,0.22,101.3,Medium,4.2
TRN03148,Transport,AES-256,modp8192(21),Off,IPv4,email,359.2,1.4,0.5,0.24,239.1,Strong,1.0
TRN08131,Tunnel,3DES,modp1024(2),On,IPv6,email,419.7,9.9,2.3,0.33,185.4,Weak,7.5
TRN07005,Tunnel,AES-256,modp4096(16),On,IPv4,voip,132.8,43.5,26.0,0.17,113.0,Strong,2.0
TRN00581,Transport,AES-192,modp1024(2),Off,IPv6,dns_query,98.4,2.2,0.9,0.11,184.2,Weak,7.0
TRN04071,Transport,3DES,modp6144(17),On,IPv4,voip,135.1,43.1,0.5,0.23,84.8,Medium,4.5
TRN03344,Tunnel,AES-192,modp2048(14),On,IPv6,voip,113.0,41.3,0.5,0.21,140.9,Medium,5.3
TRN07405,Transport,AES-256-GCM,modp2048(14),Off,IPv6,dns_query,95.8,2.2,1.5,0.16,208.4,Strong,1.1
TRN03673,Transport,AES-256,modp1024(2),On,IPv4,voip,110.6,20.9,0.5,0.2,99.1,Medium,6.7
TRN00560,Tunnel,AES-256-GCM,modp4096(16),Off,IPv4,video_streaming,1196.3,102.7,39.1,0.64,157.9,Strong,1.5
TRN05238,Transport,AES-256-GCM,modp6144(17),Off,IPv4,whatsapp_msg,103.1,7.8,0.5,0.24,54.8,Strong,3.3
TRN07806,Tunnel,AES-256-GCM,modp3072(15),Off,IPv4,whatsapp_msg,102.8,7.0,5.4,0.22,181.3,Strong,1.0
TRN00513,Tunnel,AES-256-GCM,modp1536(5),Off,IPv4,icmp,45.7,1.8,17.8,0.1,60.4,Medium,4.3
TRN01082,Transport,AES-256-GCM,modp768(1),Off,IPv4,whatsapp_msg,86.7,3.9,2.5,0.2,182.7,Weak,8.6
TRN01665,Tunnel,AES-192,modp768(1),Off,IPv4,web_browsing,564.4,23.6,0.5,0.48,223.9,Weak,9.0
TRN01932,Tunnel,AES-256,modp3072(15),Off,IPv6,email,604.6,11.0,13.2,0.26,142.8,Strong,2.8
TRN08697,Transport,AES-256-GCM,modp1024(2),On,IPv4,dns_query,77.8,4.5,1.3,0.13,114.0,Medium,3.6
TRN01151,Tunnel,AES-192,modp2048(14),Off,IPv6,email,539.1,4.0,19.0,0.44,201.2,Medium,6.4
TRN02839,Tunnel,AES-256-GCM,modp4096(16),On,IPv4,dns_query,65.6,1.8,0.5,0.09,222.2,Strong,2.5
TRN05950,Tunnel,AES-256,modp8192(21),Off,IPv6,file_transfer,1454.5,79.4,31.8,0.8,153.7,Strong,0.8
TRN08309,Tunnel,3DES,modp6144(17),On,IPv6,video_streaming,1157.1,81.3,0.5,0.72,185.0,Medium,4.1
TRN05178,Tunnel,AES-192,modp8192(21),On,IPv4,file_transfer,1433.7,115.5,342.9,0.81,191.0,Strong,2.9
TRN00831,Tunnel,AES-256-GCM,modp6144(17),Off,IPv4,email,295.6,8.0,5.2,0.43,164.5,Strong,1.7
TRN08312,Transport,AES-128,modp2048(14),Off,IPv6,email,693.1,7.8,0.5,0.51,197.8,Medium,4.0
TRN04753,Tunnel,DES,modp2048(14),On,IPv4,web_browsing,384.7,18.9,0.5,0.34,174.3,Weak,8.6
TRN08747,Tunnel,AES-192,modp3072(15),Off,IPv4,voip,132.3,47.5,43.1,0.23,148.2,Medium,4.8
TRN00636,Transport,AES-192,modp1024(2),On,IPv6,email,555.7,12.2,7.4,0.27,146.8,Medium,6.0
TRN04466,Transport,AES-256-GCM,modp768(1),Off,IPv4,file_transfer,1452.0,119.8,86.2,0.71,198.4,Medium,5.0
TRN06800,Tunnel,DES,modp6144(17),On,IPv4,voip,123.5,29.7,0.5,0.25,133.8,Medium,4.2
TRN07988,Tunnel,AES-256,modp4096(16),Off,IPv6,voip,86.4,38.0,345.5,0.13,108.2,Strong,1.9
TRN07080,Tunnel,AES-256,modp6144(17),On,IPv6,email,593.9,10.3,15.6,0.42,98.2,Strong,1.8
TRN06967,Transport,3DES,modp2048(14),Off,IPv6,dns_query,74.2,2.6,5.4,0.1,116.2,Weak,8.4
TRN04143,Transport,AES-256-GCM,modp6144(17),Off,IPv6,email,579.6,10.1,12.8,0.45,213.9,Strong,1.9
TRN07028,Tunnel,AES-256,modp8192(21),Off,IPv4,dns_query,66.5,3.5,0.5,0.11,102.1,Strong,1.1
TRN00877,Transport,AES-192,modp4096(16),On,IPv4,web_browsing,453.3,11.1,0.5,0.41,180.6,Strong,1.0
TRN04870,Tunnel,DES,modp1024(2),On,IPv6,icmp,68.2,2.6,20.3,0.05,127.2,Weak,7.6
TRN05316,Transport,AES-128,modp768(1),On,IPv6,dns_query,59.5,3.2,0.5,0.12,160.9,Weak,9.4
TRN05223,Transport,AES-256-GCM,modp1536(5),On,IPv4,file_transfer,1403.9,130.5,0.5,0.79,148.6,Medium,5.6
TRN00005,Transport,AES-192,modp768(1),Off,IPv4,file_transfer,1352.9,119.8,0.5,0.67,212.4,Weak,8.3
TRN03052,Transport,3DES,modp6144(17),Off,IPv4,voip,116.3,37.1,216.0,0.12,146.8,Medium,5.6
TRN05692,Tunnel,AES-256,modp8192(21),Off,IPv6,voip,105.0,44.8,85.1,0.22,123.5,Strong,2.5
TRN03125,Tunnel,AES-256,modp768(1),Off,IPv6,email,458.4,8.5,6.4,0.43,141.9,Weak,9.0
TRN02492,Transport,AES-128,modp3072(15),Off,IPv6,whatsapp_msg,239.7,6.1,10.9,0.37,147.9,Medium,4.1
TRN03855,Tunnel,AES-128,modp2048(14),Off,IPv4,web_browsing,294.8,19.7,0.5,0.55,169.4,Medium,4.7
TRN04778,Transport,AES-256,modp768(1),On,IPv6,voip,100.9,64.0,259.1,0.16,160.4,Medium,6.4
TRN07510,Tunnel,AES-192,modp2048(14),Off,IPv6,icmp,58.3,1.7,0.5,0.04,145.3,Medium,5.1
TRN06458,Tunnel,AES-192,modp768(1),On,IPv4,whatsapp_msg,128.0,4.0,11.9,0.25,152.9,Weak,7.4
TRN06294,Tunnel,3DES,modp768(1),On,IPv4,voip,104.2,41.1,0.5,0.13,210.4,Weak,9.0
TRN01149,Transport,DES,modp3072(15),Off,IPv4,whatsapp_msg,161.9,5.8,0.5,0.19,75.4,Weak,6.9
TRN00575,Tunnel,DES,modp2048(14),Off,IPv4,file_transfer,1362.8,138.4,0.5,0.8,146.2,Weak,8.9
TRN03770,Tunnel,AES-192,modp768(1),Off,IPv6,web_browsing,418.7,14.4,11.3,0.57,128.5,Weak,7.9
TRN04147,Transport,AES-256-GCM,modp1536(5),On,IPv6,whatsapp_msg,178.7,1.6,10.6,0.41,142.5,Medium,3.4
TRN00854,Transport,DES,modp6144(17),On,IPv4,email,481.0,9.2,28.7,0.33,155.6,Medium,6.2
TRN05920,Tunnel,AES-256-GCM,modp1024(2),On,IPv6,voip,151.4,52.3,60.7,0.2,160.3,Medium,2.7
TRN06615,Tunnel,AES-256-GCM,modp1536(5),On,IPv4,email,542.3,6.8,0.5,0.31,105.2,Medium,5.7
TRN06003,Tunnel,AES-128,modp8192(21),Off,IPv6,file_transfer,1359.7,123.0,36.7,0.84,115.2,Strong,1.5
TRN04496,Tunnel,AES-256,modp1024(2),On,IPv6,web_browsing,510.7,11.2,30.1,0.56,174.2,Medium,4.8
TRN08174,Tunnel,AES-256,modp4096(16),On,IPv6,whatsapp_msg,115.0,4.8,0.5,0.29,188.5,Strong,0.7
TRN06656,Tunnel,AES-128,modp2048(14),On,IPv6,file_transfer,1408.0,99.5,96.1,0.92,159.1,Medium,4.9
TRN02369,Tunnel,DES,modp6144(17),Off,IPv6,email,564.1,6.9,0.5,0.26,191.0,Medium,5.5
TRN04781,Transport,DES,modp768(1),Off,IPv6,voip,120.0,46.8,0.5,0.25,142.1,Weak,8.8
TRN07993,Tunnel,AES-256,modp6144(17),Off,IPv6,dns_query,93.8,1.5,3.6,0.07,253.7,Strong,3.2
TRN02951,Tunnel,DES,modp768(1),Off,IPv6,file_transfer,1378.6,128.7,303.2,0.92,91.1,Weak,7.9
TRN05626,Transport,AES-128,modp4096(16),On,IPv4,icmp,56.2,1.2,0.5,0.01,225.4,Medium,4.3
TRN06972,Transport,AES-256,modp4096(16),On,IPv4,web_browsing,413.4,12.2,11.5,0.71,217.3,Strong,1.0
TRN01842,Tunnel,DES,modp4096(16),Off,IPv4,dns_query,68.4,3.0,3.5,0.09,193.3,Weak,8.6
TRN05987,Transport,AES-256-GCM,modp1536(5),On,IPv4,voip,114.7,56.2,0.5,0.22,118.7,Medium,5.9
TRN00538,Tunnel,DES,modp2048(14),Off,IPv4,video_streaming,1305.2,76.8,805.0,0.73,63.0,Weak,8.6
TRN02807,Transport,AES-256,modp1536(5),On,IPv6,web_browsing,254.6,22.0,5.1,0.29,163.8,Medium,4.6
TRN05802,Transport,DES,modp3072(15),Off,IPv6,web_browsing,693.5,6.5,32.6,0.79,111.6,Weak,7.6
TRN05597,Transport,AES-192,modp4096(16),On,IPv6,icmp,64.6,2.2,0.5,0.06,99.6,Strong,1.9
TRN07207,Transport,AES-128,modp1536(5),Off,IPv6,email,830.8,6.6,0.5,0.41,168.3,Weak,9.6
TRN07344,Tunnel,AES-256-GCM,modp8192(21),On,IPv4,email,769.4,14.5,0.5,0.21,241.2,Strong,1.7
TRN07561,Transport,AES-256,modp1536(5),Off,IPv4,voip,111.2,47.2,0.5,0.23,192.7,Medium,4.4
TRN08097,Transport,AES-128,modp8192(21),Off,IPv6,file_transfer,1427.9,133.2,168.0,0.78,176.7,Strong,2.3
TRN00785,Transport,AES-256,modp4096(16),On,IPv4,web_browsing,129.6,19.2,0.5,0.54,100.5,Strong,3.2
TRN01410,Transport,AES-256-GCM,modp2048(14),Off,IPv4,web_browsing,444.5,15.7,42.6,0.64,175.1,Strong,0.3
TRN00155,Transport,AES-192,modp1536(5),Off,IPv4,icmp,57.3,1.8,0.5,0.03,221.8,Weak,7.5
TRN07807,Transport,AES-256-GCM,modp8192(21),On,IPv6,icmp,68.2,2.0,13.4,0.06,217.0,Strong,0.3
TRN03010,Tunnel,AES-192,modp8192(21),On,IPv6,email,728.3,7.6,0.5,0.35,175.7,Strong,0.7
TRN01687,Tunnel,AES-192,modp4096(16),Off,IPv4,icmp,59.4,2.0,0.5,0.09,189.8,Strong,3.3
TRN04015,Tunnel,AES-192,modp3072(15),Off,IPv6,email,452.2,3.6,6.6,0.3,300.5,Medium,3.6
TRN07456,Tunnel,3DES,modp8192(21),Off,IPv6,email,445.2,1.8,18.0,0.15,140.9,Medium,5.8
TRN03864,Transport,DES,modp8192(21),Off,IPv6,video_streaming,1211.8,105.5,0.5,0.52,117.6,Medium,3.4
TRN02734,Transport,AES-192,modp6144(17),Off,IPv6,video_streaming,1030.6,87.3,0.5,0.5,187.2,Strong,1.8
TRN01896,Transport,AES-256-GCM,modp1536(5),Off,IPv4,email,646.2,8.3,7.1,0.32,108.0,Medium,4.5
TRN05443,Tunnel,AES-256,modp6144(17),Off,IPv6,icmp,60.3,2.5,0.5,0.08,113.1,Strong,0.3
TRN00570,Tunnel,DES,modp1024(2),Off,IPv6,web_browsing,395.1,12.5,41.4,0.52,138.6,Weak,8.0
TRN06710,Tunnel,AES-128,modp1024(2),Off,IPv4,icmp,44.9,2.0,0.5,0.04,124.3,Weak,7.5
TRN05855,Tunnel,AES-256,modp3072(15),On,IPv6,video_streaming,1418.0,104.1,0.5,0.63,165.8,Strong,2.5
TRN01817,Transport,AES-128,modp1024(2),On,IPv6,whatsapp_msg,150.8,7.8,1.3,0.25,187.3,Weak,9.3
TRN08320,Tunnel,3DES,modp3072(15),On,IPv4,whatsapp_msg,206.0,6.9,8.6,0.15,119.1,Medium,4.1
TRN03395,Tunnel,AES-192,modp1024(2),Off,IPv4,file_transfer,1370.4,121.9,0.5,0.83,224.9,Weak,9.5
TRN03328,Tunnel,DES,modp768(1),On,IPv4,dns_query,82.1,4.1,4.8,0.11,123.3,Weak,6.8
TRN08983,Tunnel,AES-256-GCM,modp1024(2),Off,IPv4,video_streaming,1160.0,56.5,0.5,0.6,142.3,Medium,7.1
TRN06103,Transport,DES,modp4096(16),On,IPv4,email,739.7,7.4,0.5,0.13,180.0,Medium,6.0
TRN02976,Tunnel,3DES,modp6144(17),On,IPv6,email,404.7,4.0,5.2,0.44,123.7,Medium,5.9
TRN00981,Tunnel,AES-256,modp4096(16),On,IPv6,email,40.0,4.7,11.3,0.26,149.7,Strong,1.7
TRN00191,Tunnel,3DES,modp3072(15),On,IPv4,icmp,61.5,2.0,0.5,0.04,210.0,Medium,5.0
TRN05089,Transport,AES-128,modp3072(15),On,IPv6,email,413.0,3.4,8.9,0.44,68.2,Medium,6.5
TRN00700,Tunnel,AES-192,modp1024(2),On,IPv4,icmp,70.7,2.2,4.5,0.06,41.0,Medium,4.7
TRN08781,Tunnel,AES-256-GCM,modp3072(15),On,IPv6,icmp,67.6,1.2,12.1,0.05,66.8,Strong,3.2
TRN00607,Tunnel,3DES,modp6144(17),Off,IPv4,whatsapp_msg,143.2,4.1,0.5,0.19,129.2,Medium,6.0
TRN00302,Transport,AES-128,modp768(1),Off,IPv6,video_streaming,936.9,105.1,0.5,0.66,26.1,Weak,10.0
TRN03421,Tunnel,AES-256,modp6144(17),Off,IPv4,voip,150.2,50.2,726.3,0.19,92.1,Strong,1.1
TRN08822,Tunnel,AES-256-GCM,modp6144(17),On,IPv4,voip,119.6,38.5,141.7,0.2,216.7,Strong,2.7
TRN01061,Tunnel,3DES,modp3072(15),Off,IPv6,dns_query,79.9,4.0,4.3,0.11,96.9,Medium,3.3
TRN03445,Transport,DES,modp1024(2),Off,IPv4,email,574.6,8.1,19.9,0.35,187.7,Weak,9.2
TRN01070,Tunnel,DES,modp768(1),On,IPv6,whatsapp_msg,194.4,6.9,13.3,0.26,136.1,Weak,6.9
TRN02206,Tunnel,DES,modp4096(16),On,IPv4,dns_query,85.5,3.6,0.5,0.09,194.1,Medium,5.8
TRN07340,Tunnel,AES-256,modp4096(16),On,IPv6,video_streaming,1159.2,70.5,18.0,0.53,141.6,Strong,0.4
TRN08209,Transport,3DES,modp768(1),On,IPv4,whatsapp_msg,96.6,5.8,0.5,0.24,70.0,Weak,9.1
TRN07680,Tunnel,AES-192,modp3072(15),On,IPv4,voip,93.1,48.7,0.5,0.3,164.4,Medium,5.5
TRN04643,Tunnel,3DES,modp2048(14),On,IPv4,icmp,60.6,2.2,0.5,0.09,109.1,Weak,9.4
TRN07684,Transport,AES-128,modp6144(17),Off,IPv6,web_browsing,455.4,18.6,0.5,0.43,212.2,Medium,6.1
TRN07997,Tunnel,AES-128,modp3072(15),On,IPv6,icmp,44.9,2.9,0.5,0.03,154.3,Medium,3.3
TRN05601,Tunnel,AES-128,modp4096(16),Off,IPv6,file_transfer,1351.0,145.7,0.5,0.94,105.2,Medium,3.6
TRN07023,Tunnel,AES-256-GCM,modp2048(14),On,IPv6,web_browsing,437.7,11.5,0.5,0.57,101.8,Strong,1.5
TRN04894,Tunnel,3DES,modp3072(15),On,IPv4,web_browsing,530.8,19.3,41.3,0.33,191.1,Medium,4.1
TRN00226,Tunnel,AES-192,modp8192(21),On,IPv6,file_transfer,1513.1,174.8,0.5,0.66,107.8,Strong,1.0
TRN03355,Transport,DES,modp8192(21),On,IPv4,icmp,71.8,2.5,1.5,0.05,199.6,Medium,3.3
TRN05896,Tunnel,DES,modp768(1),On,IPv4,icmp,70.5,1.0,0.5,0.05,208.5,Weak,6.6
TRN03437,Transport,AES-128,modp4096(16),On,IPv6,web_browsing,527.7,20.8,13.9,0.54,179.1,Medium,4.7
TRN01694,Tunnel,DES,modp1536(5),Off,IPv6,web_browsing,481.7,21.0,65.5,0.45,152.4,Weak,9.1
TRN06894,Tunnel,DES,modp8192(21),Off,IPv6,voip,110.8,58.6,0.5,0.22,164.3,Medium,3.6
TRN01046,Transport,AES-128,modp3072(15),On,IPv4,video_streaming,1381.0,55.2,938.1,0.58,133.7,Medium,4.2
TRN03447,Tunnel,AES-128,modp2048(14),On,IPv4,file_transfer,1502.6,138.0,438.6,0.84,144.2,Medium,3.2
TRN08051,Transport,DES,modp6144(17),Off,IPv6,email,932.1,10.3,7.9,0.29,48.5,Medium,2.7
TRN08982,Transport,DES,modp768(1),On,IPv6,file_transfer,1418.0,150.4,375.5,0.76,102.2,Weak,7.6
TRN04736,Tunnel,AES-256,modp1536(5),Off,IPv6,whatsapp_msg,128.6,5.9,0.5,0.21,159.2,Medium,5.8
TRN04497,Transport,AES-256,modp6144(17),Off,IPv6,icmp,73.4,2.5,13.0,0.05,79.7,Strong,0.3
TRN01219,Transport,DES,modp2048(14),Off,IPv6,video_streaming,1197.8,88.9,693.0,0.54,101.3,Weak,7.5
TRN06016,Tunnel,AES-256-GCM,modp4096(16),On,IPv6,video_streaming,1234.2,90.0,0.5,0.64,139.8,Strong,0.4
TRN03988,Transport,AES-256,modp768(1),On,IPv4,video_streaming,1065.7,113.1,1118.4,0.6,167.4,Weak,8.3
TRN04912,Transport,AES-256-GCM,modp1536(5),On,IPv4,icmp,70.0,2.0,0.6,0.06,161.9,Medium,3.9
TRN04494,Transport,3DES,modp3072(15),On,IPv4,dns_query,80.6,3.1,1.4,0.1,175.7,Medium,3.8
TRN06945,Tunnel,AES-192,modp3072(15),Off,IPv4,icmp,73.1,2.0,12.5,0.06,104.1,Medium,5.7
TRN05700,Tunnel,3DES,modp4096(16),On,IPv6,email,447.4,11.8,42.3,0.31,139.4,Medium,6.0
TRN08353,Transport,AES-256-GCM,modp8192(21),On,IPv6,voip,60.9,53.3,0.5,0.19,96.2,Strong,1.5
TRN00957,Transport,DES,modp4096(16),Off,IPv6,email,530.8,10.3,1.8,0.4,161.0,Medium,5.9
TRN02870,Transport,AES-128,modp3072(15),Off,IPv6,video_streaming,1307.1,96.7,0.5,0.59,87.6,Medium,3.2
TRN04434,Transport,3DES,modp6144(17),Off,IPv6,file_transfer,1417.2,105.6,0.5,0.99,152.8,Medium,5.9
TRN04974,Tunnel,AES-128,modp3072(15),Off,IPv6,icmp,73.8,1.9,0.5,0.04,112.6,Medium,6.3
TRN02962,Tunnel,3DES,modp2048(14),On,IPv6,voip,129.8,45.9,369.4,0.17,169.0,Weak,8.2
TRN02201,Tunnel,DES,modp8192(21),Off,IPv4,icmp,72.3,1.9,0.5,0.07,154.5,Medium,4.6
TRN00099,Tunnel,3DES,modp1536(5),Off,IPv4,file_transfer,1499.9,114.0,241.2,0.84,76.8,Weak,7.9
TRN08864,Tunnel,AES-256,modp1536(5),Off,IPv4,icmp,67.3,1.5,0.5,0.05,193.5,Medium,5.7
TRN02558,Transport,DES,modp6144(17),On,IPv6,dns_query,97.7,4.4,1.5,0.09,165.4,Medium,5.9
TRN08446,Transport,AES-128,modp3072(15),Off,IPv4,voip,90.3,52.2,450.2,0.18,145.7,Medium,6.2
TRN04200,Tunnel,DES,modp768(1),On,IPv6,web_browsing,343.1,10.4,45.7,0.3,148.0,Weak,9.1
TRN05540,Tunnel,AES-128,modp768(1),On,IPv4,file_transfer,1363.2,127.5,264.9,0.59,240.2,Weak,8.7
TRN01649,Tunnel,AES-192,modp4096(16),On,IPv4,dns_query,88.9,2.4,0.7,0.08,129.5,Strong,1.6
TRN06198,Transport,3DES,modp8192(21),Off,IPv4,video_streaming,1008.8,98.2,138.3,0.77,122.4,Strong,0.3
TRN06296,Transport,AES-256,modp8192(21),On,IPv4,dns_query,89.0,2.3,0.5,0.07,203.0,Strong,2.5
TRN04500,Transport,AES-192,modp6144(17),On,IPv6,voip,104.0,61.4,167.4,0.26,203.7,Strong,0.3
TRN01155,Tunnel,AES-192,modp6144(17),Off,IPv4,video_streaming,1185.0,94.5,0.5,0.66,104.5,Strong,2.5
TRN02256,Transport,DES,modp768(1),Off,IPv6,voip,117.2,45.1,0.5,0.2,146.8,Weak,8.3
TRN03171,Transport,DES,modp1024(2),Off,IPv4,video_streaming,1142.2,93.6,220.3,0.6,132.2,Weak,8.9
TRN07401,Transport,AES-128,modp3072(15),Off,IPv6,video_streaming,1400.6,83.4,588.7,0.36,92.2,Medium,6.3
TRN07159,Tunnel,DES,modp1024(2),Off,IPv4,email,548.5,7.7,0.5,0.22,159.4,Weak,9.3
TRN03109,Tunnel,AES-256-GCM,modp8192(21),Off,IPv4,web_browsing,696.6,12.9,36.6,0.55,105.8,Strong,0.3
TRN04549,Tunnel,AES-192,modp1024(2),Off,IPv4,dns_query,70.2,2.9,2.1,0.16,164.3,Weak,8.8
TRN05424,Tunnel,AES-128,modp6144(17),On,IPv6,icmp,63.7,1.7,17.9,0.08,130.1,Strong,1.8
TRN02050,Transport,AES-256,modp3072(15),Off,IPv6,file_transfer,1356.6,108.2,0.5,0.88,183.2,Strong,3.5
TRN08815,Tunnel,DES,modp768(1),On,IPv6,voip,99.6,55.4,0.5,0.22,257.4,Weak,7.9
TRN00263,Transport,3DES,modp1024(2),Off,IPv4,icmp,45.4,2.7,0.5,0.07,119.5,Weak,8.4
TRN04062,Transport,AES-256-GCM,modp3072(15),On,IPv4,file_transfer,1355.1,118.3,103.6,0.79,183.4,Strong,0.3
TRN05535,Tunnel,AES-192,modp4096(16),On,IPv6,icmp,71.3,2.1,0.5,0.02,159.8,Strong,1.7
TRN06617,Transport,DES,modp1024(2),On,IPv4,web_browsing,519.7,8.3,51.7,0.36,192.6,Weak,8.0
TRN08121,Tunnel,AES-128,modp4096(16),On,IPv6,whatsapp_msg,140.8,7.4,0.5,0.16,100.2,Strong,3.0
TRN08156,Tunnel,AES-256,modp1024(2),Off,IPv4,file_transfer,1344.7,123.4,77.8,0.67,100.4,Weak,9.2
TRN01803,Tunnel,DES,modp2048(14),On,IPv6,icmp,61.6,1.5,0.5,0.04,211.9,Weak,8.2
TRN04737,Tunnel,AES-256-GCM,modp6144(17),Off,IPv6,file_transfer,1433.6,105.5,109.0,0.83,80.3,Strong,3.3
TRN02386,Transport,AES-256,modp1024(2),On,IPv4,email,494.9,5.7,0.5,0.27,114.8,Medium,5.4
TRN06695,Transport,AES-256,modp768(1),On,IPv6,web_browsing,444.3,7.8,30.7,0.43,114.0,Weak,9.5
TRN05760,Transport,AES-256,modp4096(16),Off,IPv4,dns_query,75.4,4.2,0.5,0.1,112.3,Strong,1.6
TRN01960,Tunnel,DES,modp2048(14),Off,IPv4,web_browsing,386.4,26.4,0.5,0.31,242.4,Weak,9.2
TRN02977,Tunnel,AES-256-GCM,modp1536(5),Off,IPv4,voip,87.7,42.6,0.5,0.15,140.1,Medium,4.6
TRN08681,Tunnel,AES-256,modp6144(17),Off,IPv6,dns_query,92.3,2.4,0.7,0.12,216.3,Strong,1.3
TRN01844,Tunnel,AES-128,modp2048(14),On,IPv4,icmp,63.9,2.0,8.4,0.07,148.9,Medium,5.4
TRN01735,Tunnel,DES,modp6144(17),Off,IPv4,web_browsing,284.4,18.5,27.7,0.71,88.6,Medium,3.6
TRN02912,Transport,3DES,modp768(1),On,IPv4,video_streaming,1062.2,69.0,0.5,0.59,134.1,Weak,8.2
TRN08339,Transport,DES,modp768(1),On,IPv4,icmp,81.6,1.8,7.1,0.05,151.4,Weak,9.7
TRN01987,Tunnel,3DES,modp4096(16),On,IPv4,email,625.1,10.5,0.5,0.36,112.2,Medium,4.9
TRN06547,Tunnel,DES,modp3072(15),Off,IPv4,dns_query,75.7,4.4,2.0,0.11,175.1,Weak,9.7
TRN07099,Tunnel,AES-128,modp1024(2),On,IPv6,file_transfer,1356.4,150.6,0.5,0.78,177.1,Weak,8.1
TRN02812,Transport,AES-256,modp4096(16),On,IPv6,dns_query,67.1,2.9,0.5,0.12,132.0,Strong,1.9
TRN00660,Tunnel,AES-128,modp768(1),Off,IPv4,icmp,59.5,1.3,6.7,0.06,129.4,Weak,8.0
TRN02512,Transport,AES-256,modp2048(14),Off,IPv4,video_streaming,1222.8,64.3,0.5,0.75,148.0,Medium,6.8
TRN04283,Transport,AES-128,modp4096(16),Off,IPv6,icmp,54.0,1.8,0.5,0.05,142.4,Medium,5.3
TRN08801,Tunnel,AES-256-GCM,modp768(1),On,IPv6,whatsapp_msg,110.8,6.4,14.5,0.42,155.4,Medium,5.8
TRN06288,Transport,AES-128,modp4096(16),On,IPv4,icmp,68.3,1.2,0.5,0.08,57.1,Strong,3.1
TRN01931,Tunnel,AES-256,modp3072(15),Off,IPv4,whatsapp_msg,181.8,3.4,6.0,0.38,222.5,Strong,1.1
TRN07126,Tunnel,AES-192,modp4096(16),Off,IPv4,video_streaming,1253.3,63.5,0.5,0.64,138.2,Medium,4.4
TRN00198,Tunnel,AES-256-GCM,modp3072(15),On,IPv6,icmp,60.4,2.2,13.1,0.06,152.8,Strong,1.3
TRN07778,Tunnel,AES-128,modp6144(17),On,IPv4,whatsapp_msg,180.8,6.2,7.2,0.28,112.9,Strong,2.0
TRN02932,Transport,AES-192,modp1536(5),Off,IPv4,whatsapp_msg,177.7,6.1,16.6,0.26,120.8,Weak,6.8
TRN08005,Tunnel,3DES,modp768(1),On,IPv6,dns_query,84.9,3.2,3.0,0.11,111.3,Weak,9.1
TRN02328,Transport,AES-256,modp4096(16),On,IPv6,voip,128.8,52.9,0.5,0.16,160.1,Strong,1.9
TRN04390,Tunnel,AES-256,modp768(1),On,IPv4,icmp,72.9,1.7,7.8,0.08,151.8,Medium,4.6
TRN04219,Tunnel,AES-256,modp1024(2),On,IPv6,email,478.5,10.4,0.5,0.26,148.7,Medium,5.6
TRN00203,Transport,AES-256,modp768(1),On,IPv6,voip,114.3,59.5,0.5,0.14,61.5,Medium,6.2
TRN03511,Tunnel,AES-256,modp4096(16),On,IPv4,web_browsing,363.4,22.8,48.8,0.46,123.9,Strong,2.0
TRN04932,Transport,AES-256-GCM,modp4096(16),On,IPv6,voip,155.4,49.8,0.5,0.16,154.9,Strong,2.5
TRN05536,Tunnel,AES-256-GCM,modp2048(14),On,IPv6,web_browsing,300.8,22.2,0.5,0.7,166.8,Strong,1.8
TRN05792,Transport,AES-256-GCM,modp3072(15),On,IPv4,file_transfer,1413.2,146.9,0.5,0.77,149.8,Strong,0.4
TRN01708,Transport,AES-192,modp3072(15),On,IPv6,file_transfer,1454.5,113.8,0.5,0.74,156.6,Strong,3.1
TRN05173,Transport,AES-192,modp4096(16),On,IPv6,web_browsing,410.7,19.5,0.5,0.8,171.7,Strong,0.6
TRN05250,Transport,3DES,modp3072(15),Off,IPv4,web_browsing,548.7,4.9,0.5,0.42,223.5,Weak,8.7
TRN06529,Tunnel,3DES,modp768(1),Off,IPv6,web_browsing,195.3,10.8,43.6,0.38,200.7,Weak,7.8
TRN08863,Transport,AES-192,modp768(1),Off,IPv4,web_browsing,525.7,10.6,10.5,0.56,84.7,Weak,7.7
TRN05856,Tunnel,AES-256,modp8192(21),Off,IPv4,icmp,62.8,2.2,4.5,0.08,181.1,Strong,0.5
TRN08165,Transport,AES-256-GCM,modp8192(21),Off,IPv4,email,550.1,2.4,12.6,0.13,166.5,Strong,0.4
TRN00855,Tunnel,3DES,modp1024(2),Off,IPv4,email,1011.3,6.0,29.1,0.39,174.0,Weak,7.9
TRN04738,Transport,AES-128,modp4096(16),Off,IPv4,file_transfer,1416.5,122.0,304.8,0.87,109.5,Medium,5.2
TRN00699,Tunnel,AES-128,modp1536(5),On,IPv6,web_browsing,477.0,26.4,0.5,0.68,220.1,Medium,3.0
TRN03697,Transport,DES,modp3072(15),Off,IPv4,file_transfer,1431.5,94.6,253.3,0.64,228.4,Weak,9.4
TRN01637,Tunnel,AES-256,modp768(1),On,IPv4,web_browsing,400.5,14.0,0.5,0.56,163.4,Weak,7.8
TRN07281,Transport,AES-128,modp1024(2),Off,IPv4,dns_query,90.4,2.6,1.2,0.12,168.7,Weak,8.6
TRN07555,Transport,3DES,modp4096(16),On,IPv6,file_transfer,1399.7,100.4,78.6,0.7,240.5,Medium,3.6
TRN03582,Tunnel,AES-128,modp768(1),Off,IPv4,file_transfer,1391.3,111.2,74.6,0.74,122.7,Weak,10.0
TRN01292,Transport,3DES,modp1024(2),Off,IPv4,icmp,62.3,1.0,4.3,0.08,190.2,Weak,8.4
TRN06586,Transport,DES,modp4096(16),On,IPv4,file_transfer,1491.9,116.2,0.5,0.85,164.8,Medium,6.4
TRN01854,Tunnel,AES-192,modp8192(21),Off,IPv6,icmp,52.0,2.3,6.5,0.07,228.1,Strong,1.6
TRN05233,Tunnel,AES-128,modp1024(2),On,IPv4,whatsapp_msg,199.0,4.5,0.5,0.23,161.5,Weak,5.9
TRN03764,Tunnel,3DES,modp1024(2),On,IPv6,voip,105.1,46.6,0.5,0.23,208.9,Weak,9.2
TRN03305,Transport,AES-192,modp1024(2),On,IPv6,file_transfer,1448.1,122.5,88.3,0.75,164.4,Weak,8.7
TRN01496,Tunnel,AES-256-GCM,modp2048(14),On,IPv6,dns_query,97.1,2.4,0.5,0.1,237.1,Strong,3.1
TRN07995,Transport,3DES,modp2048(14),Off,IPv6,icmp,71.2,2.7,0.5,0.08,69.1,Weak,10.0
TRN01999,Tunnel,DES,modp768(1),Off,IPv6,dns_query,94.5,3.7,2.0,0.11,97.6,Weak,7.6
TRN00664,Tunnel,AES-256-GCM,modp6144(17),On,IPv4,voip,87.1,52.1,0.5,0.15,190.2,Strong,1.6
TRN03749,Transport,AES-256,modp6144(17),On,IPv4,whatsapp_msg,159.0,9.5,0.5,0.16,180.2,Strong,1.6
TRN04414,Tunnel,AES-256-GCM,modp3072(15),Off,IPv6,web_browsing,314.2,8.8,35.4,0.42,128.8,Strong,0.9
TRN05531,Tunnel,3DES,modp768(1),Off,IPv6,dns_query,76.5,1.4,0.5,0.14,173.7,Weak,8.4
TRN05576,Tunnel,AES-128,modp768(1),Off,IPv4,video_streaming,1048.8,63.0,0.5,0.62,238.0,Weak,7.4
TRN07527,Transport,AES-128,modp1024(2),Off,IPv6,file_transfer,1411.1,121.4,234.2,0.85,196.0,Weak,7.8
TRN05865,Tunnel,AES-128,modp6144(17),On,IPv4,whatsapp_msg,95.8,3.9,3.1,0.19,170.3,Strong,0.5
TRN06777,Tunnel,AES-256-GCM,modp1024(2),On,IPv6,file_transfer,1351.9,112.1,73.9,0.79,162.2,Medium,6.3
TRN01307,Tunnel,AES-256,modp4096(16),Off,IPv4,file_transfer,1405.5,79.6,292.7,0.5,151.8,Strong,2.4
TRN07393,Transport,DES,modp1024(2),On,IPv6,email,598.6,11.8,15.0,0.26,110.3,Weak,8.3
TRN05593,Tunnel,3DES,modp2048(14),On,IPv4,icmp,58.7,1.1,0.5,0.03,134.5,Weak,8.4
TRN01664,Transport,AES-256,modp3072(15),Off,IPv6,web_browsing,492.1,16.7,0.5,0.43,124.8,Strong,3.2
TRN05451,Transport,AES-256,modp1536(5),Off,IPv4,file_transfer,1369.8,151.2,105.4,0.82,170.2,Medium,4.0
TRN03628,Transport,AES-256-GCM,modp4096(16),On,IPv6,video_streaming,920.2,79.7,366.6,0.75,133.1,Strong,2.3
TRN02694,Tunnel,AES-256-GCM,modp768(1),Off,IPv4,email,531.5,11.4,0.5,0.25,160.3,Medium,4.7
TRN05916,Transport,AES-256,modp1024(2),On,IPv4,web_browsing,321.4,18.2,0.5,0.4,147.8,Medium,4.7
TRN03158,Transport,AES-192,modp6144(17),On,IPv4,dns_query,69.1,4.1,0.6,0.06,133.9,Strong,1.5
TRN06669,Tunnel,AES-256-GCM,modp768(1),Off,IPv6,whatsapp_msg,101.6,7.6,0.5,0.3,85.3,Medium,5.6
TRN01060,Transport,3DES,modp8192(21),Off,IPv4,whatsapp_msg,98.2,7.0,12.2,0.25,66.9,Medium,5.0
TRN04637,Tunnel,3DES,modp1536(5),Off,IPv6,email,629.4,7.7,16.2,0.33,193.3,Weak,6.5
TRN03243,Transport,AES-192,modp1024(2),On,IPv6,voip,176.8,48.5,0.5,0.14,138.9,Medium,4.2
TRN01679,Transport,AES-128,modp3072(15),On,IPv6,whatsapp_msg,148.9,7.5,0.5,0.3,159.8,Medium,5.0
TRN06893,Transport,AES-256-GCM,modp768(1),Off,IPv6,whatsapp_msg,104.8,5.6,0.5,0.26,193.7,Weak,8.5
TRN06375,Tunnel,AES-256,modp3072(15),Off,IPv4,email,634.9,9.8,9.0,0.4,74.0,Medium,4.2
TRN07575,Tunnel,3DES,modp6144(17),On,IPv4,icmp,57.3,2.1,0.5,0.07,147.9,Medium,2.6
TRN01758,Tunnel,AES-192,modp3072(15),Off,IPv4,dns_query,44.5,1.2,1.0,0.12,186.3,Medium,5.1
TRN06020,Tunnel,DES,modp1536(5),On,IPv6,voip,79.3,33.8,514.4,0.21,222.6,Weak,6.7
TRN05117,Transport,3DES,modp2048(14),Off,IPv4,email,258.5,10.2,4.2,0.2,146.4,Weak,8.3
TRN08756,Transport,AES-128,modp6144(17),On,IPv4,voip,143.2,39.7,755.2,0.18,177.2,Strong,0.9
TRN07409,Tunnel,AES-128,modp768(1),On,IPv6,icmp,73.6,2.4,12.7,0.05,175.7,Weak,9.2
TRN02791,Transport,AES-192,modp8192(21),On,IPv6,icmp,69.5,2.5,7.9,0.02,105.2,Strong,1.5
TRN00864,Tunnel,AES-192,modp1536(5),On,IPv4,whatsapp_msg,120.4,5.4,0.5,0.39,100.6,Medium,6.1
TRN07859,Transport,AES-256-GCM,modp768(1),Off,IPv4,web_browsing,509.4,15.4,9.3,0.45,209.9,Medium,5.7
TRN01485,Tunnel,AES-256,modp2048(14),Off,IPv6,whatsapp_msg,42.3,8.9,0.5,0.5,98.1,Medium,4.1
TRN07036,Tunnel,DES,modp8192(21),Off,IPv4,voip,113.0,51.2,670.2,0.22,21.4,Medium,4.4
TRN07722,Transport,AES-256,modp2048(14),Off,IPv6,file_transfer,1404.5,125.2,22.4,0.72,194.6,Medium,5.3
TRN05978,Tunnel,AES-192,modp768(1),On,IPv4,icmp,53.0,2.3,18.9,0.06,114.5,Weak,7.2
TRN05135,Transport,DES,modp3072(15),On,IPv4,voip,112.6,51.1,0.5,0.23,150.8,Weak,7.6
TRN00207,Tunnel,DES,modp4096(16),On,IPv4,web_browsing,298.8,10.3,32.5,0.17,199.3,Medium,5.6
TRN04489,Transport,3DES,modp768(1),On,IPv6,web_browsing,569.5,11.7,0.5,0.48,82.3,Weak,7.7
TRN06939,Tunnel,AES-256,modp768(1),On,IPv6,web_browsing,493.5,18.5,0.5,0.42,158.2,Weak,8.8
TRN06911,Transport,AES-256-GCM,modp4096(16),On,IPv4,file_transfer,1385.4,117.1,18.9,0.76,225.6,Strong,1.3
TRN00503,Tunnel,AES-256-GCM,modp1536(5),On,IPv6,video_streaming,1295.5,97.6,0.5,0.51,153.3,Medium,5.3
TRN07386,Tunnel,DES,modp2048(14),On,IPv4,web_browsing,211.5,10.5,22.9,0.76,119.9,Weak,8.1
TRN01029,Tunnel,AES-128,modp1024(2),Off,IPv6,icmp,59.8,1.8,12.8,0.01,162.8,Weak,9.5
TRN03841,Transport,AES-256,modp1024(2),Off,IPv4,voip,115.5,44.1,436.5,0.13,80.4,Medium,4.4
TRN08111,Transport,AES-192,modp2048(14),On,IPv6,web_browsing,363.9,19.7,37.6,0.56,144.6,Medium,5.7
TRN05057,Transport,DES,modp768(1),On,IPv4,file_transfer,1474.9,125.6,127.0,0.78,164.7,Weak,10.0
TRN08155,Transport,AES-192,modp1024(2),Off,IPv4,voip,101.7,42.9,148.8,0.18,173.6,Weak,8.3
TRN02732,Transport,DES,modp1536(5),On,IPv6,file_transfer,1457.1,99.8,0.5,0.8,177.1,Weak,8.9
TRN02455,Transport,3DES,modp768(1),Off,IPv6,icmp,57.1,2.6,12.8,0.05,124.3,Weak,8.3
TRN07216,Transport,AES-192,modp3072(15),Off,IPv6,web_browsing,464.6,17.5,1.1,0.59,137.4,Medium,7.0
TRN03105,Tunnel,AES-128,modp2048(14),Off,IPv6,whatsapp_msg,147.5,9.9,7.9,0.12,150.8,Medium,5.9
TRN08393,Tunnel,DES,modp6144(17),Off,IPv6,file_transfer,1461.9,117.0,323.2,0.81,253.3,Medium,5.7
TRN06279,Tunnel,AES-192,modp6144(17),On,IPv6,file_transfer,1452.4,123.6,269.4,0.89,87.8,Strong,0.3
TRN03100,Tunnel,AES-256,modp8192(21),Off,IPv4,video_streaming,1009.2,82.7,0.5,0.6,117.1,Strong,2.1
TRN06185,Tunnel,AES-128,modp2048(14),On,IPv6,whatsapp_msg,111.7,5.6,0.5,0.25,148.7,Medium,4.3
TRN03562,Tunnel,AES-128,modp8192(21),Off,IPv6,voip,169.8,51.4,0.5,0.19,73.7,Strong,2.5
TRN05893,Transport,AES-256,modp3072(15),Off,IPv4,dns_query,44.8,3.6,0.5,0.08,70.9,Medium,2.5
TRN00392,Tunnel,AES-256,modp3072(15),On,IPv6,email,632.9,12.8,7.8,0.19,129.6,Strong,0.4
TRN06737,Tunnel,DES,modp768(1),On,IPv6,file_transfer,1372.5,126.9,8.9,0.76,162.0,Weak,9.0
TRN05619,Tunnel,AES-256-GCM,modp2048(14),On,IPv4,whatsapp_msg,154.4,3.9,0.5,0.37,227.6,Strong,2.5
TRN05259,Transport,AES-256,modp4096(16),On,IPv6,icmp,69.7,2.4,0.5,0.05,119.9,Strong,0.9
TRN02696,Tunnel,DES,modp1024(2),On,IPv4,voip,113.5,43.2,95.7,0.17,179.2,Weak,7.8
TRN02028,Transport,AES-256-GCM,modp2048(14),On,IPv6,whatsapp_msg,193.2,3.9,5.2,0.2,171.4,Strong,3.1
TRN05464,Tunnel,DES,modp8192(21),Off,IPv6,web_browsing,498.9,10.1,35.1,0.58,114.1,Medium,4.2
TRN02569,Transport,AES-256-GCM,modp3072(15),Off,IPv4,icmp,65.2,1.7,2.3,0.04,136.0,Strong,1.8
TRN08007,Transport,AES-128,modp4096(16),On,IPv6,web_browsing,527.0,21.5,0.5,0.47,171.1,Medium,6.3
TRN00065,Transport,AES-256,modp1024(2),On,IPv6,dns_query,104.6,1.5,0.5,0.11,82.3,Medium,6.3
TRN02063,Tunnel,3DES,modp2048(14),On,IPv4,dns_query,105.5,3.2,1.5,0.15,170.8,Medium,4.9
TRN05277,Transport,AES-256-GCM,modp4096(16),On,IPv4,voip,104.4,38.9,0.5,0.14,179.4,Strong,2.0
TRN07209,Transport,AES-256-GCM,modp3072(15),Off,IPv6,dns_query,80.1,4.6,0.5,0.1,92.7,Strong,0.9
TRN08685,Transport,AES-128,modp1024(2),On,IPv4,icmp,59.6,2.2,3.9,0.08,198.2,Weak,7.5
TRN08572,Transport,3DES,modp768(1),Off,IPv4,email,490.8,7.9,18.9,0.2,161.6,Weak,9.8
TRN06332,Transport,AES-128,modp768(1),On,IPv6,voip,152.9,37.6,350.8,0.21,195.3,Weak,9.1
TRN04860,Tunnel,DES,modp8192(21),Off,IPv4,icmp,66.5,1.9,5.7,0.05,117.9,Medium,4.0
TRN04888,Tunnel,AES-256-GCM,modp4096(16),Off,IPv4,icmp,53.7,1.7,0.5,0.05,162.6,Strong,1.4
TRN00879,Tunnel,3DES,modp6144(17),On,IPv4,voip,115.3,55.9,37.9,0.28,107.6,Medium,4.7
TRN08530,Tunnel,3DES,modp1024(2),Off,IPv4,video_streaming,1176.8,81.1,624.5,0.69,252.4,Weak,7.6
TRN07917,Transport,AES-256-GCM,modp6144(17),On,IPv4,email,300.2,3.7,4.4,0.33,146.2,Strong,0.7
TRN06864,Transport,AES-192,modp1024(2),On,IPv4,icmp,64.5,2.1,0.5,0.05,201.5,Medium,5.8
TRN07893,Transport,AES-256-GCM,modp6144(17),Off,IPv4,whatsapp_msg,214.0,7.9,3.2,0.4,148.3,Strong,2.4
TRN06440,Tunnel,DES,modp1024(2),Off,IPv6,web_browsing,194.7,12.7,2.8,0.47,151.7,Weak,8.9
TRN07870,Transport,AES-128,modp1024(2),On,IPv4,file_transfer,1306.2,114.5,0.5,0.68,139.0,Weak,6.9
TRN01017,Transport,AES-128,modp1024(2),Off,IPv6,icmp,65.9,2.0,6.3,0.04,178.3,Weak,9.1
TRN07630,Tunnel,AES-256-GCM,modp2048(14),Off,IPv6,whatsapp_msg,180.5,5.6,0.5,0.34,100.3,Medium,4.3
TRN00996,Tunnel,3DES,modp768(1),On,IPv6,voip,154.6,41.1,0.5,0.19,63.6,Weak,6.7
TRN04298,Transport,3DES,modp1536(5),Off,IPv4,video_streaming,1359.5,91.6,583.5,0.56,111.4,Weak,6.8
TRN00162,Transport,AES-256,modp2048(14),On,IPv6,whatsapp_msg,133.8,6.4,6.0,0.33,110.7,Medium,5.8
TRN05676,Transport,AES-256-GCM,modp768(1),On,IPv4,whatsapp_msg,239.0,6.5,12.3,0.25,191.2,Medium,4.9
TRN06874,Tunnel,AES-256,modp1536(5),Off,IPv6,icmp,68.4,0.7,0.5,0.08,193.1,Medium,6.5
TRN07990,Tunnel,AES-256,modp768(1),On,IPv6,web_browsing,366.5,16.1,0.5,0.61,150.1,Medium,4.5
TRN03844,Tunnel,AES-128,modp1536(5),Off,IPv6,dns_query,87.2,2.3,0.5,0.1,219.2,Weak,10.0
TRN01022,Tunnel,3DES,modp2048(14),Off,IPv6,web_browsing,502.1,22.5,0.5,0.29,129.6,Weak,6.8
TRN03074,Tunnel,AES-256,modp8192(21),Off,IPv6,web_browsing,369.0,19.6,2.6,0.74,115.2,Strong,0.6
TRN07556,Transport,AES-192,modp1536(5),Off,IPv4,web_browsing,592.5,28.2,44.2,0.13,74.4,Medium,5.7
TRN03944,Transport,AES-128,modp6144(17),On,IPv4,video_streaming,1246.4,84.2,0.5,0.44,165.9,Strong,2.1
TRN01586,Transport,AES-256,modp1024(2),Off,IPv6,file_transfer,1374.0,98.4,111.0,0.79,199.8,Weak,9.9
TRN03153,Transport,AES-256,modp2048(14),Off,IPv4,icmp,49.1,1.9,10.4,0.06,158.5,Medium,6.1
TRN08227,Tunnel,AES-192,modp1536(5),Off,IPv4,file_transfer,1366.2,124.8,0.5,0.8,218.8,Weak,6.9
TRN00776,Tunnel,AES-256-GCM,modp6144(17),On,IPv6,video_streaming,1308.6,102.9,0.5,0.49,129.4,Strong,1.3
TRN07100,Transport,AES-256-GCM,modp4096(16),On,IPv4,voip,131.6,50.3,0.5,0.16,243.8,Strong,2.5
TRN05487,Transport,AES-128,modp1536(5),On,IPv4,file_transfer,1394.2,127.6,185.9,0.75,184.8,Medium,2.4
TRN06236,Transport,AES-128,modp2048(14),On,IPv6,file_transfer,1375.3,129.9,310.9,0.74,73.5,Medium,5.0
TRN07042,Tunnel,AES-128,modp3072(15),Off,IPv4,web_browsing,306.1,7.7,0.5,0.6,127.1,Medium,4.6
TRN02613,Tunnel,3DES,modp1536(5),Off,IPv6,whatsapp_msg,139.5,4.2,0.5,0.29,172.0,Weak,7.5
TRN07514,Transport,AES-192,modp4096(16),On,IPv4,voip,170.9,48.1,513.8,0.28,104.0,Strong,0.4
TRN08434,Tunnel,AES-256,modp8192(21),On,IPv6,dns_query,49.9,1.3,0.5,0.09,147.5,Strong,1.9
TRN08793,Tunnel,AES-128,modp1024(2),On,IPv4,whatsapp_msg,111.2,6.2,16.7,0.18,152.6,Weak,8.9
TRN05394,Transport,AES-256,modp3072(15),Off,IPv6,email,790.9,8.4,0.5,0.42,142.9,Medium,4.8
TRN08839,Transport,AES-256,modp2048(14),On,IPv6,whatsapp_msg,150.3,4.6,8.4,0.18,126.2,Strong,0.3
TRN03891,Transport,DES,modp1536(5),Off,IPv4,dns_query,72.9,2.2,0.5,0.11,151.6,Weak,8.6
TRN03557,Tunnel,AES-128,modp3072(15),On,IPv6,voip,172.8,45.1,0.5,0.15,167.6,Medium,4.2
TRN01529,Transport,AES-128,modp8192(21),On,IPv6,video_streaming,1198.9,106.3,482.8,0.69,97.1,Strong,1.4
TRN01268,Tunnel,AES-256,modp6144(17),Off,IPv4,email,699.8,11.6,10.4,0.34,221.4,Strong,0.5
TRN07735,Tunnel,AES-256,modp3072(15),On,IPv4,voip,125.4,59.5,283.2,0.25,213.7,Strong,2.6
TRN01900,Tunnel,AES-256,modp3072(15),Off,IPv4,file_transfer,1461.9,123.3,82.2,0.71,141.5,Strong,0.5
TRN04659,Transport,AES-256,modp6144(17),Off,IPv6,voip,145.0,45.4,0.5,0.3,130.4,Strong,1.7
TRN03006,Tunnel,AES-192,modp6144(17),Off,IPv6,dns_query,59.2,4.8,0.9,0.04,170.2,Strong,1.1
TRN02735,Tunnel,AES-128,modp6144(17),Off,IPv6,email,762.8,11.7,12.3,0.49,116.8,Medium,5.5
TRN00190,Transport,3DES,modp8192(21),On,IPv6,dns_query,76.9,2.4,0.5,0.12,154.0,Strong,0.5
TRN02748,Transport,AES-256-GCM,modp3072(15),On,IPv4,icmp,62.0,1.7,1.5,0.05,184.9,Strong,1.7
TRN02048,Transport,AES-128,modp3072(15),Off,IPv6,video_streaming,1223.5,107.3,387.1,0.58,96.6,Medium,6.1
TRN07850,Transport,DES,modp2048(14),On,IPv6,file_transfer,1404.4,117.6,77.1,0.82,146.9,Weak,8.3
TRN02559,Tunnel,AES-192,modp768(1),On,IPv4,web_browsing,400.9,18.8,46.3,0.51,111.3,Weak,9.5
TRN08667,Tunnel,AES-128,modp768(1),On,IPv6,voip,138.0,42.2,27.7,0.25,190.6,Weak,7.7
TRN06397,Transport,AES-128,modp8192(21),On,IPv4,icmp,68.5,1.7,0.5,0.05,86.9,Strong,2.5
TRN03386,Tunnel,AES-128,modp3072(15),Off,IPv4,file_transfer,1385.0,122.1,0.5,0.72,155.8,Medium,6.5
TRN04556,Transport,AES-128,modp768(1),Off,IPv6,email,471.9,10.1,5.2,0.2,103.8,Weak,7.3
TRN01185,Transport,3DES,modp1024(2),Off,IPv4,web_browsing,274.9,13.0,7.2,0.48,164.3,Weak,8.2
TRN06421,Tunnel,AES-256-GCM,modp3072(15),On,IPv6,dns_query,89.2,4.1,3.0,0.08,159.9,Strong,2.3
TRN05052,Transport,DES,modp6144(17),Off,IPv6,voip,115.9,42.4,112.4,0.16,171.0,Medium,4.2
TRN05312,Transport,AES-192,modp8192(21),On,IPv4,email,502.7,9.1,0.5,0.42,90.7,Strong,2.5
TRN02434,Tunnel,AES-256,modp768(1),Off,IPv6,web_browsing,291.1,16.2,0.7,0.46,169.8,Weak,8.4
TRN06950,Transport,3DES,modp8192(21),Off,IPv4,web_browsing,168.5,7.5,4.0,0.34,132.0,Medium,3.0
TRN00770,Transport,AES-256-GCM,modp4096(16),Off,IPv6,file_transfer,1306.7,127.2,49.4,0.89,140.6,Strong,0.3
TRN01686,Tunnel,AES-128,modp3072(15),Off,IPv6,video_streaming,1094.1,101.6,317.7,0.51,228.7,Medium,5.3
TRN08323,Transport,DES,modp768(1),Off,IPv4,voip,133.9,47.8,0.5,0.22,205.7,Weak,7.4
TRN05579,Transport,AES-192,modp3072(15),On,IPv6,icmp,65.2,2.4,8.5,0.04,142.6,Medium,2.5
TRN04427,Tunnel,DES,modp1536(5),Off,IPv6,icmp,65.2,2.7,0.5,0.04,138.3,Weak,8.4
TRN00467,Transport,DES,modp768(1),On,IPv4,web_browsing,303.8,25.3,0.5,0.57,160.7,Weak,8.9
TRN06266,Transport,AES-128,modp1536(5),Off,IPv4,dns_query,64.8,2.2,0.7,0.1,190.6,Weak,8.9
TRN05735,Tunnel,3DES,modp3072(15),Off,IPv6,dns_query,84.0,1.4,2.5,0.11,123.6,Weak,9.2
TRN05192,Tunnel,AES-256,modp4096(16),On,IPv4,file_transfer,1328.4,89.5,62.7,0.85,208.9,Strong,0.3
TRN05391,Transport,AES-192,modp1536(5),Off,IPv4,voip,125.5,51.9,389.9,0.16,220.1,Medium,4.0
TRN00861,Tunnel,3DES,modp1024(2),Off,IPv4,whatsapp_msg,178.1,6.3,1.1,0.23,101.6,Weak,9.4
TRN07271,Transport,AES-128,modp3072(15),Off,IPv6,file_transfer,1344.9,102.7,119.4,0.83,82.7,Medium,3.3
